"","UL_nonUL","samples","AATK","ADSL","APOBEC3C","APOBEC3F","APOBEC3G","ARHGDIA","ASCL2","ASPSCR1","ATF4","ATHL1","AZI1","BAHCC1","BAIAP2","BET1L","BIRC5","C11orf21","C17orf101","C1QTNF1","CANT1","CARD10","CARD14","CBX2","CBX7","CCDC57","CD7","CD81","CDC42EP1","CDHR5","CEND1","CHMP6","CSNK1D","CSNK1E","CTSD","CYTH1","CYTH4","DCXR","DDX17","DEAF1","DMC1","DNAH17","DNAL4","DRD4","DUS1L","EIF3L","EIF4A3","ENGASE","EPS8L2","FASN","FN3K","FN3KRP","FOXK2","FSCN2","GAA","GALR3","GCGR","GNS","GRAP2","GRIP1","GTPBP1","H1F0","HGS","HMGA2","HRAS","IFITM3","IGF2.AS","INS","IRAK3","IRF7","JOSD1","KDELR3","LEMD3","LGALS1","LGALS2","LLPH","MAFG","MFNG","MGAT3","MICALL1","MKL1","MRPL12","MRPL23","NOL12","NPLOC4","NPTX1","NPTXR","PDE6G","PICK1","PKP3","PLA2G6","PNPLA2","POLR2F","POLR2L","PSMD13","PYCR1","RAB40B","RAC2","RAC3","RASSF7","RFNG","RNH1","RPL3","RPLP2","SCT","SECTM1","SGSM3","SIGIRR","SIRT3","SIRT7","SLC16A8","SLC25A10","SLC25A22","SLC38A10","SMCR7L","SOCS3","SOX10","SYNGR1","TAB1","TALDO1","TBCD","TH","TMC6","TMEM184B","TMEM80","TNNI2","TNRC6B","TOMM22","TRIOBP","TSSC4","WDR45L","ZNF750"
"gsm1667144","nonUL","GSE68295",6.32,9.84,9.59,8.2,8.96,9.39,7.43,7.6,14.96,6.21,10.63,7.55,8.39,8.69,5.69,3.92,10.82,8.06,7.7,12.13,4.16,3.5,13.49,6.17,5.3,15.66,9.52,2.67,8.12,9.71,12.76,14.19,9.86,11.42,7.86,9.72,9.87,11.05,3.39,3.55,7.43,16.39,9.46,14.12,11,7.43,8.32,5.88,4.37,11.53,10.32,4.55,13.29,14.48,3.12,7.13,3.22,2.74,10.77,11.31,12.44,2.88,9.03,15.26,6.29,5.21,7.04,9.29,11.14,7.94,10.83,17.09,8.97,9.84,11.63,10.66,9.04,8.55,10.68,9.49,10.49,8.01,9.51,4.15,8.11,2.56,6.3,9.19,8.13,8.85,12.45,12.74,11.09,10.08,8.99,9.8,4.89,7.15,8.78,14.63,16.9,17.16,4.57,9.05,10.82,11.03,9.5,9.16,6.18,5.78,9.5,12.11,10.12,8.7,2.99,9.03,9.39,13,11.3,5.71,6.31,14.18,11.07,6.01,9.44,11.38,10.96,11.01,13.17,3.19
"gsm1667145","nonUL","GSE68295",6.69,10.98,10.27,9,4.35,10.09,6.87,7.18,15.67,7.6,10.02,8.88,7.98,8.31,5.67,2.51,10.75,7.14,6.7,11.26,5.44,4.67,13.66,7.36,7.05,4.92,9.23,3.15,7.56,9.24,13.03,12.06,8.82,11.63,8.11,3.74,11.3,10.03,4.1,3.34,7.2,15.25,9.28,14.11,2.51,8.1,7.33,2.83,5.33,11.76,9.33,5.1,12.24,12.82,6.92,7.65,4.04,6.38,10.84,2.51,11.96,2.85,8.46,15.74,7.79,7.04,4.12,9.48,11.97,7.73,11.61,17.15,5.27,10.85,12.57,9.54,6.52,7.76,10.81,8.6,6.71,7.8,9.85,5.14,6.96,3.63,5.03,7.85,8.04,8.91,12.32,13.64,10.99,9.53,10.13,9.98,5.05,6.71,9.56,14.15,16.41,17.41,5.34,11.03,10.54,11.64,9.74,8.36,6.52,2.51,8.67,11.83,9.52,11.67,4,8.95,6.2,12.27,7.48,4.73,7.45,13.99,11.2,5.69,10.21,11.33,9.97,10.71,13.8,3.04
"gsm1667146","nonUL","GSE68295",6.02,9.07,10.26,8.52,7.95,9.82,7.76,6.72,15.44,7.73,10.08,8.74,7.83,7.83,6.12,2.56,10.46,6.42,5.45,10.94,5.14,3.26,13.09,6.61,5.6,15.71,9.41,2.56,7.93,9.05,11.7,14.46,8.29,11.29,5.94,11.23,11.14,10.86,4.32,4.79,6.8,15.31,9.12,13.49,9.92,8.55,6.96,2.81,6.53,11.67,9.24,4.25,13.5,12.62,3.9,8.04,3.76,3.51,10.85,10.87,12.12,2.71,8.72,15.78,7.74,5.14,7.22,9.35,10.83,7.19,11.63,17.11,8.91,9.82,11.91,10.03,8.9,7.03,10.49,10.56,11.08,6.6,9.39,3,7.11,4.19,4.49,7.04,9.28,9.11,12.4,13.73,10.52,9.37,9.78,9.3,3.5,8.33,10.13,13.75,16.24,17.12,5.7,9.45,10.4,11.85,9.08,7.96,7.12,3.14,8.96,11.88,10.02,7.57,2.87,8.65,6.39,12.81,10.72,6.89,6.46,13.53,10.91,9.81,10.83,10.05,9.66,10.82,13.71,3.23
"gsm336252","nonUL","GSE13319",5.63,8.54,7.36,4.95,5.52,7.54,2.8,6.17,11.66,6.02,4.61,4.75,5.08,6.29,3.17,4.36,7,5.86,6.64,5.42,2.58,3.44,9.26,3.44,3.69,12.4,6.76,0.55,4.67,6.63,8.32,5.69,7.33,6.07,5.06,8.67,9.91,5.43,3.07,2.84,5.79,0.26,7.58,11.67,9.56,7,4.58,4.95,0.49,8.31,6.07,2.43,7.7,2.58,4.55,9.32,1.32,0,6.1,9.6,7,2.26,7.75,12.48,2.07,-0.15,5.58,6.47,8.32,7.66,8.47,12.91,5.58,6.87,6.54,5.07,4.17,8.23,5.71,6.22,7.17,5.91,7.73,4.25,4.49,2.17,5.1,3.96,5.79,7.23,7.68,9.95,8.05,5.79,6.38,6.01,1.38,4.88,7.06,9.73,12.84,5.8,0.58,6.18,6.56,7.79,6.12,6.48,4.67,3.29,5.8,6.05,6.51,8.55,2.09,6.44,5.32,9.49,5.79,2.66,5.32,7.43,7.36,1.07,6.35,7.52,8.19,6.53,9.44,0
"gsm336253","nonUL","GSE13319",5.95,8.58,5.84,5.28,6.3,7.5,3.77,5.71,11.51,6.15,4.89,3.83,4.8,6.01,4.02,4.37,6.72,5.33,6.69,6.09,2.14,4.79,9.57,4.76,3.34,12.31,6.12,-0.1,1.07,6.07,7.89,5.7,7.24,5.69,5.34,6.98,10.27,5.41,3.35,3.32,5.86,0.26,7.67,12.23,9.4,7.37,4.38,4.95,2.72,8.2,5.98,2.26,7.74,3.6,3.25,8.98,1.77,3.74,5.66,9.81,6.89,2.42,7.15,12.38,2.46,0.14,5.27,5.86,8.29,6.57,8.83,13.12,4.31,6.92,6.64,5.14,4.59,7.98,5.36,6.23,6.97,5.72,7.34,4.45,5.07,2.35,4.77,4.33,6.2,6.97,7.78,9.65,7.97,5.33,6.64,6.39,0.68,6.02,7.14,8.87,13.18,6.6,0.26,6.01,6.75,7.29,6.35,6.45,1.93,4.29,5.56,5.63,6.89,4.55,3.41,6.63,5.4,9.39,6,0,5.65,7.41,7.19,0.93,7.31,6.92,8.4,6.21,9.37,2.1
"gsm336254","nonUL","GSE13319",5.88,8.2,6.88,5.13,5.03,6.88,2.32,5.64,11.69,6,4.13,2.9,5.29,5.91,2.87,4.13,6.43,5.78,6.45,5.45,2.47,4.14,9.62,3.87,2.47,12.34,5.6,2.09,4.78,6.03,7.94,5.43,6.96,5.75,4.81,7.22,10.08,6.19,3.72,3.74,5.24,0.14,7,11.94,9.4,6.88,4.95,5.01,0.93,7.9,6.13,0.77,7.6,3.42,2.61,9.38,1.93,3.92,5.16,8.92,6.75,2.23,7.25,12.36,2.17,0.14,5.33,6.25,7.74,7.46,8.17,12.79,4.61,6.83,6.35,5.26,4.51,7.98,5.62,5.46,7.04,5.62,7.07,4.07,4.56,2.68,4.87,3.99,6.26,7.23,7.93,9.42,7.8,6.04,6.18,5.77,0.77,5.56,7.08,8.62,12.92,4.67,1.32,6.51,6.34,7.13,6.13,6.1,4.52,3.8,5.07,5.54,6.55,7.03,2.66,6.49,5.41,9.11,5.75,3.22,5.37,7.49,6.81,0.85,7.03,7.32,7.87,5.75,9.6,-1.74
"gsm336255","nonUL","GSE13319",5.33,8.47,6.45,5.37,6.12,7.36,0.58,5.86,11.45,6.22,5.1,5,5.08,6.37,3.01,3.69,6.89,6.25,6.58,6.2,2.73,4.51,9.64,4.84,4.22,12.42,6.65,1.34,2.83,5.97,7.87,5.91,7.45,5.84,5.33,7.42,10.27,6.2,3.38,2.71,5.77,0.58,7.94,12.35,9.32,7.74,5.14,4.89,2.43,7.94,6.32,1.68,7.83,4.51,3.28,9.07,1.07,3.34,5.79,8.73,7.48,3.06,7.18,12.43,2.04,1,5.58,6.78,8.24,6.48,8.51,13.09,4.57,6.67,6.66,5.44,4.54,7.55,5.81,5.96,6.87,5.82,7.65,4.45,4.85,2.98,6.03,4.69,6.32,7.5,7.66,9.71,7.86,5.17,6.65,6.49,1.72,6.2,6.96,8.47,13.21,6.14,0.93,6.28,6.54,7.4,6.31,6.96,3.64,4.15,5.93,5.68,6.87,5.85,3.93,6.33,5.37,9.25,6.22,1.26,5.52,7.81,7.28,1.68,7.3,7.08,8.18,6.47,8.94,-1
"gsm336256","nonUL","GSE13319",5.96,8.65,6.93,4.2,5.59,7.56,0.26,6.42,11.77,7.1,5.39,5.05,5.9,6.28,3.89,3.52,7.11,5.88,6.89,6.62,2.22,3.96,9.51,3.98,3.77,12.58,6.78,1.69,4.56,6.22,8.27,6.29,7.44,5.97,5.01,7.69,10.23,6.7,2.41,2.75,5.82,0.14,8.07,12.19,9.42,7.42,4.73,4.77,-0.32,8.3,5.93,3.31,8.29,3.49,3.91,8.91,1.49,2.6,5.87,9.32,7.54,2.88,7.8,12.75,2.89,0.26,5.54,7.13,8.78,6.82,8.06,13.35,5.01,6.91,6.75,5.87,4.67,8.05,5.63,6.06,7.1,6.29,7.77,2.72,4.64,2.14,6.19,4.08,6.42,6.55,7.56,10.08,8.25,5.89,6.59,6.53,1.38,6.05,7.51,8.95,13.33,4.53,0.38,6.34,7.04,7.87,6.21,6.92,1.85,4.76,5.33,5.99,6.5,4.7,3.19,6.46,5.82,9.51,6.78,2.58,6.01,7.96,7.01,1,6.3,7.31,8.38,7.23,9.27,1.14
"gsm336257","nonUL","GSE13319",7.01,8.6,6.38,4.95,5.8,7.74,1.94,5.3,12.02,7.27,6.48,5.15,5.07,6.14,5.02,5,6.9,5.78,6.61,6.03,3.71,5.1,9.16,4.94,5.17,12.43,6.34,3.94,5.92,6.95,8.25,6.02,6.9,6.31,6.1,7.72,10.22,6.03,4.51,5.01,6.06,2.17,7.84,12.08,9,7.71,5.45,6.07,4.37,7.9,6.42,1.32,7.91,5.71,4.95,8.78,2.26,3.13,5.93,9.67,6.78,4.58,8.08,12.55,4.47,1.93,5.5,6.04,8.69,7.73,8.58,13.43,5.28,6.52,6.84,5.37,4.99,8.64,6.06,6.43,7.34,6,7.94,5.01,5.04,3.5,4.64,3.31,6.5,7.38,7.52,9.89,8.26,6.57,6.31,6.56,2.56,6.33,7.4,9.17,13.18,6.02,2.07,6.95,6.86,8.07,6.47,6.57,3.38,4.1,6.16,5.89,6.98,8.33,4.28,6.69,5.22,9.71,6.71,3,5.45,7.83,7.03,3.25,7.12,6.73,8.45,5.88,9.37,1.07
"gsm336258","nonUL","GSE13319",6.38,8.65,7.06,4.68,6.06,7.6,2.38,6.74,11.65,6.39,5.49,4.58,5.63,6.35,3.9,4.63,7.06,5.85,7.26,7.26,2.83,4.35,9.9,3.44,3.04,12.4,6.57,0.42,4.47,6.58,8.16,6.32,7.73,5.54,5.08,7.47,10.16,6.14,3.22,2.55,6.42,3.04,7.83,12.31,9.4,7.87,4.82,5.05,0.77,8.17,5.83,4.24,8.4,3.7,4.22,9.34,0.38,3.7,5.93,9.6,7.56,3.15,7.34,12.32,2.29,-0.51,5.88,6.93,8.56,6.45,8.4,12.85,5.13,6.78,6.86,5.73,4.36,7.65,5.28,6.5,7.18,5.93,7.63,1.38,4.81,2.58,5.58,4,6.61,7.15,7.78,10.09,8.23,5.36,6.78,6.73,1.63,5.75,7.43,9.31,12.95,3.79,1.26,6.9,6.35,7.63,6.27,7.09,3.71,4.3,5.86,6.26,6.47,6.75,4.38,6.99,4.97,9.47,6.66,2.85,5.72,7.14,6.74,1.43,6.84,7.12,8.22,7.07,9.63,-0.32
"gsm336259","nonUL","GSE13319",5.88,8.91,8.43,5.17,5.21,8.39,3.36,6.68,11.97,5.14,5.24,3.94,5.58,6.76,3.5,4.51,7.31,6.13,7.57,6.05,2.36,4.55,9.3,3.9,3.95,12.84,8.02,0.42,2.23,6.97,8.66,5.88,7.78,6.06,5.38,7.62,10.07,6.5,3.83,3.52,5.8,0.38,8.11,12.29,9.3,7.48,4.97,5.66,0.68,8.61,6.31,4.06,8.24,4.55,4.46,9.1,1.14,2.85,6.24,10.31,7.95,2.6,7.82,12.69,0.68,0.93,5.11,7.23,8.55,7.28,8.23,13.09,4.89,6.75,6.43,6.04,4.14,8.89,5.97,6.51,7.31,6.53,8.13,3.05,5.57,2.91,5.5,4.2,6.75,8.23,7.44,10.45,8.26,6.2,6.78,6.71,3.04,6.57,7.82,10,13.03,4.4,2.04,6.61,6.88,8.18,6.27,7.03,2.04,4.34,6.2,6.39,6.66,5.13,4.39,6.59,5.42,9.98,6.46,1,5.88,7.27,7.34,0.85,5.72,7.63,8.46,7.6,9.62,-1.74
"gsm336260","nonUL","GSE13319",5.19,8.38,6.42,4.88,5.19,6.74,3,5.42,11.26,4.69,4.87,4.5,4.59,6.19,3.64,4.49,6.72,5.2,7.18,5.23,2.75,4.33,9.41,3.76,3.44,12.22,6.22,0.85,2.58,5.75,8.27,4.91,5.64,5.62,4.47,6.9,10.58,5.9,3.78,3.78,6,-0.32,7.26,11.87,9.38,7,4.04,5.54,2,8.13,6.25,0.38,6.98,2.85,1.14,9.21,1.38,3.6,5.68,10.65,6.67,3.05,6.19,12.23,1.58,-0.74,4.57,5.96,8.58,6.85,9.18,12.98,3.41,6.93,6.33,4.54,4.28,7.42,5.52,5.2,6.4,5.52,7.08,4.16,4.85,2.51,4.99,4.04,6.17,7.19,7.43,8.8,7.39,5.31,6.94,6.35,0.26,6.16,6.41,7.94,13.08,6.55,0,6.08,6.08,6.85,6.22,6.13,1.26,3.43,4.49,5.51,6.61,5.91,1.46,6.27,5.17,8.95,5.74,-0.74,4.86,7.39,6.86,1.38,6.58,6.73,8.35,4.14,9.78,0.77
"gsm336261","nonUL","GSE13319",5.66,8.64,8.13,5.28,5.69,7.83,3.53,6.32,11.97,4.71,5.21,4.23,5.51,6.36,3.28,4.49,7.36,5.58,7.24,6.04,2.4,4.28,9.47,4.19,3.42,12.72,6.99,0.79,4.22,6.92,8.66,5.53,7.36,5.39,5.2,7.75,10.15,6.31,3.47,2.74,5.97,0.85,7.9,12.55,9.24,7.39,5.08,5.43,1.07,8.44,6.21,1.43,7.97,1.58,3.6,9.24,3.49,3.12,6.09,10.48,7.62,2.33,7.88,12.88,1.72,1,4.87,7.05,8.77,7.16,8.3,13.3,5.66,6.89,6.84,5.42,4.17,8.78,6.07,6.61,7.16,6.23,8.12,2.49,5.4,2.85,5.98,4.4,6.2,7.47,7.65,10.38,8.17,6.26,6.62,6.39,1.77,6.1,7.5,9.92,13.17,5.09,0.68,6.83,6.75,8.12,5.75,6.55,1.58,4.51,6.1,6.15,6.59,5.01,4.01,6.6,5.78,9.91,6.47,3.73,5.29,7.5,7.14,0.93,6.17,7.49,8.81,7.3,9.74,2.38
"gsm336262","nonUL","GSE13319",5.24,9.05,7.55,4.83,5.98,7.32,4.1,6.52,11.72,5.21,5.8,4.32,5.45,6.44,3.58,4.4,7.32,5.78,6.94,6.73,2.47,4.39,9.88,4.17,2.19,12.41,6.77,1.38,4.78,6.89,8.12,6.2,7.58,5.5,5.49,7.88,10.23,6.22,3.43,3.36,6.29,2.43,8.13,12.76,9.53,8.17,4.46,5.34,2.1,8.2,5.89,3.15,8.16,3.6,2.79,9.17,3.28,3.22,6.16,10.29,7.78,3.04,7.51,12.58,1.38,-0.74,5.45,7.44,8.53,6.35,8.38,12.97,3.74,6.73,6.57,5.71,4.5,7.3,5.43,6.23,7.22,6.53,7.96,3.96,5,2.17,6.4,4.23,6.85,7.45,7.44,10.1,8.26,5.05,6.55,6.33,1.63,6.53,7.44,9.48,13.14,4.62,0.85,6.62,6.63,7.9,6.65,6.95,2.17,4.12,5.53,6.04,6.48,4.31,4.17,6.78,5.57,9.75,6.9,3.39,5.66,7.5,7.36,1.38,6.64,7.39,8.67,7.15,9.52,0.26
"gsm336263","nonUL","GSE13319",5.74,8.42,7.15,4.29,5.63,7.11,3.54,5.92,11.47,4.24,5.48,4.75,4.94,6.6,2.39,4.61,6.84,5.06,6.67,5.61,2.54,4.46,9.84,4.48,2.49,12.25,6.52,0.95,3,6.59,7.98,5.82,7.37,5.83,4.71,7.46,10.21,6.47,3.63,1.04,5.9,1.07,7.74,12.12,9.44,7.83,4.14,5.61,0,8.22,6.27,2.68,8.07,3.95,1.77,9.07,0.49,3.89,6.08,10.04,7.42,2.53,7.18,12.17,2.07,0.77,5.27,6.59,8.29,5.94,8.49,12.64,4.78,6.97,6.41,5.58,3.94,6.67,5.37,5.92,6.89,6.06,7.41,4.25,4.73,2.54,5.94,4.13,6.89,7.18,8.05,9.24,7.94,5.27,6.32,5.58,1,6.13,7.17,9,12.94,5.76,0.77,5.48,6.69,7.53,6.32,6.96,4.04,3.74,5.16,5.45,6.54,6.87,1.61,6.38,5.68,9.32,6.62,1.07,5.55,7.18,7.04,0.49,6.83,7.51,8.16,6.84,9.23,-1.32
"gsm336264","nonUL","GSE13319",5.72,8.6,7.72,3.92,5.51,7.07,3.79,6.56,11.43,5.45,5.93,4.67,5.21,6.42,2.81,4.18,7.19,5.98,6.94,6.59,2.73,4.32,9.75,4.08,3.68,12.44,6.18,0.68,4.41,6.03,7.87,6.2,7.56,5.84,5.27,8.05,10.31,5.59,3.1,2.69,6.18,0,7.86,12.56,9.2,7.88,4.95,5.16,2.35,8.26,5.83,2.98,7.99,2,2.89,9.06,3.75,3.73,5.88,9.66,7.62,3.07,7.47,12.58,2.32,0.93,5.79,7.31,8.51,6.47,8.41,12.93,4.39,6.76,6.76,5.93,3.29,7.08,5.49,5.7,6.75,5.95,7.68,1.89,4.38,2.07,6.07,3.59,6.22,6.89,7.58,10.02,8.04,5.63,6.38,5.91,0.68,6.4,7.48,9.43,12.97,5.07,0.38,6.26,6.04,7.46,6.39,6.84,2.51,4.64,5.1,6.05,6.74,7.6,4.22,6.72,5.63,9.65,6.62,2.89,5.53,6.84,7.12,0.85,7.52,7.32,8.32,6.68,8.87,1.38
"gsm336265","nonUL","GSE13319",5.62,8.64,7.34,5.1,5.56,7.18,0.43,6,11.3,5.39,4.11,3.96,5.02,6.2,4.75,4.57,6.65,4.81,6.55,5.91,2.54,4.31,9.39,4.08,4.06,12.31,6.27,1.72,4.29,6.6,7.8,5.72,6.73,6.06,5.01,7.6,10.24,6.67,3.87,3.52,6.43,0.26,7.89,12.3,9.43,7.61,4.97,5.82,2.72,8.44,6.12,1.07,8,4.67,3,8.72,3.9,2.72,5.6,9.39,6.91,3.19,7.16,12.18,2.29,1.2,5.07,6.4,8.13,7.54,8.51,13,6.54,6.61,6.17,5.14,4.3,7.36,5.29,6.5,7.54,6.38,7.92,1.77,5.15,1.81,5.82,4.3,6.18,7.01,8.28,9.47,8.07,6.6,6.41,6.24,1.49,6.47,7.04,8.8,13.25,5.89,1.07,5.71,6.75,7.65,6.22,6.78,4.18,3.88,5.81,5.84,6.69,6.25,1.98,6.38,6,9.73,6.08,4.06,5.57,7.09,6.95,0.58,6.93,7.62,7.91,6.21,9.24,1.49
"gsm336266","nonUL","GSE13319",5.57,8.72,7.82,4.76,5.62,7.84,1.32,5.88,11.53,5.06,4.31,3.62,5.21,6.36,3.6,3.5,6.58,6.52,6.5,5.41,3.29,4.69,9.26,3.38,3.98,12.32,6.59,1.2,4.1,6.43,7.98,6.35,7.24,6.13,5.03,8.08,10.12,6.3,3.03,2.64,6.13,0.77,7.7,12.28,9.26,7.22,3.63,5.28,2.2,8.61,6.32,2.81,8.21,3.87,3.02,8.82,1.85,3.54,6.26,8.49,7.14,2.25,7.56,12.75,2.2,0.26,5.48,6.52,8.76,7.13,8.68,13.19,5.04,6.42,6.79,5.05,3.75,7.97,5.38,6.05,7.13,5.71,7.89,3.84,5.15,2.17,5.31,4.99,6.38,7.92,7.7,9.44,7.97,6.1,6.18,5.76,1.54,5.77,7.17,9.07,13.23,4.84,1,5.89,6.65,7.6,6.44,6.67,2.79,2.72,5.86,5.89,6.72,6.18,2.29,6.81,5.63,9.4,6.32,1.14,5.8,7.74,7.18,1,6.69,7.77,8.13,6.31,9.61,1.07
"gsm336267","nonUL","GSE13319",5.63,8.81,6.33,5.1,5.99,6.98,3.92,5.43,11.22,6.56,5.51,4.59,4.56,6.69,3.39,4.27,6.6,5.09,6.55,5.51,2.33,4.54,9.76,4.34,3.58,11.92,5.73,0.38,3.8,6.17,7.98,6.06,6.99,6.13,4.66,7.62,10.22,6.03,4.1,3.09,6.24,0.58,7.3,12.29,9.66,7.3,3.73,5.34,0.49,8.97,6.29,1.2,7.97,3.51,2,9.37,1.32,3.45,5.41,10.47,6.98,2.91,6.62,11.7,2.07,-0.15,5.54,5.89,7.95,6.58,8.94,12.42,1.63,6.77,6.19,5.11,4.1,6.37,4.52,5.99,6.63,5.57,7.61,4.19,5.01,1.72,6.11,4.03,6.6,7.23,7.84,8.8,7.74,5.41,6.49,6.53,1.38,5.86,6.75,8.66,13.04,5.07,0.26,6.26,6.11,7.35,6.45,7.13,2.17,5,4.94,5.6,6.71,5.76,3.61,6.69,5.63,9.19,6.27,0,5.19,7.21,7.23,1.2,6.9,7.35,7.9,6.6,9.35,3
"gsm336268","nonUL","GSE13319",5.67,8.66,7.08,5.7,5.42,7.86,1.63,6.29,11.61,5.94,5.66,5,6.05,6.62,4.07,2.85,6.37,6.53,6.71,5.68,3.32,4.62,9.59,4.35,4.36,12.54,7.94,1.74,5.59,6.71,8.26,5.8,7.68,5.94,5.58,7.68,10.07,6.44,3.88,3.7,5.83,1.07,7.68,12.18,9.24,7.4,4.66,6.11,1.54,8.99,6.4,1.96,7.85,3.35,5.39,9.21,1.72,3.08,6.16,10.03,7.68,3.67,7.6,12.36,3.23,2.77,5.64,6.77,8.51,7.06,8.23,13.08,4.97,6.91,6.94,5.8,5.48,7.96,5.72,6.01,7.3,5.93,7.79,3.47,5.69,3.47,5.09,3.77,6.79,7.39,7.31,9.93,7.85,6.27,6.93,6.04,1.68,6.22,7.7,9.06,13.04,4.59,1.43,5.67,6.57,7.8,6.16,7.01,4.09,5.44,6.31,6.06,6.6,4.93,4.27,6.81,6.19,9.34,6.39,1.81,5.32,7.94,7.29,2.17,6.33,7.52,8.05,6.72,9.21,-0.15
"gsm336269","nonUL","GSE13319",5.76,8.52,7.61,4.79,5.98,7.78,1.94,5.89,11.54,6.48,5.45,4.78,5.06,6.36,4.38,4.39,6.89,5.46,6.99,6.11,2.24,4.39,9.14,4.36,3.29,12.51,6.33,1.28,5.53,6.77,8.39,4.99,6.99,5.5,5.33,8.84,10.31,6.2,3.37,2.28,6.05,1.38,7.92,12.3,9.34,7.54,4.52,6.15,1.32,8.31,6.29,3.96,7.68,3.36,2.68,8.76,2.17,3.24,6.15,9.79,7.53,3.29,7.4,12.68,2.07,0.77,5.04,6.25,8.48,7.34,8.61,13.25,4.56,6.68,6.5,5.51,4.8,8.44,5.81,5.75,7.07,6.06,7.77,4.96,5.52,2.1,5.65,4.49,6.61,7.36,7.85,9.5,8.03,6.48,6.48,6.18,4.82,6.85,7.35,8.87,13.36,6.5,1.14,6.03,6.84,7.6,6.59,7.17,2.17,3.38,5.97,5.42,7.01,4.18,3.47,6.78,5.77,9.58,6.44,0.38,5.83,7.51,7.35,1.07,7.44,7.06,8.25,6.8,9.45,-1.32
"gsm336270","nonUL","GSE13319",5.65,8.37,6.7,4.94,5.91,6.85,0.81,5.04,10.93,4.87,3.81,3.94,4.72,6.23,3.96,5.04,6.48,5.77,5.63,5.33,3.77,5.62,9.11,4.24,2.85,12.33,5.84,0.87,5.75,5.99,7.52,4.87,6.27,5.72,4.93,6.19,10.35,5.5,4.44,3.73,5.87,0.14,7.19,11.6,9.58,7.32,3.18,5.7,0.85,8.37,5.97,2,7.58,3.41,0.85,9,1.26,4.3,4.93,9.36,6.61,3.96,6.08,11.85,2.81,0.49,5.62,5.5,7.67,7.23,8.37,12.8,4.83,6.75,5.89,5.24,4.5,7.88,5.31,5.32,6.17,4.93,7.24,4.46,4.6,3.61,5.52,4.89,6.57,7.52,7.2,8.81,7.2,6.07,5.8,5.8,0.77,6,6.44,8.09,12.92,6.7,0.38,5.89,6.26,6.77,6.77,6,3.04,0.85,5.94,5.14,6.82,8.97,3.99,5.76,4.4,8.81,4.95,3.32,4.7,7.26,6.54,0.49,6.98,7.12,8.15,5.64,9.55,2.49
"gsm336271","nonUL","GSE13319",5.76,8.48,7.57,3.45,5.38,6.74,-0.15,4.81,10.33,5.82,4.54,4.26,4.83,6.26,4.5,5.15,6.67,6.26,5.35,5.13,3.46,4.87,8.48,4.73,2.94,12.21,6.13,1.18,3.41,5.27,7.43,5.35,5.12,5.23,4.52,5.53,10.56,5.49,4.46,3.87,4.38,0.68,6.82,12.1,9.39,7.3,4.43,5.08,0.26,8.47,6.22,0.58,7.07,4.09,1.96,9.09,2.94,4.68,5.39,8.24,6.36,3.97,5.78,12.38,2,0.38,5.43,5.62,7.51,7.1,9.06,13.08,3.38,6.5,5.98,5.08,4.46,7.58,5.57,5.64,6.31,5.25,7.04,4.93,4.91,3.88,6.18,5.11,6.43,6.72,6.93,8.43,6.99,6.46,5.34,5.99,1.26,6.44,6.19,7.94,13.38,6.76,0.85,5.61,6.31,6.8,6.5,6.15,2.46,4.36,5.93,5.15,6.92,5.36,3.43,6,4.81,8.32,5.33,3.51,5.23,7.42,6.64,1.32,6.94,6.92,8.34,3.14,9.23,0
"gsm336272","nonUL","GSE13319",5.94,8.58,7.16,5.13,5.46,7.58,0.63,5.16,11.26,5.01,2.29,3.41,4.29,6.35,4.83,4.66,7.05,6.17,6.5,5.32,3.43,4.89,8.55,4.54,3.52,12.38,6.69,2.21,6.05,6.25,7.71,5.12,6.7,5.88,4.99,6.48,9.82,5.5,5.25,4.04,3.79,0.26,6.99,11.37,9.58,7.09,4.7,5.84,1.26,7.9,6.06,0.93,7.46,3.66,2.54,9.36,2.54,3.9,5.23,9.42,6.62,4.17,6.42,11.93,2.26,1.81,4.9,5.69,7.92,8.13,7.62,12.82,5.47,6.67,6.37,5.62,4.25,8.21,5.41,6.11,6.38,5.34,7.42,5.37,5.42,3.97,6.03,4.89,6.39,8.04,6.81,9.22,7.32,6.45,6.03,6.01,1.2,5.97,6.35,8.32,12.45,6.24,0.49,6.55,6.04,6.99,6.22,6.62,3.92,3.99,5.91,5.45,6.87,6.03,4.57,6.02,6.23,9.04,4.34,0.85,6.09,8.06,6.82,2.23,6.59,7.11,8.46,5.33,9.57,3.78
"gsm336273","nonUL","GSE13319",5.46,8.52,6.49,4.56,5.76,6.78,1.07,3.97,11.14,5.29,4.13,4.18,4.93,5.97,4.48,4.69,6.83,5.38,6.22,5.64,3.13,5.14,9.69,4.09,1.79,12.15,5.42,0.58,5.56,5.45,7.45,5.91,6.02,5.66,4.78,5.5,10.15,5.37,4.21,3.5,5.15,0.26,7.29,12.04,8.92,7.44,3.85,4.99,1.81,8.19,5.86,2.43,7.15,2.77,2.85,9.69,3.56,3.69,5.39,9.6,6.76,3.44,5.54,11.28,1.07,1.14,5.64,5.58,8.15,6.26,8.69,12.46,3.38,7.11,5.71,5.46,4.25,6.8,5.3,4.66,5.87,4.86,7.32,4.46,4.47,3.2,5.77,4.84,6.36,7.95,7,8.4,6.86,5.4,6.12,6.01,1.2,5.75,6.52,8.09,12.83,6.95,0.85,6,6.05,6.52,6.57,6.04,2.91,3.25,5.25,5.21,6.87,4.3,4.65,5.86,5.02,8.89,4.97,1.32,5.35,7.64,6.42,0.49,7.1,6.74,7.95,5.55,9.26,2.26
"gsm336274","nonUL","GSE13319",4.41,8.45,6.78,5.48,5.55,7.6,0.85,5.75,11.75,6.22,4.31,4.06,5.54,6.09,4.11,4.96,6.6,6.02,6.62,6.22,2.36,4.57,9.16,4.53,4.74,12.52,6.51,1.9,4.35,6.33,7.92,6.65,7.35,6.31,5.34,7.86,10.31,6.12,3.49,4.51,6.14,0.93,7.9,12.4,9.31,7.3,4.98,5.42,2.58,8.02,6.02,1.81,7.89,4.27,2.72,9.17,1.93,3.74,6.17,9.62,7.2,3.39,7.09,12.81,3.6,1.93,5.25,6.64,8.56,7.18,8.02,13.55,5.54,6.83,6.37,5.16,4.73,7.84,5.71,6.1,6.96,5.18,7.94,3.67,4.53,2.77,6.24,4.07,6.14,7.56,7.82,9.89,8,5.65,6.51,6.22,1.2,5.7,7.17,9.14,13.55,6.1,1.2,5.63,6.6,7.43,6.15,6.38,2.1,1.63,6.12,5.59,6.07,10.78,3.5,6.32,5.59,9.22,5.88,4.46,5.63,7.6,7.3,1.85,6.93,6.99,8.08,6.91,9.45,2.41
"gsm336275","nonUL","GSE13319",5.87,8.59,6.66,5.39,6.07,7.43,2.47,6.36,11.59,4.89,5.51,3.64,5.3,6.03,4.47,4.69,6.84,5.81,6.79,6.46,3.38,4.64,9.42,4.16,3.64,12.3,6.83,0.85,4.34,6.63,8.11,5.45,7.17,5.52,5.48,7.84,10.25,6.03,3.47,3.18,5.7,0.58,7.98,12.32,9.3,7.14,4.33,4.99,2.72,8.42,6.09,3.71,7.3,4.53,2.1,8.87,4.33,4.16,5.34,9.31,6.78,3.36,7.25,12.8,2.1,1.63,5.3,6.49,8.14,7.75,8.52,13.42,6.91,6.73,6.68,4.79,4.51,7.95,5.51,6.38,6.93,5.69,7.87,2.54,4.83,2.2,5.9,4.45,5.94,7.1,8.02,9.82,8.11,5.94,6.93,5.43,1.85,5.56,7.37,8.86,13.4,6.33,0.93,5.28,6.24,7.5,6.4,6.58,4.81,3.84,5.64,5.35,6.88,7.61,4.34,6.72,5.48,9.4,5.91,1.2,5.42,7.44,7.46,0.58,7.51,7.24,8.59,6.41,9.36,-0.32
"gsm336276","nonUL","GSE13319",6.39,8.31,6.89,5.32,6.16,7.18,3.12,6.33,11.69,6.26,5.77,5.18,5.22,6.42,3.96,4.54,6.66,5.85,6.69,6.27,3.97,4.08,9.56,4.51,3.15,12.35,6.23,0.93,3.43,5.91,7.71,6.87,7.11,5.86,5.6,7.82,10.5,5.97,3.85,3.17,5.4,1.26,8.1,12.72,9.28,7.34,5.12,5.28,3.39,8.36,6.2,1.58,7.53,4.15,1.07,8.98,2.51,3.99,6.18,9.5,7.2,2.99,7.22,12.84,1.2,2,5.42,6.69,7.8,7.05,8.3,13.55,6.09,6.54,6.2,5.73,4.82,7.6,5.6,6.07,7.3,5.67,7.94,1.96,4.97,2.07,5.99,4.47,6.57,7.49,7.98,9.89,8.17,6.26,6.5,6.45,1.07,5.96,6.92,8.89,13.68,6.19,2.26,6.14,6.68,7.63,6.41,6.64,3.81,4.98,6.34,5.63,6.67,9.92,4.15,6.6,5.89,9.37,6.17,-0.15,5.81,7.23,7.02,1.2,7.49,6.89,8.37,6.73,9.41,-0.32
"gsm336277","nonUL","GSE13319",6.27,8.74,7.39,4.97,5.85,7.29,2.67,6.65,11.75,5.78,6.14,4.83,4.99,5.99,2.71,3.94,7.16,5.38,6.69,6.92,1.32,4.2,9.95,4.32,3.91,12.34,6.68,0.38,4.02,6.76,8.44,5.58,7.29,5.65,4.78,8.03,10.15,6.24,3.08,2.19,6.1,2.1,7.94,12.32,9.45,7.82,4.04,5.3,1.14,8.53,5.44,2.61,8.03,2.17,2.7,9.13,2,2.14,5.88,8.44,7.42,2.2,7.56,12.42,3.39,1.58,5.74,6.6,8.47,7.06,8.62,13.01,7.3,6.81,6.84,5.54,4.69,8.46,5.29,6.46,7.8,6.75,8.12,-0.15,4.67,1.2,5.75,3.81,5.97,6.64,7.85,10.3,8.5,6.25,6.92,6.15,0.38,5.97,7.73,9.64,13.12,3.19,0.26,5.19,6.91,8.15,6.28,7.17,1.49,4.18,5.22,5.94,6.55,6.03,2.94,6.78,5.49,9.86,6.55,2.26,5.33,7.64,7.15,0.77,6.03,7.28,8.32,7.37,9.12,2.89
"gsm336278","nonUL","GSE13319",5.14,8.66,6.7,4.9,5.28,7.31,1.32,6.37,11.62,5.25,4.97,4.76,4.83,6.23,3.19,4.71,6.56,5.36,6.75,5.67,3,4.24,9.84,4.08,1.98,12.31,6.96,1.12,1.49,6.17,8.34,5.89,7.25,5.82,4.98,7.51,10.05,5.72,2.94,3.08,5.77,0.26,7.6,12.23,9.88,7.24,4.8,5.29,1.49,8.79,6.35,0.77,7.92,2.98,3.93,9.31,1.81,3.11,5.67,9.72,7.23,2.96,7.64,12.46,2.51,0.38,5.37,5.9,8.47,7.21,8.56,13.12,4.84,6.77,6.62,5.52,4.56,7.12,5.36,6.02,6.94,6.23,7.88,4.05,5.26,2.54,5.22,3.84,5.99,6.53,7.43,9.71,7.7,5.84,6.85,5.87,0.14,5.7,6.96,9.27,13.18,4.96,0.85,6.03,6.4,7.49,6.07,7.39,2,3.39,5.67,5.66,6.75,6.31,2.28,6.67,5.93,9.49,6.19,-1.74,5.23,6.73,6.85,1.81,7,7.65,8.13,7.09,9.31,-1
"gsm52661","nonUL","GSE2724",6.04,7.65,6.1,2.49,4.52,7.46,-1,4.75,10.35,5.24,4.66,6.56,5.4,2.38,4.86,5.65,6.15,7.23,6.97,5.35,3,2.74,8.95,3.66,2.71,11.48,6.71,1.5,5.36,5.83,6.41,2.35,7.33,5.22,5.25,6.38,9.69,5.55,5.18,4.27,4.36,2.89,7.07,11.5,8.37,7.56,5.18,5,4.06,7.17,7.1,0.68,7.69,4.72,1.26,7.45,0.85,0.58,6.02,8.51,8.11,4.61,5.86,10.85,1,-0.32,4.24,5.44,7,5.85,7.7,12.06,5.03,3.95,5.8,5.58,4.27,6.75,5.3,5.98,6.69,3.63,7.5,0.68,5.1,3.51,5.61,4.55,6.68,8.16,6.88,7.93,6.99,5.46,4.87,5.54,0.77,6.65,6.67,8.66,12.61,4.49,1.49,7.38,6.36,6.49,6.94,5.89,2.89,4.21,4.89,8.62,6.48,4.43,2.73,5.83,4.54,8.25,6.51,4.2,4.52,6.93,6.03,0.58,5.97,6.14,8.6,6.66,8.64,2.61
"gsm52662","nonUL","GSE2724",5.06,7.82,4.64,-1,4.12,6.46,-1,3.7,10.15,3.81,3,5.78,4.38,3.95,3.44,5.1,5.84,6.64,6.96,4.69,1.91,1.77,8.13,4.43,1.51,10.83,5.37,1.95,5.28,4.26,6.77,3.96,5.77,4.98,5.72,6.35,9.39,5.34,4.82,3.22,4.52,1,6.63,10.9,8.61,6.72,4.87,4.55,3.78,7.51,6.6,2.91,6.85,5.29,1.14,7.57,1.26,-0.51,5.7,8.27,6.95,4.25,5.32,11.01,1.93,0.14,3.86,5.41,7.21,6.32,7.97,12.08,4.33,3.95,5.7,4.89,4.38,6.83,4.46,5.63,6.2,4.16,7.04,4.09,4.01,2.83,4.93,4.41,5.56,7.17,6.71,8.29,6.28,5.84,6.14,5.21,1.96,6.02,5.81,7.89,12.3,3.71,2,6.41,5.33,6.36,6.46,5.69,2.49,4.52,5.69,7.8,6.56,3.7,2.29,5.18,3.34,8.11,5.55,3.88,4.52,6.55,5.79,0.68,6.22,6.42,8.8,5.33,8.53,2.46
"gsm52663","nonUL","GSE2724",5.93,7.65,5.2,2.32,4.24,6.92,-1.74,4.85,10.18,4.62,4.67,5.85,4.86,1.96,4.54,5.3,6.02,6.59,6.79,4.73,3.66,1,8.76,2.63,3.22,11.42,6.17,0.93,5.24,5.81,6.39,3.09,6.16,5.35,5.82,4.7,9.65,6.13,5.15,3.52,4.75,1.2,6.72,11.03,8.53,6.91,4.75,4.78,3.6,7.21,6.65,0.26,7.18,5.15,1.43,7.51,3.73,-0.32,5.75,9.26,7.51,5.61,5.74,10.98,1.2,1,4.88,5.43,7.04,6,8.08,12.18,2.68,4.39,5.7,5.05,3.96,6.66,4.9,5.49,6.83,4.7,7.1,0.68,4.06,3.36,5.21,4.47,6.4,7.51,7.42,7.87,6.77,5.26,5.6,5.55,1.26,5.55,6.58,8.56,12.65,3.86,-1,6.63,6.05,6.77,6.47,5.99,3.56,2.32,5.24,7.96,6.94,3.13,2.93,5.9,3.09,8.55,6.22,3.88,3.92,6.54,5.55,0.93,6.73,6.39,8.75,6.13,8.42,2.66
"gsm52664","nonUL","GSE2724",6.24,8.13,5.98,1.32,4.49,7.07,-1.32,5.01,10.27,4.11,4.66,6.17,5.16,3.17,4.92,5.28,5.52,6.9,6.28,5.13,2.54,1.93,8.91,2.51,2.26,10.98,5.82,0.74,4.92,5.43,6.27,2.54,6.34,4.67,6.16,5.6,9.88,5.63,5.63,4.98,4.29,1.07,6.41,10.82,8.38,7.15,4.88,5.29,3.51,7.64,6.27,-1.32,7.2,4.64,1.26,7.19,1.2,0.49,5.49,8.74,7.93,4.97,5.41,10.67,2.85,0.14,4.27,5.65,7.61,5.84,7.41,11.45,3.17,4.92,5.89,5.37,4.24,5.79,4.69,4.95,6.27,3.33,7.42,2.04,3.6,3.62,4.99,4.44,6.58,8,7.38,7.55,6.39,4.87,5.75,6.16,1.2,6.34,6.35,8.47,12.46,4.29,-0.74,7.24,5.73,6.44,6.6,5.63,2.96,4.87,3.26,7.83,7.23,4.18,2.88,5.99,4.36,7.96,5.63,1.93,4.82,6.62,5.45,1.63,6.6,6.29,7.91,5.77,8.68,2.94
"gsm52665","nonUL","GSE2724",6.17,7.59,5.87,3.22,3.96,6.74,-0.51,5,9.9,5.94,4.74,3.94,5,3.75,5.23,5.7,6.2,6.45,6.63,4.42,3.01,2.54,7.71,2.41,3.74,11.06,5.17,2.25,5.97,5.97,6.82,3.29,6.3,5.09,5.09,6.62,9.96,5.85,6.22,5.61,5.33,3.75,7.63,11.03,8.11,7.47,5.39,5.88,4.79,7.28,6.93,3.75,7.1,3.32,1.63,7.18,2,1.38,5.74,8.93,7.33,5.09,4.4,10.01,2.04,1.07,4.83,6.72,6.82,6.93,8.04,12.12,2.41,5.24,6.61,5.69,4.39,7.09,5.02,5.63,6.97,4,7.33,2.81,3.57,3.95,4.32,5.63,6.73,7.42,6.97,7,6.82,6.68,5.03,5.02,3.6,6.49,6.7,7.83,12.39,5.17,3.5,6.07,6.45,5.59,6.54,6.72,3.04,5.01,6.25,7.82,6.83,4.08,3.96,5.96,4.84,8.04,6.44,3.66,3.8,7.23,5.66,3.55,6.08,5.84,8.62,5.45,8.96,1.96
"gsm52666","nonUL","GSE2724",5.95,7.73,6.04,3.12,4.42,7.85,-1.74,4.81,9.61,6.24,4.88,6.06,5.38,2.49,4.63,5.37,6.22,6.75,6.81,5.36,2.69,2.1,7.97,3.26,3.49,11.1,6.21,2.15,5.13,6.18,6.33,2.89,6.66,5.15,5.41,6.44,9.45,6.35,5.35,5.06,5.08,2.7,6.98,11.02,8.31,7.22,4.26,5.74,2.68,7.42,6.96,1.38,7.7,3.94,1.2,7.17,2.85,1.43,5.65,8.63,7.96,5.02,6.09,10.66,2.32,1,4.9,6.02,7.49,6.54,7.97,11.56,3.41,4.03,6,5.55,4.67,7.13,4.97,6.47,6.99,4.9,7,4.09,2.94,3.2,5.04,5.14,6.67,8.02,7.42,7.59,6.89,6.24,5.4,5.55,1.2,6.83,6.67,8.22,12.54,4.55,0.14,6.41,6.23,6.17,6.62,6.37,4.9,4.94,4.68,7.67,7.03,5.15,2.39,5.99,4.95,8.21,6.23,4.56,5.18,6.75,6.12,2.87,5.96,6.15,8.98,6.28,8.47,1
"gsm52667","nonUL","GSE2724",5.89,7.81,6.34,0,2.94,8.51,-0.51,5.97,10.63,5.24,4.3,5.64,5.25,2.04,4.81,5.22,6.07,6.94,6.74,5.11,1.85,0.85,8.06,1.77,3.36,11.66,7.83,1.96,5.24,6.22,6.62,3.28,7.41,5.15,5.83,7.38,8.93,6.37,5.1,4.43,4.56,1.43,6.67,10.74,8.34,6.57,5.62,4.98,4.69,7.18,6.64,3.46,7.5,4.31,1.77,7.78,1,0.49,5.33,8.38,8.39,4.26,6.92,11.38,1.49,1.07,4.73,5.32,7.18,6.92,7.08,12.4,4.51,3.32,5.98,4.76,4.84,7.78,5.36,5.91,7.45,4.13,7.43,3.67,4.54,3.38,5.34,4.33,6.21,8.07,7.2,8.57,6.99,6.84,5.13,5.4,1.43,6.26,7.03,9.44,12.32,3.9,0.85,6.09,5.79,7.06,6.3,5.97,3.31,4.56,5.63,8.58,6.47,4.92,3.17,5.87,4.73,8.76,6.55,0.68,5.22,7.6,5.68,1.85,6.06,5.55,9.13,6.45,8.4,-1
"gsm52668","nonUL","GSE2724",6.2,7.81,5.39,-1,4.31,6.78,-1.32,4.13,10.34,4.03,3.31,5.89,4.84,4.02,4.48,5.33,5.64,6.49,5.59,4.8,2.12,4.19,9.14,2.83,2.07,11.18,6.03,1.71,5.18,5.39,6.53,2.58,7.02,5.58,5.73,7.14,9.13,6.21,5.01,4.4,4.03,0.77,6.15,10.66,8.24,6.8,5.57,5.01,3.45,7.18,6.35,0.14,7.49,4.94,1.63,7.52,3.92,0.77,5.28,8.68,7.83,4.42,4.96,10.47,3.12,0.68,5.31,5.69,7.21,6.05,7.39,11.92,5.61,3.89,5.78,5.19,4.3,6.38,4.52,5.73,6.54,1.49,7.03,3.19,4.77,3.42,4.48,4.85,6.13,7.94,7.19,8.17,6.74,5.46,5.33,5.99,1.26,6.35,6.42,8.92,12.08,4.02,-0.32,5.62,5.34,6.23,6.44,5.78,2.93,4.69,5.36,7.78,6.56,5.95,3.08,5.45,5.14,8.19,5.97,3.7,5.04,6.26,5.52,0.49,6.54,6.34,7.98,5.17,8.44,2.14
"gsm52669","nonUL","GSE2724",5.37,7.74,6.17,3.58,4.21,7.86,2,4.78,10.26,4.99,3.74,5.49,5.03,3.84,3.68,5.28,6.14,6.66,6.81,4.75,1.54,2.43,8.06,2.46,2.32,11.62,6.66,0.55,5.47,5.77,6.87,3.32,6.64,5.33,5.75,7.16,9.32,5.75,4.63,4.72,4.29,0.26,6.59,10.88,8.33,7.07,3.68,5.26,3.87,7.3,6.79,3.29,7.77,4.79,0.38,7.44,1.72,0.14,5.75,9.09,7.8,4.16,5.78,11.38,2.26,0.38,3.9,6.09,6.69,6.52,7.79,12.68,2.91,4.19,6.15,5.08,3.77,7.67,5.6,6.14,6.81,4.57,7.06,0.49,4.9,2.96,4.63,4.78,6.26,8.23,7.19,8.24,6.94,5.91,5.1,6.07,1.26,6.24,6.63,8.62,12.43,4.15,-1.32,5.77,6.1,6.14,6.44,5.63,3.02,3.15,4.94,7.68,6.65,4.01,3.59,5.6,5.04,8.42,6.05,4.7,4.46,6.83,5.86,0.26,5.98,6.34,8.97,5.93,8.88,2.26
"gsm52670","nonUL","GSE2724",4.1,7.86,5.43,0.26,4.12,6.5,-3.32,4.7,9.35,5.59,4.3,5.16,4.22,3.57,5.54,4.38,6.64,5.31,6.97,4.99,3.56,1.85,6.4,1.63,1.83,10.9,4.68,-0.05,5.58,5.56,6.28,2.91,6.08,4.88,4.9,6.49,9.69,5.33,4.47,1.72,5.64,-0.15,6.58,11.13,8.31,6.83,5.52,4.61,3.19,7.53,6.19,-0.51,6.88,5.4,0.68,7.26,0.85,0.77,5.39,7.71,7.04,4.58,5.05,10.72,3.46,-0.32,3.27,5.36,6.94,7.29,7.74,12.11,0.58,2.68,4.81,4.14,3.54,6.51,4.1,5.58,7.08,4.74,6.14,4.36,4.59,2.94,4.55,5.34,6.12,6.9,7.41,7.44,6.63,6.99,5.38,5.53,2.29,6.76,5.76,7.64,12.52,3.39,-1,4.31,5.88,5.77,6.15,6.1,3.22,4.94,6.03,7.16,6.72,3.46,2.86,5.3,3.77,8.17,6.03,4.19,5.01,6.94,5.55,0.77,6.19,6.39,8.39,5.56,8.31,0.14
"gsm52671","nonUL","GSE2724",4.67,7.49,5.26,2.54,4.52,6.8,-1.32,4.18,9.52,5.86,4.52,5.1,5.12,1.77,3.34,4.31,5.77,6,6.31,4.28,3.22,3.23,8.7,1.54,3.09,11.16,5.58,0.65,4.7,5.22,6.88,3.52,6.2,4.95,5.24,6.85,9.54,5.45,3.9,4.41,4.82,0,6.22,10.61,8.57,6.75,5.57,4.33,2.04,7.34,6.73,2.61,6.84,4.78,2.54,7.66,1.26,-0.51,5.19,8.75,7.1,4.33,4.95,10.63,2.2,0.14,4.16,5.1,7.08,6.28,7.67,12.11,4.16,3.26,5.64,4.94,3.85,6.51,5.53,5,6.52,4.1,6.91,4.94,3.84,3.19,4.31,3.93,6.32,6.94,6.9,7.71,6.68,5.35,4.61,5.69,0.93,6.17,5.74,8.34,12.33,3.79,1.07,5.68,5.75,6.06,6.14,5.93,2.77,3.55,5.71,7.49,6.4,4.76,2.97,4.95,4.07,8.09,5.51,3.15,5.11,6.74,5.18,0.49,6.58,7.01,8.69,5.49,8.7,-1.32
"gsm9098","nonUL","GSE593",6.21,7.92,6.51,1.14,4.77,8.03,-0.74,5.51,10.41,6.48,4.93,5.54,5.42,3.78,4.82,5.1,5.85,7.01,6.12,6.01,4.78,1.81,8.87,3.29,2.26,11.67,7.11,1.78,6.23,5.45,7.26,4.43,6.74,6.13,5.86,5.33,10.38,6.78,5.61,5.04,5.5,1.43,6.37,11.11,8.74,7.55,6.22,6.12,1.54,7.49,6.61,0.77,7.6,5.38,2.17,7.77,2.29,2.68,5.69,8.62,8.2,5.62,6.64,11.29,1.49,1.32,4.61,5.33,7.51,7.03,7.21,12.08,4.19,5.46,6.4,5.17,4.04,6.27,5.36,6.08,6.92,4.05,7.48,5.59,5.96,3.94,6.33,6.02,6.84,8.4,6.54,7.9,7.03,5.73,5.34,6.1,1.81,6.99,6.88,9.36,12.8,2.29,0.85,6.86,6.28,7.21,6.88,6.48,3.67,5.05,5.89,7.3,6.94,7.47,3.62,5.62,5.46,7.82,6.02,0.58,6.24,7.31,5.85,1.58,7.16,6.77,8.79,5.94,8.41,1.85
"gsm9099","nonUL","GSE593",6.67,8.02,7.48,3.7,4.18,8.22,2.26,5.56,10.43,6.15,4.75,5.18,5.04,4.54,3.64,4.71,5.23,6.4,6.47,5.3,3.84,2.98,7.87,5.02,4.5,11.78,7.85,2.87,5.39,5.89,7.93,4.4,6.99,6.29,5.83,7.78,10,6.81,4.71,4.06,5.68,3.04,7.3,10.96,9.13,7.23,4.06,5.88,2.07,7.47,7.19,0.93,7.9,5.13,2.54,7.52,2.61,1,5.79,8.23,8.3,4.46,6.95,12.19,2.93,2.56,2.79,6.75,8.56,6.78,7.77,12.99,3.22,5.21,5.76,5.26,3.93,7.18,5.36,6.5,7.34,5.62,7.98,4.68,5.43,3.73,6.86,4.87,6.59,7.67,7.09,8.11,7.52,6.6,5.28,6.01,5.29,6.88,6.84,9.6,12.93,2.79,2.43,5.84,6.58,7.32,6.46,6.74,2.98,3.47,6.38,7.46,6.56,6.81,2.84,5.28,4.35,8.89,6.54,5.07,5.64,7.66,6.71,2.49,7.12,7.32,8.77,6.56,8.82,5.28
"gsm9100","nonUL","GSE593",6.33,7.71,7.06,2.49,3.97,8.29,-2.32,5.51,10.87,5.66,4.96,5.55,5.5,5.34,4.97,5.43,4.93,6.8,6.41,5.5,3.7,2.81,7.95,2.43,2.04,11.93,7.3,2.17,3.94,6.29,7.7,4.07,7.79,6.19,5.52,6.81,9.6,7.4,4.2,3.72,5.33,2.83,7,10.69,8.73,7,2.72,5.28,3.82,7.63,7.66,1.2,7.68,3.9,2.66,8.12,1.38,1.68,5.6,7.54,8.24,3.54,6.87,12.54,3.23,0,4.39,5.55,7.57,7.36,7.22,12.64,3.52,4.56,6.61,5.1,4.74,7.7,5.58,6.57,7.54,5.48,7.87,5.11,4.88,4.01,5.8,5.43,6.44,7.4,7.11,8.67,7.56,6.83,5.32,5.57,2.04,5.87,6.96,9.61,12.68,4.01,2.77,6.09,6.35,7.23,6.7,6.22,2.79,3.68,5.82,7.97,6.41,7.69,4.3,5.94,4.94,8.43,6.46,1.49,6.16,7.3,6.83,2.32,7.56,6.43,8.77,6.62,8.5,-0.51
"gsm9101","nonUL","GSE593",6.52,7.94,6.76,1.2,5.28,8.22,-1,5.16,10.1,5.57,4.83,6.05,5,4.17,4.8,5.31,6.09,6.72,6.13,6.27,5.25,4.11,8.11,4.55,1.85,11.64,7.07,1.09,6.26,6.16,7.6,3.88,7.1,5.32,6.19,6.85,9.58,6.47,5.13,3.98,4.88,0.77,6.78,10.73,8.5,7.24,5.44,5.39,2.83,7.91,6.83,0,7.8,3.61,2.29,8.15,2.41,0.14,5.38,8.45,7.95,3.69,7.16,11.78,1.38,1,4.56,6.2,7.43,7.14,6.83,12.09,3.26,4.87,6.41,5.93,4.94,7.02,5.51,6.39,6.94,4.81,7.76,5.36,5.67,3.61,6.35,6.02,6.65,8.28,6.59,8.26,7.52,6.1,5,6.11,1.77,6.89,6.64,9.49,12.65,3.81,-0.15,5.71,6.28,7.32,7.2,6.74,3.55,2.26,6,7.37,6.76,5.08,2.91,5.59,4.11,8.06,6.2,4.19,6.15,6.87,6.39,3.19,7.19,7.19,8.67,6.17,8.63,1.43
"gsm9102","nonUL","GSE593",5.8,7.74,6.82,1.58,5.01,8.01,-2.32,4.93,10.27,5.2,4.83,5.66,5.08,4.31,4.14,5.56,6.07,6.92,6.03,6.02,3.57,5.52,8.24,2.87,3.12,11.79,7.59,0.77,6.23,6.37,7.59,4.03,7.01,5.86,6.16,7.26,9.63,6.22,4.65,4.08,5.38,0.93,6.64,10.77,8.58,6.99,5.07,5.12,3.38,7.64,6.57,-1,7.39,4.81,2.23,8.19,2.17,1.32,5.22,9.06,7.92,4.55,7.06,11.9,2.98,0.85,4.29,5.93,7.69,6.76,6.97,12.09,4.43,4.34,6.18,5.75,5.37,7.25,5.54,6.26,7.03,4.4,7.43,5.17,5.16,3.25,5.28,5.22,6.87,7.69,6.85,8.01,7.23,6.57,5.5,6.37,1.63,6.61,6.22,9.66,12.48,3.38,1.72,6.22,6.51,7.13,6.62,6.6,3.67,4.04,5.82,7.73,6.62,5.59,4.72,4.88,5.24,8.09,6.58,4.31,5.96,6.98,6.3,1.43,7.3,7.05,8.62,6.18,8.67,0.14
"gsm569424","nonUL","GSE23112",6.06,6.83,6.84,5.53,5.6,7.55,3.46,4.73,9.12,6.37,5.86,6.61,5.93,5.9,5.33,4.55,5.47,6.98,6.11,5.96,5.77,5.61,8.05,5.9,5.73,10.44,6.32,5.47,7.35,6.79,6.43,7.16,6.89,5.99,6.65,6.13,9.05,5.5,4.33,4.82,5.58,4.66,6.84,9.88,7.41,8.16,6.09,6.25,4.71,6.15,6.19,4.15,7.25,6.83,6.71,6.18,6.08,4.49,6.75,7.38,7.94,4.5,6.16,10.58,6.44,4.78,3.95,5.48,6.92,5.07,7.73,10.83,5.54,5.51,6.24,5.52,6.11,6.71,5.91,5.89,6.06,6.05,7.18,5.25,6.19,6.63,6.81,6.58,7.37,9.64,6.71,6.6,6.07,7.04,6.74,6.14,4.78,7.95,6.29,8.05,12.81,4.22,6.49,6.21,5.93,6.31,7.36,5.94,6.25,5.75,7.52,6.17,5.26,5.24,6.19,6.72,5.76,7.46,6.93,4.08,6.25,7.16,5.7,5.23,6.51,5.69,8.67,6.15,6.52,3.45
"gsm569425","nonUL","GSE23112",5.54,7.71,6.64,5.04,4.88,8.38,3.36,4.58,10.08,5.35,5.11,6.06,5.2,5.22,4.6,4.26,5.17,7.56,7.12,5.39,4.87,4.87,7.78,5.04,4.96,11.33,7.5,4.89,6.6,5.8,7.31,6.65,6.88,5.73,5.7,6.64,9.8,5.68,3.78,4.48,5.63,4.34,7.57,10.9,8.1,7.33,5.48,5.95,3.97,6.93,7.05,4.01,7.25,5.89,5.8,7.6,5.17,3.98,6.38,8.51,8.15,4.02,6.04,11.73,5.31,4.32,3.94,5.38,7.51,5.51,7.45,11.92,4.97,4.33,6.08,5.09,5.42,7.56,5.88,5.76,6.66,5.53,7.35,4.87,5.47,5.49,6.04,5.57,6.32,8.88,6.56,7.83,6.56,6.27,6.21,5.56,4.46,6.83,6.38,8.78,12.78,3.94,4.88,5.4,5.7,6.51,6.68,5.5,5.24,5.27,6.63,7.47,5.58,5.73,5.44,6.12,5.13,8.91,6.75,3.96,5.39,7.92,5.94,4.41,5.8,5.32,9.13,5.94,8.14,3.29
"gsm569426","nonUL","GSE23112",5.71,7.64,6.42,4.34,5.37,7.43,3.42,4.59,9.33,4.92,5.1,5.8,5.43,4.88,4.67,4.54,5.4,6.44,7.63,5.38,5.13,5.07,7.25,4.96,4.89,11.69,6.71,4.62,6.6,5.82,7.7,6.22,6.81,4.95,5.45,6.79,9.81,5.8,3.77,4.36,5.9,4.29,7.96,10.47,8.52,7.51,5.95,6.02,4.14,8.29,6.82,3.95,6.86,5.9,5.79,7.5,5.07,3.91,6.19,9.4,8.3,4.29,5.97,10.67,5.51,4.13,3.87,5.49,6.84,4.84,8.29,11.28,5,4.44,6.46,4.92,5.36,7.4,5.31,6.21,7.28,5.29,7.97,5.28,5.33,5.29,6.16,5.41,6.53,8.86,6.58,8.37,7.02,6.29,6.18,6.25,4.28,6.84,6.24,8.78,12.31,4.02,4.13,6.03,5.8,6.17,6.87,5.62,4.76,5.22,6.61,7.56,5.42,4.69,5.55,5.73,4.84,9.34,6.58,3.87,5.31,6.89,6.22,4.61,5.21,5.66,8.41,5.86,8.31,3.32
"gsm569427","nonUL","GSE23112",5.46,8.52,6.7,4.49,5.55,7.51,3.45,4.8,10.2,4.87,5.05,5.7,5.32,4.73,4.5,4.31,5.32,7.06,7.46,5.87,4.93,4.5,8.85,4.93,4.49,11.31,6.62,4.57,5.78,5.82,7.36,6.11,7.3,5.49,5.53,7.69,9.33,5.74,3.66,4.33,5.89,4.2,7.56,11.09,8.36,7.1,5.61,5.66,3.91,7.69,6.54,3.88,7.05,5.55,5.58,8.38,5.01,3.8,6.22,8.22,8.53,4.02,5.97,11.44,4.94,4.07,4.01,5.59,7.55,5.12,7.97,12.26,5.21,4.31,6.14,4.94,4.97,7.01,5.67,6.03,6.93,5.21,7.61,4.92,5.09,5.1,6.18,5.34,6.43,8.82,7.04,8.15,7,5.82,6.07,5.62,4.46,6.54,6.55,9.02,12.67,3.82,4.33,5.61,6.05,6.58,6.37,5.85,4.58,5.37,5.9,7.84,5.79,4.79,5.29,6.17,4.87,9.4,6.39,3.8,5.3,7.67,6.24,4.56,5.63,5.52,8.87,6,8.12,3.26
"gsm569428","nonUL","GSE23112",5.26,8.7,6.89,4.26,5.43,7.4,3.5,4.88,9.74,5.46,5.04,5.9,5.2,4.67,4.77,4.31,5.61,6.57,7.73,5.64,4.75,4.47,7.69,4.85,4.41,11.13,6.07,4.48,5.68,6.02,7.48,6.36,6.86,5.15,4.96,7.57,9.93,6.07,3.72,4.13,6.61,4.07,8.01,11.43,8.82,6.98,5.84,6.06,4.05,7.62,6.86,3.94,6.7,5.45,5.37,7.68,4.65,3.74,6.18,8.66,8.1,4.38,6.09,11.41,5.09,3.94,3.6,5.61,7.43,6.11,8.1,12.23,4.74,4.41,5.79,4.72,5.06,7.9,5.5,6.7,7.59,5.37,7.39,4.98,5.19,4.99,5.98,5.65,6.36,8.37,7.33,7.93,7.18,6.4,6.07,5.67,4.39,6.81,6.55,8.7,12.94,4.09,3.82,5.33,6.1,6.52,6.38,5.53,4.36,5.35,6.34,7.87,6.02,4.35,5.04,5.81,4.97,9.52,6.66,3.94,4.91,8.08,6.28,4.34,5.89,5.71,9.25,6.02,8.46,3.23
"gsm1667147ul","UL","GSE68295_UL",6.43,10.25,9.61,8.33,7.69,8.82,6.74,7.82,15.08,6.48,11.21,8,7.49,8.64,5.8,5.15,10.33,6.16,7.59,10.9,4.75,2.29,12.54,6.13,4.59,16.14,9.26,2.54,7.76,8.97,12.95,13.71,9.2,11.13,7.83,8.99,10.49,10.85,3.73,2.62,7.89,16.46,9.66,13.98,14.03,8.73,7.58,5.95,4.8,12.12,10.58,4.26,13.31,14.1,3.87,6.55,2.96,5.21,10.89,10.67,12.21,2.67,8.85,14.38,9.83,4.48,5.55,9.15,11.2,8.11,11.5,16.18,9.91,9.43,11.91,9.91,10.38,8.7,9.37,9.58,10.04,6.97,10,7.52,7.63,2.77,6.57,5.19,7.53,8.15,12.3,12.55,10.64,12.21,9.47,8.04,5.64,7.29,8.51,14,16.96,17.49,4.36,8.49,10.27,10.58,9.77,9.09,6.07,4.8,9.14,11.85,10.1,8.34,3.14,8.56,9.14,12.66,11.24,5.22,5.97,14.03,10.54,5.74,10.01,11.2,10.59,11.32,13.53,2.46
"gsm1667148ul","UL","GSE68295_UL",4.11,11.03,9.4,8.44,5.08,8.95,6.22,6.06,15.25,5.97,10.14,8.58,6.85,7.45,8.57,2.73,9.57,4.49,4.94,10.55,4.74,3.78,11.84,6.81,6.99,15.51,9.37,2.87,11.11,8.31,11.99,13.57,7.69,10.94,5.71,9.31,11.62,9.13,3.53,2.98,7.72,15.42,7.94,14.41,13.76,8.23,4.67,3.05,6.41,11.77,8.64,4.05,12.68,12.87,4.02,6.12,3.43,5.29,10.63,11.88,11.48,2.57,8.65,14.25,9.54,5.44,6.33,8.1,11.56,8.39,11.69,16.78,9.26,9.39,12.38,9.81,8.86,7.72,8.66,10.09,11.54,5.97,9.15,6.6,6.49,4.88,4.6,5.24,8.82,7.58,12.34,13.48,11.04,12.61,10.14,8.54,7.45,6.54,10.01,13.4,16.59,17.71,3.58,7.99,9.68,9.9,8.99,8.13,6.48,2.68,7.33,11.1,10.24,7.48,4.16,8.05,5.28,12.53,9.9,6.34,5.44,13.37,11.23,4.43,10.99,10.95,9.47,10.17,13.57,2.94
"gsm1667149ul","UL","GSE68295_UL",7.11,11.82,8.58,9.32,4.99,9.94,7.89,7.91,12.63,9.19,10.71,9.6,8.25,9.4,6.45,4.48,10.09,6.05,7.33,11.7,4.87,5.38,12.76,8.79,3.14,3.14,9.96,5.8,9.38,10.47,12.52,9.44,9.62,3.14,7.08,3.14,12.48,8.87,5.33,3.14,8.56,15.3,9.75,14.08,3.14,10,5.23,3.14,8.37,12.75,9.99,7.98,3.14,13.56,7.88,8.5,3.95,6.42,11.84,3.14,10.62,4.96,8.31,13.61,10.05,7.36,6.98,9.24,12.69,9.75,12.73,16.63,6.53,10.42,12.99,10.2,5.17,8.57,10.37,8.81,3.14,8.2,9.31,6.9,8.24,3.14,4.85,7.97,9.67,8.74,13.08,13.43,5.11,6.78,11.2,8.95,3.14,8.42,10.81,8.39,16.74,17.51,7.66,9.73,11.09,10.72,8.69,3.14,9.37,3.14,3.14,11.5,8.77,5.94,6.21,9.99,3.14,12.85,8.58,6.92,7.53,14.07,11.55,7.14,11.15,11.4,10.85,11.28,13.91,3.14
"gsm336202ul","UL","GSE13319_UL",5.75,8.59,7.03,4.92,5.56,7.37,2.97,6.37,11.47,5.68,5.09,4.45,4.99,6.17,3.96,4.3,7.15,5.67,6.75,6.3,1.74,4.1,9.35,4.36,3.68,12.48,6.03,1.36,4.21,6.67,8.28,6.03,7.14,5.75,4.93,8.28,10.21,5.2,3.52,2.54,5.84,0.68,7.77,12.42,9.48,7.21,4.79,5.27,2.23,8.29,6.01,-0.15,7.27,1.43,2.7,8.97,1.38,2.86,5.77,9.2,7.27,2.39,7.58,12.66,2.07,0,5.45,6.85,8.63,7.47,8.74,13.12,5.29,6.49,6.95,4.97,4.07,8.17,5.88,6.28,6.66,6.02,7.74,4.6,4.9,2.17,5.33,4.01,6.05,7.26,7.01,10,8.06,6.09,6.29,6.31,3.57,6.34,7.55,9.28,12.98,5.5,0.49,6.28,6.46,7.55,6.34,6.73,2.46,1.85,5.81,5.9,6.88,7.31,3.26,6.49,5.13,9.6,6.08,-0.32,5.43,7.51,7.23,1.14,7.46,7.22,8.65,6.82,9.5,-1.32
"gsm336203ul","UL","GSE13319_UL",5.38,8.62,7.2,4.4,5.09,7.25,3.89,6.18,11.51,6.8,5.48,4.73,5.45,6.45,3.88,3.89,6.53,5.16,6.69,5.22,2.87,5,8.68,4.46,2.47,12.56,5.62,0.55,5.54,6.77,8.11,5.63,7.89,5.92,4.87,8.5,10.35,6.05,3.91,3.03,5.99,3.46,7.72,12.29,9.4,7.32,4.5,5.76,2.14,8.17,6.11,3.54,7.91,2.58,2.81,8.83,3.71,3.48,5.71,9.05,7.52,3.11,7.36,12.76,2.17,-0.51,4.97,6.27,8.5,7.84,8.49,13.4,5.08,6.39,6.5,4.52,4.53,8.2,5.86,6.74,7.11,5.61,8.04,5.22,5.52,3.05,6.02,2.93,5.96,6.7,7.25,9.67,8.53,7.07,7.01,6.1,3.86,5.88,7.53,9.1,13.13,5.09,0.14,5.92,6.62,7.76,6.4,6.47,4.17,4.23,5.43,6.09,6.71,6.03,3.28,6.33,6.02,9.32,6.52,3.68,4.89,7.47,7.16,1.72,7.58,7.38,8.17,6.57,9.43,-1.74
"gsm336204ul","UL","GSE13319_UL",5.25,8.76,7.19,5.16,5.27,7.54,2.95,6.09,11.67,6.21,5.28,4.91,5.18,5.97,4.86,4.6,6.45,5.3,6.56,5.01,2.53,5.45,8.26,3.18,3.63,12.4,5.35,1.22,5.96,6.42,8.04,5.69,6.65,5.65,5.1,8.12,10.07,5.96,3.47,3.68,6.01,0.14,7.8,12.16,9.77,7.5,5.14,6.01,1.89,8.34,6.11,3.88,7.5,3.64,4.46,8.87,1.32,3.41,5.42,9.35,7.1,2.67,7.76,12.77,4.39,2.41,4.48,6.58,8.07,8.3,8.39,13.21,4.52,6.59,6.54,4.88,4.77,8.59,5.19,6.67,7.66,6.44,7.99,4.24,5.68,2.04,5.2,3.26,6.33,7.1,8.46,9.8,7.83,7.24,6.54,5.58,3.45,5.92,7.18,8.99,13.14,6.37,0.68,6.49,6.62,8.58,6.11,6.59,3.84,4.41,5.75,5.69,6.48,5.02,3.41,6.45,5.39,9.71,6.23,4.36,4.85,7.38,7.26,1.14,6.87,7.81,8.15,6.71,9.29,-0.51
"gsm336205ul","UL","GSE13319_UL",4.04,9.09,7.76,4.78,5.83,7.46,2.91,6.86,11.32,5.78,5.35,4.25,4.92,6.16,3.42,3.55,6.35,4.7,6.7,5.03,2.06,5.44,8.35,4.73,4.55,12.14,6.34,0.98,4.95,6.72,7.98,5.69,7.25,5.54,4.5,6.97,10.05,6.18,2.96,3.57,6.44,1.07,7.66,12.28,9.85,7.42,4.93,5.37,1.38,8.73,5.94,4.19,7.89,4.04,4.31,8.38,0.26,4.09,5.72,9.62,7.38,2.37,7.7,11.78,2.56,-0.32,3.85,6.41,8.35,6.98,8.86,12.58,1.81,6.26,6.75,4.72,5.49,9.02,5.05,6.36,7.13,6.27,7.74,4.6,5.27,2.04,5.29,4.26,6.67,6.93,8.1,9.19,8.35,7.11,6.78,4.61,5.7,6.94,7.44,8.96,12.78,4.66,0.26,6.45,6.95,7.49,6.76,6.79,3.14,4.14,5.66,5.06,6.65,4.1,4.19,6.71,5.72,9.35,6.44,5.06,4.58,7.2,7.28,0.68,6.79,7.86,8.48,7.18,9.87,-0.15
"gsm336206ul","UL","GSE13319_UL",5.94,9.43,6.69,5.16,6.13,7.59,2.38,6.7,11.79,6.35,5.8,4.93,4.51,6.04,4.09,4.26,6.58,5.39,6.85,5.36,2.87,6.08,8.47,4.14,4.47,12.15,5.9,1.32,4.71,6.36,7.99,5.75,6.96,4.86,4.91,6.79,10.13,5.77,3.61,1.56,5.95,2.38,7.93,12.32,9.85,7.88,5.01,5.41,2.07,8.68,5.97,3.77,8,4.36,2.85,8.62,0.93,4.64,6,9.67,7.25,2.77,7.38,11.93,0.93,0.38,4.5,5.82,8.69,7.55,8.57,12.99,4.41,6.37,6.82,4.92,5.36,8.98,5.11,6.76,7.73,5.95,7.91,4.1,5.49,2.79,6.4,4.88,6.67,6.87,8.03,9.64,8.38,7.72,6.7,4.89,2.2,6.08,7.12,8.8,12.93,5.23,0.77,5.68,6.71,7.55,6.56,6.97,3,4.85,5.59,5.29,6.56,3.79,2.46,7.14,5.49,9.81,6.85,4.36,5.11,7.23,7.27,1.93,6.96,7.15,9.04,6.94,9.25,-1.74
"gsm336207ul","UL","GSE13319_UL",5,9.09,6.66,5.23,6.41,7.41,2.87,5.94,11.67,5.83,5.98,4.53,5.24,6.15,4.03,4.12,6.08,5.22,6.57,4.68,3.16,5.56,8.9,4.64,3.88,12.27,5.43,0.85,3.78,6.55,7.86,5.06,7.01,5.43,5.29,6.71,10.44,6.11,3.8,3.93,6.1,1.07,8.05,12.43,9.82,7.37,5.38,5.41,1.2,8.34,6.49,0.93,7.73,2.87,1.58,8.65,1.96,3.46,5.69,8.86,6.92,2.98,7.5,12.16,2.2,0.58,4.55,6.13,8.22,7.42,8.83,13.56,5.9,6.48,6.85,4.72,5.69,8.41,4.94,6.12,7.51,6.05,7.85,2.91,4.18,2.38,6.19,4.86,6.34,7.04,7.93,9.46,8.32,6.69,6.95,4.84,1.38,5.87,7.68,8.88,13.55,6.39,1.2,5.84,6.79,7.4,6.53,6.8,3.38,4.47,5.67,5.19,7.04,4.37,2.73,6.97,5.24,9.61,6.29,4.04,5.68,7.68,7.21,1.96,7.36,7.34,8.42,7.11,9.4,-0.74
"gsm336208ul","UL","GSE13319_UL",5.8,8.86,8.73,4.63,5.02,7.88,2.8,6.53,11.39,6.1,4.82,3.17,5.62,6.69,5.4,3.28,6.17,5.69,7.03,5.17,2.4,5.68,7.71,3.7,3.91,12.42,6.93,1.22,5.31,6.26,8.41,6.09,7.3,5.62,4.86,8.09,9.8,6.37,3.64,2.7,5.9,1.32,7.87,12.11,9.82,6.86,4.9,6.35,1.58,9.01,6.32,-0.15,8.28,3.34,3.17,8.94,0.77,4.03,5.92,9.16,7.71,3.26,7.77,12.69,2.96,-0.32,4.3,6.45,7.51,8.66,8.36,13.06,4.19,6.7,6.18,5.07,4.84,8.86,5.74,6.62,7.29,6,7.85,3.82,5.41,2.63,5.71,4.63,6.48,7.5,7.93,10.06,7.92,7.7,6.47,4.37,5.7,6.05,7.18,9.41,12.95,5.1,0.38,5.76,6.99,7.8,6.42,6.65,2.26,3.6,5.75,5.75,6.59,4.64,2.34,6.65,5.69,9.72,6.43,5.2,5.43,6.96,6.64,0.85,6.53,7.57,8.23,6.99,9.67,0.77
"gsm336209ul","UL","GSE13319_UL",5.64,8.94,7.87,4.42,5.02,8.05,1.1,6.5,11.33,5.81,5.35,4.44,5.58,6.61,5.86,3.06,5.86,5.69,7.49,5.27,2.83,5.59,8.4,3.66,3.49,12.28,6.86,1.07,5.69,6,8.48,6.38,7.19,5.45,5.16,7.64,9.58,6.3,3.57,1.23,6.3,0.38,7.93,12.14,9.49,6.84,4.69,6.37,1.85,8.53,6.26,2.14,7.74,4.25,2.74,8.39,2.14,3.6,5.63,8.73,8,3.72,7.74,12.55,4.1,0.26,3.88,6.73,8.92,8.18,8.43,13.1,3.22,6.68,7.09,4.66,5.39,8.74,5.62,6.62,7.19,5.01,8.34,4.89,5.6,3.02,5.46,5.33,6.16,7.19,7.47,9.99,8.04,7.58,5.77,4.88,4.49,6.13,7.1,9.57,12.93,4.24,1.2,7.19,6.73,7.91,6.41,6.69,3.2,4.36,5.6,5.5,7.06,6.01,3.41,6.46,5.62,9.47,6.35,5.48,5.04,7.23,6.61,1.49,7.63,7.34,8.58,6.85,9.04,2
"gsm336210ul","UL","GSE13319_UL",5.61,9.05,8.11,5.08,5.27,7.23,1.35,6.26,11.45,5.74,5.16,4,5.36,6.33,5.56,2.57,6.48,5.44,7.31,5.3,2.47,5.88,8.15,4.26,3.59,12.47,6.48,1.38,5.19,6.7,8.24,5.75,7.01,5.73,4.62,7.74,10.09,6.23,3.69,3.94,6.4,0.49,7.7,12.28,9.95,6.96,4.87,5.53,0.58,8.95,6.22,2.72,7.74,4.13,2.89,8.7,0.85,4.1,5.81,8.68,7.29,3.04,7.61,12.85,4.01,0.68,4.65,6.46,8.59,8.53,8.55,13.29,3.49,6.75,6.49,4.42,5.03,8.69,5.77,6.88,7.22,5.56,8,4.87,5.91,2.29,6.26,4.16,6.25,7,7.37,10.07,8.28,7.57,6.31,4.79,5.48,6.12,7.14,9.38,13.06,5.7,0.58,6.39,6.82,7.83,6.46,6.78,4.54,2.7,5.53,5.71,6.55,4.71,3.79,6.64,5.87,9.66,6.34,4.58,5.41,7.68,6.68,0.68,6.73,7.35,8.5,6.76,9.35,-1.74
"gsm336211ul","UL","GSE13319_UL",5.4,8.77,7.76,5.03,4.78,7.43,2.94,6.84,11.67,6.87,5.58,3.89,5.9,6.73,4.17,3.05,6.31,5.69,7.38,5.21,2.36,5.52,8.63,3.85,2.8,12.5,6.92,0.18,5.45,6.89,8.46,6.13,7.52,5.33,5.12,7.17,10.27,6.59,3.59,2.71,6.09,2.56,7.86,12.1,9.71,8.08,4.53,6.07,2.2,8.56,6.31,3.32,8.11,4.34,3.89,8.93,1.2,3.74,5.75,9.28,8.08,3.22,7.59,12.38,4.6,0.38,4,6.36,8.42,7.62,8.67,12.93,5.21,6.56,6.81,4.79,5.25,8.77,4.98,6.32,6.87,5.79,8.02,4.15,5.47,2.49,5.41,4.3,6.9,7.39,7.62,9.69,8.43,6.53,6.62,4.93,3.35,6.65,7.07,8.33,12.98,5.17,0.85,6.47,6.75,7.5,6.5,7.11,2.1,1.96,5.88,5.66,6.81,4.05,3.8,6.23,5.93,9.25,6.6,4.83,4.8,7.5,6.97,1.49,6.71,7.37,8.27,7.22,9.62,-1.74
"gsm336212ul","UL","GSE13319_UL",5.82,8.83,7.66,4.66,5.02,7.53,1.66,6.97,11.67,6.67,5.39,4.41,5.76,6.17,4.17,4.46,6.62,5.61,7.18,4.95,2.64,5.64,8.75,4.47,4.13,12.42,6.93,0.58,5.09,6.68,8.39,6.24,7.58,5.24,5.01,7.52,10.06,6.63,3.6,3.7,5.9,1.54,7.97,12.19,9.7,8.1,4.43,6.14,1.38,8.25,6.31,3.31,8.45,2.72,2,8.87,1.2,3.71,5.87,9.44,7.93,2.69,7.61,12.33,4.43,0.14,4.08,6.4,8.56,7.51,8.52,12.79,4.73,6.73,6.44,4.61,5.18,8.9,5.22,6.64,7.3,5.94,8.15,4.92,5.85,2.83,6.07,4.69,6.84,6.8,7.9,9.72,8.48,6.76,6.91,4.36,3.05,6.86,7.47,8.5,12.87,3.8,0.77,6.32,6.7,7.58,6.57,7.34,2.07,2.94,5.42,5.77,6.68,4.18,2.61,6.21,5.63,9.41,6.95,4.85,4.65,7.11,6.89,1,6.27,7.76,8.21,7.09,9.73,-0.32
"gsm336213ul","UL","GSE13319_UL",5.58,8.63,6.68,5.1,5.76,7.18,1.81,5.62,11.16,5.9,3.31,1.98,4.67,6.41,5.3,5.48,6.16,5.28,6.06,4.9,3.98,6.02,7.03,4.75,3.57,11.79,5.95,1,5.71,5.5,7.34,5.1,4.86,5.5,5.12,5.73,10.47,5.19,5.06,3.39,3.84,1.89,7.4,11.5,9.42,7.47,3.01,5.85,2.58,8.41,6.4,1.32,6.83,4.87,1.14,8.41,2.35,4.51,4.95,8.91,6.38,4.15,6.94,12.22,2.7,1.54,4.87,5.57,7.59,8.83,7.51,13.25,4.71,6.75,6.27,5.2,4.86,8.33,4.83,5.52,6.28,5.11,7.67,5.31,5.22,3.28,5.96,5.85,6.72,7.16,7.1,8.63,7.57,6.75,6.13,5.52,3.26,5.79,5.68,8.01,13.13,7.28,0.93,6.3,6.42,7.41,6.46,5.95,4.04,2.17,6.47,5.17,6.82,4.8,3.76,5.85,5.38,8.95,4.45,3.86,4.78,7.8,6.43,0.68,7.04,6.86,8.42,3.96,9.2,1.54
"gsm336214ul","UL","GSE13319_UL",5.57,8.91,7.52,4.69,4.66,7.29,2.71,7.89,11.02,5.89,6.14,4.71,5.64,6.41,3.33,4.34,6.54,5.77,7.23,5.25,2.78,5.46,9.11,4.09,3.28,11.94,6.84,1.2,4.19,6.71,8.34,5.94,7.33,5.35,5.13,8.03,10.15,6.32,3.49,2.12,6.22,0.68,8.12,12.22,9.75,7.79,2.87,5.94,1.72,8.7,6.19,3.57,8.49,3.25,3.35,9.19,1.58,3.94,5.58,9.28,7.91,3.04,7.52,11.92,4.75,0.49,4.59,6.41,8.67,7.61,8.97,12.78,2.38,6.79,6.6,5.53,5.14,7.25,5.12,6.44,7.48,6.2,7.89,5.29,4.26,2.38,5.65,4.98,7.23,6.85,7.36,9.98,8.3,7.36,6.21,4.33,2.29,6.36,7.24,9.58,12.99,3.71,0.26,7.47,7.33,7.42,6.65,7.38,3.14,4.9,6.09,6.27,6.84,3.76,2.83,6.8,5.83,9.7,7.09,4.29,5.36,7.2,6.45,0.93,6.26,7.81,8.06,7.23,10,-1.74
"gsm336215ul","UL","GSE13319_UL",4.36,9.12,7.81,4.42,5.49,7.21,0.63,6.25,11.66,5.27,5.11,4.53,4.99,6.28,2.78,4.18,6.7,4.5,7.27,5.41,2.45,5.72,8.58,4.13,3.47,12.53,6.47,1.02,5.98,6.56,8.33,5.91,7.38,5.59,5.1,7.3,10.05,6.67,4.21,3.34,6.38,0.38,7.79,12.45,9.92,7.5,4.21,5.43,0.49,8.59,6.12,3.98,7.84,4.05,4.8,9.13,1.07,3.72,5.6,9.31,7.57,2.83,7.19,12.34,1.54,1.07,4.07,6.62,8.43,7.81,8.63,13.18,7.17,6.56,6.34,5.35,4.99,7.81,4.9,6.62,6.97,5.94,8.29,3.82,5.15,2.46,5.45,4.33,6.43,6.83,7.31,9.94,8.78,6.78,6.79,5.75,3.61,5.65,6.88,9.32,13.15,5.8,1.26,6.31,6.76,7.64,6.47,7.13,2.1,4.24,5.77,5.8,6.8,4.83,3.68,6.48,5.61,9.75,6.41,3.62,5.34,7.31,6.67,1,6.48,7.84,8.24,7.52,9.54,0.49
"gsm336216ul","UL","GSE13319_UL",5.58,8.92,8.37,4.88,4.87,8.32,2.6,7.32,11.54,5.25,4.47,4.19,6.41,7.01,6.15,4.13,7.73,5.4,7.81,5.18,2.92,4.42,8.01,4.26,3.82,12.49,7.99,0.49,4.47,7.22,8.85,6.22,7.93,5.09,4.94,8.17,9.95,6.61,2.85,3.47,6.13,0.26,7.9,12.01,9.67,7.25,4.91,6.13,0.85,8.42,5.91,3.04,8.5,5.04,3.79,9.17,0.38,3.63,6.06,10.37,7.95,2.34,8.11,12.44,2.04,0.26,4.13,7.18,8.3,8.77,8.58,12.74,1.68,6.85,6.68,5.03,4.85,8.75,6.37,7.07,7.47,6.38,8.05,4.45,5.59,2.38,5.06,4.42,6.46,7.67,7.63,10.81,8.41,7.51,6.43,6.31,4.14,6.18,7.57,9.52,12.58,3.14,1.07,6.5,7.3,7.62,6.21,6.69,1.89,4.5,6.71,6.07,6.69,4.24,3.81,7.14,5.91,9.61,6.25,3.56,5.03,7.7,7.27,0.14,6.19,7.82,8.77,8.15,9.77,1.14
"gsm336217ul","UL","GSE13319_UL",6.04,8.58,6.8,5.1,5.05,7.23,0.32,5.17,11.39,4.49,4.89,4.63,4.57,6.45,3.17,3.91,6.93,5.19,6.8,5.62,2.79,5.03,8.98,3.8,4.35,12.24,6.26,0.95,4.61,6,8.06,5.2,6.71,5.98,5.07,5.73,10.53,5.59,3.13,3.63,5.1,0.14,6.97,12,9.35,6.94,4.8,4.64,0.77,7.84,6.01,-0.32,7.18,1.54,2.58,9.93,0.49,3.15,5.44,10.35,6.59,1.69,6.2,12.78,4.34,-0.15,4.92,5.75,8.27,7.9,8.65,13.25,3.73,7.18,6.62,5.56,4.1,6.98,5.53,5.12,5.93,5.47,7.37,3.58,3.61,2.29,4.35,4.16,5.94,7.15,6.9,8.84,7.48,5.49,6.45,6.21,0.14,5.26,6.03,8.39,13.27,6.65,0.38,5.31,6.27,6.99,5.91,5.71,1.96,2.32,5,5.44,6.55,5.13,3.17,6.19,5.22,8.35,5.98,-0.32,4.86,7.32,6.63,1.2,6.62,6.99,8.45,5.66,9.53,2.66
"gsm336218ul","UL","GSE13319_UL",5.46,8.81,7.32,4.05,5.94,7.2,2,6.69,11.29,4.49,5.24,4.91,4.47,6.45,4.45,3.27,6.96,5.54,6.93,5.81,2.05,6.06,8.53,4.66,2.79,12.02,6.19,1.07,5.35,6.24,7.96,6,7.09,5.28,5.19,7.16,10.05,6.49,3.05,1.46,6.39,2.07,7.49,12.08,9.71,7.65,3.82,5.23,1.68,8.02,5.75,3.07,7.55,3,2.29,8.76,1.2,4.49,5.9,9.09,7.35,2.88,7.45,11.95,3.96,0.93,5.33,6.33,8.39,7.81,8.61,12.64,3.04,6.52,6.45,5.27,4.69,7.79,5.38,6.15,6.77,5.92,7.64,5.33,4.52,2.83,5.05,4.28,6.38,6.89,8,9.56,8.07,7.53,6.33,5.57,3.54,6.16,6.86,8.71,12.71,5.29,-0.15,6.14,6.22,7.25,6.39,6.84,3.7,4.3,5.63,5.63,7.13,4.3,3.27,6.33,5.5,9.39,6.41,4.17,5.03,7.26,6.73,1.14,7.74,7.16,8.72,6.56,9.11,1.2
"gsm336219ul","UL","GSE13319_UL",5.99,8.24,6.02,4.7,4.94,6.82,2.14,6.55,10.72,3.75,5.23,4.08,4.87,6.33,3.51,2.39,6.74,4.77,7.08,5.34,2.23,6.13,7.42,3.53,3.36,12.54,5.57,1.68,2.77,6.73,8.07,4.83,6.8,5.09,4.65,7.9,9.71,6.95,3.68,3.8,5.06,2.56,7.87,11.66,10.03,6.72,4.33,5.89,3.72,8.51,6.36,-0.15,8.3,4.47,0.38,9.02,0.68,3.53,5.4,9.82,6.91,7.46,7.28,12.16,3.81,1,4.75,5.9,7.73,7.61,9.4,12.82,2.07,7.23,6.28,5.55,4.86,6.71,4.2,7.11,7.81,5.05,7.71,5.03,5.29,2.46,4.76,4.07,5.48,7.2,7.37,10.48,8.34,7.38,6.71,4.96,4.64,6.22,7.24,9.26,12.88,6.9,0.68,6.81,5.93,6.63,6.52,6.45,3.77,4.12,5.76,5.43,6.28,4.72,2.68,5.9,4.59,10.03,6.14,3.12,5.15,7.12,7.02,1.2,6.43,6.95,7.62,6.96,9.72,-0.32
"gsm336220ul","UL","GSE13319_UL",4.83,8.46,7.91,3.98,5.55,7.91,0.63,6.44,11.55,4.89,5.67,3.86,5.25,6.36,3.64,4.58,7.02,5.75,7.22,5.83,1.77,4.53,9.33,4.37,3.28,12.42,7.32,0.42,4.92,6.68,8.19,5.8,8.23,6.04,5.17,7.2,9.98,6.63,3.36,2.49,6.37,0.58,7.56,12.15,9.39,7.39,4.89,5.14,1.32,8.23,6.09,2.04,8.75,3.2,2.49,9.08,3.51,4.06,5.76,10.02,7.43,2.69,8.01,12.13,2.14,1.58,4.98,6.04,8.47,7.73,8.2,12.82,6.54,6.61,6.52,5.69,4.4,7.72,5.3,6.65,7.32,6.06,7.98,3.69,4.68,2.7,6.19,4.13,6.46,7.6,7.09,9.93,8.32,6.47,6.45,6.38,1.93,6.19,7.39,9.54,12.89,4.24,0.38,5.44,6.89,7.64,6.37,6.97,2.17,1.07,5.6,6.27,6.42,5.3,3.45,6.41,5.3,9.35,6.36,0.85,5.57,7.34,7.03,0.77,6.12,7.97,7.79,7.56,9.42,-0.51
"gsm336221ul","UL","GSE13319_UL",5.48,8.81,8.14,4.82,5.3,7.11,2.72,7.03,11.36,5.22,4.7,4.31,5.29,6.18,0.96,3.21,7.04,5.38,6.99,5.97,2.35,3.91,9.58,4.37,1.96,12.25,6.54,0.68,4.19,6.67,8.15,5.82,8.15,5.86,5.16,7.6,9.95,6.25,3.02,3.18,6.02,0.14,7.77,12.46,9.65,7.42,4.43,5.33,0.85,8.36,5.85,3.56,8.32,3.79,4.79,9.06,1.07,2.62,6,9.68,7.25,2.68,7.61,12.22,1.93,-1,4.46,6.74,8.14,7.02,8.58,12.75,5.8,6.6,6.92,5.33,4.34,7.46,5.41,6.46,7.52,6.24,7.69,1.38,5.11,1.77,5.75,3.72,6.17,6.92,7.3,9.66,8.32,6.07,6.84,6,3.79,5.79,7.56,9.62,12.95,4.27,0.14,5.81,6.96,7.45,6.37,6.68,3.87,4.02,5.26,6.04,6.58,4.19,2.41,6.65,6.08,9.82,6.37,3.04,5.1,7.43,6.97,0.49,6.64,7.76,8.31,7.08,9.44,-0.32
"gsm336222ul","UL","GSE13319_UL",5.2,9.02,7.18,4.61,4.97,7.31,0.43,5.68,11.61,3.77,4.85,4.57,4.71,6.14,3.11,4.19,6.83,4.99,6.86,5.39,2.15,4.54,8.24,3.77,4,12.37,5.9,0.55,5.83,6.43,8.16,5.33,6.42,5.71,5.02,6.59,9.9,6.47,3.32,2.17,6.08,0.68,7.75,12.07,9.83,7.19,5,5.56,1,8.03,6.17,3.32,8.51,3.25,4.4,9.19,2.35,2.67,5.72,9.47,6.62,2.82,8.07,12.07,2.17,-0.51,4.61,5.29,8.33,8.22,8.67,13.02,8.99,6.89,6.6,4.75,5.64,8.37,5.58,6.81,7.75,5.86,7.73,2.87,5.51,2.49,5.36,3.75,5.98,6.4,8.22,9.75,8.32,7.04,7.02,4.94,0.14,5.85,6.64,8.34,12.92,5.6,1,5,6.23,8.15,6.24,6.44,3.81,4.09,5.87,5.77,6.91,4.61,2.89,6.25,4.52,9.87,5.79,0.77,5.01,6.36,6.58,1.32,6.98,8.01,8.11,5.98,9.5,-1.32
"gsm336223ul","UL","GSE13319_UL",6.12,8.74,7.41,4.42,5.72,7.83,0.77,6.25,11.77,5.3,5.4,4.73,5.58,6.2,4.35,4.56,7.27,6.23,7.1,6.38,2.64,3.9,9.17,4.02,3.86,12.62,6.93,1,5.27,6.38,8.19,5.96,7.45,6.09,5.49,8.27,10.04,6.17,3.71,3.9,6.22,0.68,8.07,12.72,9.55,7.16,4.84,5.54,2.77,8.68,5.85,1.38,8.22,4.69,2.89,9.1,0.58,3.76,6.02,7.58,7.33,2.89,7.37,12.98,2.32,0.77,5.42,7.31,8.56,7.58,8.44,13.25,6.56,6.55,7.31,5.39,4.4,8.53,5.61,6.76,7.16,5.39,8.15,3.99,5.23,2.85,5.47,3.99,6.45,6.59,7.86,10.06,8.19,7.06,6.55,6.45,1.89,5.59,7.08,9.71,13.24,4.96,0.68,7.12,6.65,8.09,5.99,6.59,2.77,4.58,5.93,6.33,6.77,8.77,4.56,6.98,5.6,9.94,6.43,3.42,5.61,7.28,7.1,1.07,6.93,7.57,8.74,7.32,9.59,2.17
"gsm336224ul","UL","GSE13319_UL",4.82,9.21,6.76,4.58,5.29,7.57,1.17,6.47,11.83,4.86,5.81,4.43,4.93,6.29,4.43,2.43,6.79,5.11,7.17,5.03,2.87,5.66,8.63,4.19,1.66,12.39,5.88,0.3,5.83,6.7,8.05,6.45,7.16,5.17,4.9,7.37,9.92,5.91,3.12,3.31,6.04,1.43,7.65,12.5,9.6,7.52,3.19,5.14,1.49,8.78,5.88,3.86,7.9,4.52,2.58,8.98,0.68,4.49,5.82,6.89,7.35,3.14,7.47,12.73,2.46,0.77,4.39,6.11,8.75,7.94,8.3,13.11,6.45,6.33,7.07,4.2,4.79,8.69,4.77,6.76,7.48,5.73,7.92,2.07,5.48,2.56,5.53,3.04,6.24,6.54,7.4,9.75,8.11,7.72,6.76,5.02,4.17,5.89,7.36,9.06,13.14,4.9,0.38,6.22,6.39,7.35,6.31,6.49,2.23,1.72,5.33,5.82,6.71,5.66,3.64,6.71,5.58,9.74,6.48,5.7,4.55,7.53,6.91,1,6.91,7.28,8.69,7.07,9.81,0.93
"gsm336225ul","UL","GSE13319_UL",5.55,8.76,8.14,5.36,5.32,7.71,2.45,6.6,11.69,5.31,5.18,4.3,5.76,6.1,5.43,4.46,6.89,5.82,6.95,5.49,2.42,5.27,8.56,3.53,4.12,12.56,6.44,0.55,5.54,6.74,8.05,5.76,8.05,5.57,5.48,8.16,9.55,5.94,3.39,2.66,5.75,0.58,7.66,12.44,9.45,6.98,4.2,5.26,2.77,8.63,5.84,3.1,8.17,3.19,3.56,8.99,2.07,2.97,5.94,7.82,7.02,2.69,8.01,12.74,2.07,0.68,5.04,6.61,8.05,8.26,7.99,13.17,7.22,6.58,7.02,5.53,4.88,8.55,5.54,6.64,7.6,5.32,7.96,1.89,5.12,2.43,5.49,3.96,5.75,7.21,6.7,9.99,8.28,7.56,6.79,6.3,2.38,5.89,7.47,9.76,13.1,4.27,1.68,6.21,6.44,7.63,6.23,6.46,2.14,2.96,5.31,6.1,6.88,5.31,2.45,6.64,5.85,9.63,6.16,4.89,5.43,7.25,6.65,0.85,6.92,7.97,8.45,7.38,9.51,-0.15
"gsm336226ul","UL","GSE13319_UL",5.86,8.68,7.14,4.53,5.07,6.79,2.41,6.41,11.1,4.04,4.49,3.83,5.05,6.3,4.12,4.61,6.59,4.99,6.61,4.48,1.87,5.04,8.47,3.2,2.41,11.71,5.69,-0.21,3.78,6.79,8.12,5.45,6.6,5.48,4.86,6.79,9.54,6.32,3.36,2.29,5.96,-0.15,7.2,11.9,9.87,6.7,3.93,5.07,0.38,8.92,5.97,2.41,7.59,2.89,2.49,8.78,0.49,6.4,6.12,9.15,7.13,7.25,6.76,11.53,1.43,-0.15,4.21,6.15,8.23,7.13,8.56,12.14,0.38,6.3,6.31,4.75,4.55,8.38,4.95,6.28,6.56,4.89,7.69,7.03,5.95,2.46,5.45,3.82,6.07,7.4,7.65,10.04,7.92,4.82,7.58,4.9,1.49,5.59,7.03,8.79,12.27,4.49,0.38,6.56,6.16,5.07,7.01,6.6,2.74,1.32,5.55,5.28,6.91,6.96,3.57,7.01,6.09,9.19,6.17,-0.51,4.71,7.09,6.52,1.07,6.84,8.04,7.6,6.53,9.27,-3.32
"gsm336227ul","UL","GSE13319_UL",3.67,8.86,7.27,5.26,5.38,7.94,3.19,6.49,11.27,5.54,5.8,4.82,5.31,6.91,2.84,4.44,6.23,5.2,7.1,4.67,2.24,6.04,9.31,4.66,3.85,12.53,7.55,1.28,2.98,6.99,8.42,6.16,7.57,5.29,5.15,7.06,10.27,6.35,4.21,2.1,6.34,0.49,8.37,12.36,9.57,7.25,5.34,6.41,3.67,9.57,6.32,1.85,8.39,3.73,2.7,8.03,3.62,3.98,6.35,10.35,8.41,7.38,8.05,12.46,1.32,0.68,3.85,7.14,8.98,6.8,8.3,13.01,2.2,6.12,6.94,5.03,4.54,8.69,5.47,6.13,7.09,5.31,8.37,3.2,5.66,2.49,5.49,3.31,6.6,7.85,6.87,10.01,8.23,6.04,6.25,6.04,2.56,5.92,7.64,9.28,12.83,4.48,1.14,8.58,6.43,6.83,6.94,7.04,1.85,2.23,5.55,5.81,7.13,6.58,2.47,7.33,6.23,9.97,6.74,2.35,5.29,7.48,6.94,1.26,7.28,7.41,8.59,7.71,9.32,0
"gsm336228ul","UL","GSE13319_UL",6.8,8.97,7.64,4.84,5.82,7.57,0,7.06,11.35,3.74,5.83,4.84,5.77,6.75,5.44,4.5,6.26,4.73,7.07,4.01,3.55,4.49,8.25,4.17,5.05,12.68,5.99,0.68,4.66,7.26,8.46,5.4,7.56,5.79,5.13,6.07,10.26,6.8,3.81,3.5,6.4,1.26,7.79,12.48,9.33,6.92,3.62,6.61,2.14,9.58,6.34,1.2,7.92,3.12,2.74,8.11,3.64,5.12,6.58,9.33,7.93,6.3,7.39,12.05,2.68,-0.32,2.92,6.3,8.47,6.66,8.38,13.11,2.17,5.86,6.8,4.23,5.02,8.69,5.08,6.99,7.22,5.8,8.07,7.32,6.32,3.09,6,4.65,6.85,8.35,7.44,10.75,8.38,6.68,7.66,5.58,1.14,6.33,7.22,9.26,13.02,4.13,0.58,6.89,6.78,4.81,7.23,6.75,4.34,4.22,6.96,5.68,7.51,4.64,3.22,8.26,6.01,9.44,6.56,2.7,5.16,5.91,6.95,1.77,7.29,8.44,8.63,6.88,9.4,-1
"gsm336229ul","UL","GSE13319_UL",5.55,8.47,7.39,4.51,5.01,7.63,1.43,6.54,11.49,5.26,5.06,4.38,5.27,6.71,4.12,4.47,6.09,5.86,6.93,4.82,2.85,4.93,8.73,3.9,4.41,12.31,6.79,0.14,4.81,6.33,8.18,6.06,7.61,5.85,5.26,7.12,9.92,5.89,3.49,3.19,6.3,1,7.45,12,9.45,6.96,3.49,5.71,1.14,8.62,6.27,4.65,8.27,1.26,4.63,9.04,1,2.8,5.63,8.49,7.7,2.08,7.19,12.19,1.38,0.77,5.87,6.22,8.46,7.75,8.13,12.95,3.39,6.85,6.98,5.58,4.85,8.4,5.56,6.16,6.86,4.73,8.1,6.31,4.41,2.29,5.57,3.94,6.25,7.65,7.38,9.35,7.93,6.5,6.67,5.82,2,6.09,7.32,9.35,12.77,4.35,0.49,6.16,6.5,7.09,6,6.9,4.1,2.81,5.21,6.04,6.94,5.39,3.79,6.17,5.12,9.28,6.14,2.68,5.25,7.44,6.9,0.58,7.27,7.84,7.98,6.99,9.44,-1.32
"gsm336230ul","UL","GSE13319_UL",5.37,8.62,7.18,4.66,4.87,7.27,1.23,6.38,11.65,4.5,5.31,4.81,5.22,6.11,4.24,3.96,6.3,5.72,6.74,5.55,1.3,5.5,8.78,3.95,3.13,12.41,7.1,0.49,4.95,6.45,8.09,5.87,7.42,5.84,4.86,6.97,9.89,6.29,3.49,3.62,6.06,0.14,7.35,12.05,9.75,6.99,4.24,5.54,1.32,8.83,6.1,2.83,7.93,1.38,4.93,9.09,1.26,2.94,5.7,9.34,7.34,1.98,7.38,12.27,1.85,0.26,5.63,6.22,8.17,7.64,8.53,12.84,4.6,6.83,6.8,5.42,4.67,8.14,5.37,6.01,6.75,5.72,7.86,4.02,4.76,1.63,5.19,4.15,6.33,7.43,7.68,9.51,7.97,6.11,6.76,5.31,0.77,5.77,6.95,9.06,12.76,5.44,0.49,5.27,6.28,7.49,6.22,6.61,2.54,2.54,5.46,5.61,6.69,5.05,3.39,6.32,5.37,9.25,6.2,0.38,5.09,7.49,7.06,0.38,6.83,7.63,8.17,6.62,9.31,-1.32
"gsm336231ul","UL","GSE13319_UL",5.9,8.79,6.98,3.58,4.99,7.72,1.29,7.15,11.48,6.02,5.37,4.56,5.63,6.65,3.16,4.39,6.42,5.9,7.08,6.42,2.27,5.14,9,4.34,4.43,12.35,7.01,0.22,2.96,6.71,8.25,6.06,7.82,5.68,4.84,7.39,10.12,6.24,3.97,2.56,6,0.26,7.87,12.28,9.6,7.63,4.3,5.86,1,8.91,5.93,3.43,7.97,4.71,2.41,8.97,1.43,3.16,5.91,9.1,8.17,2.64,7.51,12.31,3.57,-0.15,5.55,6.75,8.41,7.23,8.45,12.99,2.68,6.52,6.97,5.89,4.18,8.14,5.42,6.23,6.57,6.07,8.29,5.36,4.77,2.68,5.74,3.77,6.58,7.29,7.45,9.77,8.21,6.42,6.69,6.12,2.38,6.32,7.13,9.38,12.92,4.73,0.38,6.73,6.59,7.21,6.37,7.2,1.89,4.44,5.19,6.05,6.98,4.07,2.23,6.21,5.3,9.42,6.56,3.38,5.39,7.44,7,0.49,7.36,7.5,8.49,6.85,9.46,-2.32
"gsm336232ul","UL","GSE13319_UL",5.03,8.94,7.64,4.69,5.37,7.66,0.77,7.19,11.91,6.52,6.18,4.94,6.01,6.26,3.77,4.53,7.17,5.41,7.11,5.13,3.16,4.52,8.66,4.57,2.82,12.28,6.27,0.74,4.18,6.84,8.57,5.31,7.47,5.28,5.24,8.03,10.12,5.82,2.41,3.26,6.33,0.49,8.03,12.28,9.34,7.41,5.21,6,1.49,8.47,6.14,0.58,7.99,4.77,2.63,8.61,1.49,3.61,5.87,9.87,7.59,3.59,7.73,12.39,3.52,0.77,3.77,6.59,8.05,7.83,9.39,13.13,2.66,6.63,6.54,4.7,5.79,8.57,4.88,6.89,7.83,6.13,7.85,3.34,5.71,3.29,5.15,4.34,6.52,7.35,7.56,10.2,8.4,6.38,6.79,6.36,3.05,5.49,7.4,9.43,13.14,4.17,0.77,6.55,6.59,6.33,6.91,6.78,3.05,4.78,5.66,5.74,6.82,5.62,4.12,7.67,5.3,9.67,6.75,2.74,5.4,6.53,6.92,1.49,6.51,7.59,8.26,7.45,9.72,0.26
"gsm336233ul","UL","GSE13319_UL",5.68,8.73,7.87,4.51,6,7.8,0,5.38,10.87,5.73,4.57,4.06,5.01,6.6,4.75,5.29,6.97,6.13,6.3,4.32,3.9,5.14,8.1,4.28,3.18,12.17,6.83,0.82,6.26,5.85,8.02,5.39,6.8,5.21,5.24,6.85,9.95,5.92,3.9,4,3,0.85,7.42,11.77,9.44,7.26,4.36,5.54,2.26,8.82,6.22,1.68,7.5,3.47,2,8.68,3.02,4.18,5.54,9.05,7.15,4.51,6.61,11.83,2,1.63,4.42,5.64,7.72,8.6,9.61,12.61,2.41,6.28,6.65,5.23,5.05,8.1,4.98,5.9,6.79,5.72,7.39,4.66,4.98,3.94,6.2,4.86,6.81,7.77,7.22,9.45,7,6.71,6.62,6.4,1.2,6.15,6.57,8.19,12.61,6.18,1.49,6.68,6.12,5.64,7.21,6.91,4.28,2.23,6.01,5.49,7.13,5.54,4.27,7.23,5.75,8.85,5.4,2.46,4.97,7.48,6.82,1.63,6.96,7.05,7.96,5.59,9.12,-0.32
"gsm336234ul","UL","GSE13319_UL",5.94,8.81,7.14,5.51,5.61,7.21,0.07,5.44,11.15,4.87,2.66,4.33,4.94,6.38,4.66,4.84,6.65,5.89,6.18,4.86,3,5.48,7.94,4.51,2.97,12.2,6.4,0.85,5.91,4.29,7.84,3.41,5.74,5.13,5.23,6.35,10.24,5.87,4.97,3.15,6.04,0.26,7.24,11.92,9.97,7.41,4.08,5.27,1.14,7.79,6.18,0.38,7.15,5.65,1.54,8.72,1.49,5.18,5.35,9.96,6.71,4.09,6.34,12.04,1.85,1,5.22,5.89,7.76,7.54,8.13,12.81,1.81,6.91,6.16,5.38,4.87,7.94,4.59,5.98,6.05,5.15,7.58,4.43,4.8,3.55,5.31,5.1,6.38,7.66,7.67,9.21,7.47,6.5,5.72,5.66,2.35,6.21,6.4,7.76,13.03,6.79,0.26,6.16,6.42,7.23,6.39,6.3,5,4.43,6.34,5.28,6.88,5.04,3.58,5.47,5.38,9.21,4.59,1.14,5.06,6.98,6.38,0.93,6.71,7.08,7.82,6.05,9.16,2.54
"gsm336235ul","UL","GSE13319_UL",5.26,9.01,7.38,4.52,4.69,7.31,2.12,6.27,11.82,5.33,4.64,5.22,4.67,5.87,3.28,2.74,6.28,5.61,6.74,5.1,2.16,5.23,8.68,4.32,3.6,12.4,6.28,1.54,3.56,6.48,7.87,6.18,7.55,4.81,4.68,6.95,10.32,5.87,3.21,3.56,6.03,-0.32,7.71,12.6,9.79,7.41,3.69,5.09,0.93,8.6,5.79,3.25,8.18,4.73,3.7,8.83,0.85,4.22,5.76,9.5,7.14,2.96,7.13,12.46,2.07,0.77,4.33,6.06,8.7,7.12,8.77,13.19,5.7,6.45,6.23,4.55,4.93,8.41,5.05,6.22,7.27,5.61,7.82,3.46,5.33,1.54,6.01,3.16,6.4,7.1,7.37,9.59,8.47,7.2,6.21,4.56,4.3,6.36,7.47,9.4,13.32,3.74,0.38,5.2,6.73,7.66,6.28,6.58,1.2,4.38,5.45,5.34,6.38,4.58,2.41,6.72,5.39,9.58,6.43,6.34,4.5,7.58,7.11,0.38,6.19,7.48,8.25,6.86,9.54,2.32
"gsm336236ul","UL","GSE13319_UL",5.32,9.2,7.64,3.89,4.97,7,0.26,6.38,11.71,6.01,5.36,4.96,4.44,5.83,3.02,3.94,6.13,5.03,6.6,5.35,3.07,5.55,8.95,3.51,2.28,12.3,5.1,0.22,4.97,6.52,7.73,6.47,7.09,5.45,4.79,6.38,10.18,6.5,3.49,3.81,6.52,-0.15,7.62,12.37,9.66,7.56,2.89,5.03,1.14,8.38,5.77,3.19,8.25,2.35,2.7,8.8,1,4.63,5.71,9,7,2.32,7.32,12.46,1.43,0.68,4.21,6.09,8.59,6.95,8.91,13.14,2.79,6.45,6.37,4.74,5.09,8.09,5.02,6.63,7.24,6.36,7.53,4.23,5.05,2.2,6.08,3.8,6.62,6.07,7.47,9.28,8.44,6.75,6.39,4.65,3.14,5.88,7.34,9.02,13.34,2.55,0.38,5.5,6.99,7.29,6.19,6.58,3.91,4.77,5.62,5.09,6.38,4.75,2.54,6.69,5.31,9.55,6.37,6.46,5.02,5.99,7.18,0.49,6.39,7.57,8.4,6.51,9.43,1.81
"gsm336237ul","UL","GSE13319_UL",5.77,8.66,7.95,4.45,4.44,7.75,2.7,7.15,11.45,5.95,5.61,4.87,5.17,6.68,3.9,4.4,6.12,6.01,6.97,5.67,3.01,5.27,8.46,4.3,4.13,12.42,7.24,2.55,5.29,6.47,7.99,5.87,7.37,5.7,4.65,7.14,10.54,6.07,4.77,4.31,5.54,0.58,8.18,12.63,9.64,8.02,3.2,5.77,0.68,8.11,6.29,3.14,8.37,5.5,4.66,8.71,2.2,4.11,5.95,9.12,7.77,3.48,7.48,12.71,2.94,0,4.93,6.24,8.27,8.02,8.03,13.7,5.14,5.86,6.31,4.83,5.45,8.17,5.37,7.05,7.16,6.4,7.37,4.49,5.29,3.28,5.57,4.66,6.53,7.69,8.27,9.73,8.7,7.69,6.57,5.42,4.34,6.6,7.55,8.98,13.81,4.03,0.58,6.4,7.11,8.22,6.42,7.15,2.07,4.69,6.57,5.81,6.17,4.58,1.79,6.88,5.56,9.58,6.54,6.05,5.23,7.41,7.18,1.38,6,7.42,8.22,6.86,9.5,-0.32
"gsm336238ul","UL","GSE13319_UL",5.75,8.68,6.76,4.4,5.76,6.87,1,5.26,11.41,5.12,2.7,4.33,4.89,6.33,4.8,5.09,6.14,5.47,5.87,5.02,3.5,5.83,9.02,4.29,2.1,12.34,5.87,0.62,6.1,5.12,7.46,5.02,5.69,5.83,5.02,6.08,10.23,5.28,4.63,3.06,5.54,0.26,7.03,11.81,9.62,7.32,3.69,5,0.68,8.36,6.09,1.14,7.38,2.85,0.49,9.1,1.14,4.42,4.93,8.23,6.74,3.68,6.2,11.87,2.58,1.49,5.15,5.43,7.57,7.45,8.59,12.66,4.99,6.82,6.42,5.34,4.46,8.02,4.69,5.14,6.11,4,7.59,4.66,5.21,3.49,5.9,5,6.34,7.22,7.04,8.44,7.01,6.13,6.37,5.94,1.96,6.43,6.07,7.66,12.8,6.68,0.26,5.85,6.33,6.53,6.44,6.16,3,0.93,5.46,5.07,6.86,5.85,3.19,5.78,5.07,8.85,4.95,1.49,5.55,7.61,6.48,1,7,7.41,7.67,5.5,9.17,0.14
"gsm336239ul","UL","GSE13319_UL",6.21,8.98,7.12,4.92,6.4,7.05,3.49,5.26,11.18,5.72,3.05,4.2,4.84,6.79,5.24,5.57,5.57,6.46,6.44,5.42,3.39,6.31,8.62,5.17,4.75,12.04,6.22,1.57,6.64,6.26,7.35,6.17,6.46,6.27,5.45,4.42,10.3,5.94,4.91,3.79,6.68,1.96,7.42,11.95,9.61,8.06,3.04,6.3,1.81,8.21,6.45,4.53,7.16,4.93,1,8.98,1.96,2.2,4.8,8.99,6.81,4.54,6.08,12.39,2.77,1.2,5.36,6.08,7.97,7.81,7.17,13.07,4.87,6.61,6.53,5.88,5.3,7.36,5.33,5.54,6.89,4.78,8.02,5.6,5.19,3.7,6.45,5.27,7.44,8.6,7.59,8.81,6.84,6.84,5.65,5.72,1.07,6.47,6.48,7.35,13.46,7.41,1,4.33,6.56,6.87,6.78,6.51,3,2.07,6.26,5.32,6.97,5.77,4.56,5.85,5.77,9,4.78,1.32,5.97,7.95,6.55,2,6.26,6.97,8.58,3.7,9.17,-0.32
"gsm336240ul","UL","GSE13319_UL",5.18,8.82,6.73,4.43,5.15,7.05,2.7,6.03,11.68,6.34,5.54,4.54,5,5.85,2.75,4.72,6.81,5.61,6.96,6.06,2.77,5.87,9,4.13,2.75,12.15,6.21,1.09,4.23,6.68,8.12,6.06,7.41,5.99,4.94,6.97,10.12,6.23,3.26,2.29,6.29,-0.32,7.66,12.35,9.7,7.55,4.21,5.47,1.43,8.2,5.72,4.22,7.96,2.61,0.26,8.98,0.38,4,5.48,9.86,7.07,2.72,7.24,12.06,2.23,0.85,5.16,6.34,8.48,7.06,8.56,13.07,5.17,7.03,6.71,4.96,4.89,7.73,5.06,6.38,7.22,5.98,7.98,4.55,3.42,2,5.96,4.47,6.24,6.78,7.18,9.8,8.65,6.37,6.94,5.27,1.85,5.82,7.57,9.13,13.09,3.68,0.38,5.44,6.52,7.53,6.32,6.88,2,0.58,5.36,5.39,6.67,4.83,3.37,6.13,5.88,9.59,6.31,4.42,5.31,6.92,6.85,0.38,6.37,7.63,8.11,6.72,9.5,-2.32
"gsm336241ul","UL","GSE13319_UL",5.29,8.71,6.59,4.87,5.33,6.91,3.42,6.34,11.69,5.82,5.34,4.73,5.32,6,3.19,3.8,6.39,4.93,6.65,6.26,1.99,4.74,9.6,3.81,3.61,12.26,6.15,0.95,4.8,6.46,8.12,6.3,7.37,5.79,4.95,7.24,10.04,6.18,2.7,1.77,6.12,-0.32,7.49,12.2,9.56,7.62,4.39,4.82,0.38,7.93,5.55,4.5,7.7,1.93,2.56,9.34,0.38,3.41,5.84,9.7,7.21,1.87,7.3,11.66,1.85,0.68,5.13,6.41,8.31,6.74,8.85,12.78,5.31,6.79,6.85,5.26,4.75,7.57,5.26,6.18,6.82,6.03,7.71,5.13,4.17,2.04,5.86,3.14,6.23,6.19,7.93,9.59,8.29,5.8,6.8,5.86,0.77,6.18,7.13,9,12.87,1.35,0,5.35,6.5,7.25,6.18,6.83,2.1,4.1,5.03,5.43,6.64,3.6,2.2,6.13,5.42,9.55,6.35,-0.51,4.83,7.33,6.8,0.38,6.33,7.62,8.3,6.17,9.51,1.07
"gsm336242ul","UL","GSE13319_UL",5.41,8.85,6.44,4.05,5.25,7.65,1.23,6.15,11.77,5.47,5.45,5,5.28,6.15,3.51,4.44,6.33,5.4,6.65,5.22,2.41,5.18,8.92,4.42,3.29,12.17,6.17,1.07,4.63,6.73,7.74,7.11,7.2,5.86,4.98,8.34,10.34,6.32,4.24,3.56,6.26,1.81,7.96,12.52,9.31,7.21,4.99,5.5,1.89,7.81,6.31,2.29,8.26,3.05,2.93,8.96,2.23,4.25,5.88,9.53,7.6,3.48,6.76,12.14,2.63,0.14,5.12,6.01,8.49,7.13,8.58,13.1,4.77,6.56,6.77,5.35,4.95,7.47,5.62,5.87,7.08,5.23,7.86,4.64,5.51,2.63,5.89,3.61,6.86,7.62,7.61,9.05,7.87,6.54,6.54,5.63,2.1,5.51,7.05,8.72,13.36,5.41,0.77,6.23,6.66,7.2,6.64,6.55,2.04,2.58,6.17,5.33,6.48,9.75,2.62,6.65,6.17,9.11,6.23,3.62,5.69,7.42,7.21,1.2,7.35,7.3,8.18,6.84,9.39,2.58
"gsm336243ul","UL","GSE13319_UL",4.79,8.76,8.01,4.69,5.66,7.49,2.54,7.02,11.61,5.95,5.6,4.71,6,6.21,3.63,4.36,7.3,4.46,6.86,4.32,2.74,4.5,8.25,4.3,3.06,12.4,6.07,0.49,4.52,6.74,8.51,5.32,7.77,5.4,4.88,7.79,10.15,6.21,3.17,3.42,5.65,0,7.5,12.34,9.66,7.28,5.17,5.59,1.43,8.63,5.95,2.87,7.46,4.22,5.26,8.68,1.49,2.68,5.78,9.94,7.52,4.33,7.62,12.15,4.48,-0.15,3.66,6.55,8.28,8.04,9.51,12.9,1.07,6.72,6.67,4.96,5.27,8.45,4.76,6.84,7.55,6.21,7.82,1.81,5.74,1.14,5.72,3.52,6.2,6.53,7.85,10.06,8.57,6.35,7.05,6.43,1.43,5.61,7.2,9.45,12.93,3.63,0,6.47,6.5,6.09,6.95,7.08,1.89,2.87,5.98,5.31,7.12,6,2.38,7.97,5.75,9.32,6.57,2.32,4.62,7.09,6.87,0.68,7.17,7.86,8.17,7.83,9.43,1.96
"gsm336244ul","UL","GSE13319_UL",5.69,8.74,8.48,5.35,4.84,7.61,3.3,6.59,11.31,6.24,5.25,3.09,5.53,6.88,5.26,3.76,6.43,5.77,7.16,5.39,3.52,5.56,8.02,3.58,4.79,12.33,6.73,1.79,5.49,6.67,8.46,6.28,7.2,5.81,4.75,7.9,10.08,6.53,4.07,3.33,5.27,1.54,7.76,12.04,9.84,7.22,5.04,6.44,1,8.48,6.22,2.54,8.1,3.46,2.17,8.71,1.26,3.15,6.01,8.68,7.77,3.9,7.43,12.83,3.81,0.93,4.41,6.78,8.52,8.53,8.1,13.24,5.02,6.51,6.32,5.15,5.6,8.93,5.37,6.61,7.29,5.71,8.16,4.65,5.44,2.87,6.1,5.25,6.8,7.66,7.63,10.29,8.25,7.58,6.36,5.28,5.31,6.23,7.05,9.37,12.99,5.19,1.49,6.93,6.96,7.46,6.76,7,2.94,4.34,6.04,5.81,6.43,5.54,4.61,6.36,6.33,9.56,6.08,5.23,5.46,7.6,6.41,1.93,6.19,7.44,8.45,6.65,9.43,-0.74
"gsm336245ul","UL","GSE13319_UL",5.63,8.69,7.08,4.95,5.83,7.41,3.05,6.36,11.5,5.36,5.13,4.16,5.22,6.04,4.25,4.36,6.71,5.52,6.81,6.56,2.83,4.32,9.03,3.96,3.11,12.29,6.82,1.07,4.39,6.25,8.08,5.69,7.22,5.47,4.93,8,10.42,6.35,3.64,3.55,5.86,0,7.96,12.35,9.41,7.25,1.87,5.5,1.07,8.31,5.96,3.9,7.69,4.15,2.93,9.1,0.93,3.19,5.8,9.53,7.15,2.52,7.46,12.79,2.23,0,4.64,6.25,8.28,7.81,8.23,13.34,6.71,6.53,6.7,5.41,4.51,7.79,5.56,6.28,6.77,6.24,7.67,1.93,5.19,3.15,5.67,4.33,6.22,6.99,7.95,9.68,8.11,6.26,6.74,5.12,1.2,6.11,7.46,8.82,13.25,5.77,0.38,5.02,6.68,7.39,6.25,6.39,3.74,1.68,5.99,5.39,6.92,7.21,3.93,6.35,5.61,9.53,6.2,2.87,5.4,7.79,7.31,0.85,7.36,7.18,8.69,6.66,9.18,0
"gsm336246ul","UL","GSE13319_UL",6.3,8.99,6.92,5.26,6.06,7.56,2.32,6.1,11.76,5.92,6.02,5.05,4.78,6.22,3.8,3.9,6.43,4.21,6.29,4.98,2.42,5.63,8.66,4.29,3.97,12.28,6.02,1.4,5.03,6.89,7.99,5.19,7.23,5.57,5.68,7.04,10.56,5.51,3.73,3.19,6.2,0.38,7.84,12.66,9.83,7.54,5.15,5.07,1.26,8.37,6.2,3.94,7.5,3.15,3.12,8.63,1.43,3.5,6.05,9.13,7.1,4.02,7.66,12.47,2.74,1.07,3.82,6.49,8.27,7.91,8.53,13.67,6.25,6.6,7.42,4.82,5.99,8.67,5.23,6.4,7.48,5.47,8.03,4.31,5.37,2.66,6.6,4.37,6.5,6.89,8.19,9.59,8.45,7.12,6.8,4.77,4.19,6.14,7.45,8.83,13.69,6.73,1.58,5.99,6.75,7.53,6.29,6.5,3.42,3.8,5.9,5.45,6.9,5.42,4.21,7.05,6.04,9.68,6.44,3.26,5.34,6.58,7.19,0.93,7.4,7.28,8.62,7.07,9.22,-1.32
"gsm336247ul","UL","GSE13319_UL",5.46,8.74,6.39,4.75,5.71,6.47,-1.15,5.66,10.96,5.49,5.39,5.05,4.44,6.02,2.57,3.66,6.73,4.36,6.98,5.44,2.26,4.06,9.63,4.17,1.43,12.04,4.71,-0.05,4.24,6.38,7.96,5.38,6.95,5.28,4.25,7.39,10.06,6.2,3.17,2.02,6.36,0,7.55,12.13,9.29,7.67,3.72,4.76,1.14,8.23,5.71,2,7.45,2.68,2.07,8.4,1,4.52,5.61,8.52,6.82,1.96,6.6,11.64,0.77,-1,4.78,5.8,8.31,6.68,8.9,12.49,3.83,6.53,6.57,4.99,4.97,7.65,4.95,6,7.09,5.95,7.64,6.37,4.01,1.96,5.81,3.37,5.84,6.1,7.22,9.26,8.05,5.76,7.06,4.9,0.93,6.42,7.07,8.43,12.66,5.38,2.49,5.66,6.5,6.87,5.93,6.49,1.68,4.26,4.4,5.65,6.92,6.13,2.57,6.69,5.68,9.38,6.25,2.41,4.91,7.15,6.83,0.93,8.05,7.17,7.9,6.64,9.22,1
"gsm336248ul","UL","GSE13319_UL",4.81,8.6,7.29,5.28,6.03,7.21,0.77,6,11.66,5.33,4.27,4.78,4.65,6.23,3.29,4,6.55,5.22,6.56,6.04,1.31,3.95,9.63,3.88,3.93,12.4,6.86,0.82,3.38,6.7,8.17,5.3,6.88,5.83,5.01,7.87,10.15,6.57,4.02,3.63,6.01,0,7.68,12.37,9.43,7.39,4.17,4.88,0.58,8.29,5.92,0.85,7.72,3.31,1.26,8.97,1,1.07,5.96,9.22,7.24,2.6,7.14,12.38,2.14,-0.32,5.51,6.23,8.33,6.98,8.57,13.12,7.46,6.9,6.24,5.02,4.8,8.09,5.31,6.34,7.45,5.99,7.83,1.43,5.07,1.85,5.73,4.27,5.89,7.3,8.12,9.85,8.25,6.17,6.93,5.2,-0.74,5.77,7.14,9.04,13.23,5.59,0.49,4.98,6.32,8.04,6.33,6.58,2.29,3.66,5.85,5.66,6.38,7.06,2.14,6.37,5.29,9.13,5.94,1.43,4.33,6.48,6.84,1.32,6.71,7.87,7.71,6.65,9.63,1.63
"gsm336249ul","UL","GSE13319_UL",5.9,8.84,7.81,5.09,5.42,7.5,0.38,6.79,11.57,4.9,1.38,4.16,4.7,6.22,4.04,4.5,5.84,5.14,6.94,5.08,3.73,5.05,9.28,4.17,1.72,12.21,7.02,1.42,4.74,6.23,8.38,5.74,7.49,5.95,5.63,6.55,10.07,6.32,1.68,2.14,6.19,4.07,7.87,11.67,9.45,7.25,4.92,6.03,2.1,8.38,6.46,3.25,8.54,3.35,2.43,9.24,2.51,2.36,5.74,9.45,7.62,2.73,7.6,12.31,2.04,0.49,4.73,5.81,8.59,7.74,8.67,12.9,2.23,6.96,6.95,5.5,5.2,7.91,5.09,6.09,7.04,5.9,8.23,4.53,5.92,2.85,5.57,4.66,6.26,6.14,7.82,10.07,7.79,6.11,6.93,6.32,-0.15,5.61,7.31,9.38,12.86,4.25,0.68,6.29,6.87,6.2,6.86,6.86,2.35,4.18,5.59,5.43,6.76,5.19,3.34,7.43,5.78,9.37,6.73,1.07,5.04,7.65,6.67,0.77,6.82,7.5,8.04,6.49,9.49,0.26
"gsm336250ul","UL","GSE13319_UL",5.77,9.27,9,4.28,7.32,7.24,3.17,7.33,11.6,4.49,5.1,4.04,5.23,6.61,3.73,4.39,6.41,5.14,6.96,4.77,4.8,6.05,8.99,4.16,5.87,12.42,6.88,0.58,4,6.7,8.3,6.18,7.95,5.72,5.1,6.56,10.01,6.25,3.14,3.34,5.65,2.29,7.69,12.2,9.84,7.31,4.74,5.96,0.14,8.97,6.14,2.26,8.29,4.63,2.41,8.96,1.14,3.69,5.46,10.07,7.93,2.96,7.47,12.01,2.54,0.49,4.18,6.01,8.65,7.97,9.03,12.61,0.38,6.48,6.58,4.88,5.89,7.78,5.16,6.67,7.16,5.56,8.13,4.49,6.58,3.07,6.07,4.74,6.69,8.16,7.55,10.19,8.2,6.16,7.18,5.68,1,7.4,7.81,9.45,12.76,3.66,0.49,7.82,6.69,5.5,7.34,7.34,4.31,4.35,6.6,5.69,6.97,5.35,2.75,8.12,5.94,9.24,6.85,0.49,5.51,7.1,6.86,1,6.67,8.35,8.17,7.15,9.75,-2.32
"gsm336251ul","UL","GSE13319_UL",5.54,9.16,8.01,4.64,5.82,8.06,3.35,7.16,11.43,5.76,5.82,3.88,5.23,6.47,5.67,3.99,7.59,5.7,7.51,6.15,3.65,5,8.38,3.4,3.83,12.55,7.06,0.93,4.88,6.98,8.4,6.82,8.98,6.08,6.21,7.53,9.91,6.91,3.44,4.01,5.66,1.38,8.11,12.25,9.81,7.72,4.82,6.14,1.07,8.23,5.87,3.26,8.58,5.2,0.85,9.68,0.68,0.49,5.94,9.62,8.15,3.06,8.36,12.7,2.77,-0.51,4.89,6.87,8.49,8.49,8.11,13.04,1.85,6.95,6.74,5.8,5.28,8.18,5.6,6.84,7.73,6.11,8.58,3.67,6.19,3.07,5.77,4.46,5.96,7.43,7.7,10.74,8.6,7.07,6.3,8.05,1.81,6.61,8.16,9.82,12.8,3.79,0,6.38,6.7,6.51,6.45,7.08,1.81,4.61,5.85,6.18,6.58,6.87,2.32,7.37,5.29,9.93,7.16,1.14,6.25,7.8,6.75,1.26,6.23,7.67,8.69,7.33,9.66,-1.74
"gsm38689ul","UL","GSE2724_UL",5.74,7.78,6.13,2.66,4.05,6.95,-0.51,5.18,10.09,5.2,3.81,5.28,5.24,4.1,4.53,5.79,5.6,6.76,7.19,4.95,2.34,1.63,7.7,3.73,2.87,11.68,6.97,1.55,4.9,5.74,6.91,2.54,7.09,4.78,5.88,8.07,9.51,6.25,4.71,2,4.88,0.58,6.53,10.76,8.4,6.63,5.09,4.82,3.61,7.71,7.15,-0.74,7.41,3.42,1.81,8.76,3.57,0.49,5.64,8.66,7.78,5.22,5.92,10.88,2.2,0.14,3.74,5.75,6.62,6.49,8.14,12.74,6.99,4.64,6.37,4.69,4.36,7.02,5.55,6.59,6.76,3.57,7.34,1.93,5.27,3.04,4.79,4.49,6.19,7.83,7.26,8.49,7.11,5.85,5.89,5.08,2.17,5.81,5.98,8.34,12.79,4.05,-1,6.08,6.77,5.5,6.37,6.13,5.83,4.89,5.64,8.14,6.53,4.3,2.52,5.62,3.81,8.42,6.1,4.07,5.13,7.23,5.19,1.2,6.14,5.84,8.69,5.79,8.73,2.7
"gsm38690ul","UL","GSE2724_UL",5.58,8.3,6.18,1.43,4.17,6.39,-1,4.82,10.43,3.66,4.5,5.9,4.71,1.49,3.84,5.24,5.44,6.58,6.46,4.55,0.93,4.1,7.78,2.46,1.91,11.16,5.53,1,4.19,5.5,6.73,2.32,5.83,5.21,5.09,6.5,9.6,6.15,4.79,3.2,4.83,-0.32,6.55,11.2,8.47,6.91,5.15,4.3,4.27,7.63,6.53,1,6.73,4.41,1.49,7.69,2.68,1.43,5.48,8.19,7.11,3.54,4.63,10.59,0.68,0.68,3.29,5.55,7.16,6.47,7.79,11.91,6.69,3.69,5.98,4.93,4.79,7.3,4.62,5.55,6.64,4.64,6.43,2.96,4.1,2.2,4.59,3.6,5.89,6.4,7.7,7.49,6.66,6.31,5.59,5.24,1.32,5.66,5.94,8.05,12.62,2.85,-0.32,5.51,5.7,5.68,6.27,5.77,2.46,3.07,4.9,7.1,6.85,3.47,2.5,5.57,4.42,8.21,5.73,3.87,4.82,6.8,6.04,0.14,6.3,5.43,8.74,6.41,8.47,-1
"gsm38691ul","UL","GSE2724_UL",5.56,8.23,5.33,0.38,4.31,7.02,-1,5.04,10.22,4.79,4.11,6.98,4.92,3.45,4.09,5.71,5.6,6.21,6.49,4.22,1.54,2.51,6.65,4.04,1.87,11.15,6.5,0.98,6.05,4.97,6.35,3.15,6.72,4.39,5.65,3.86,9.27,5.76,4.31,4.4,3.57,0.49,6.4,10.62,8.31,7.15,5.52,5.05,2.26,7.58,6.71,-1.74,7.57,5.35,1.26,7.13,0.49,0.58,5.26,7.35,7.45,5.49,5.76,10.73,1.26,0.14,3.23,5.22,6.88,6.97,7.48,12.1,5.54,3.58,6.19,4.91,4.31,7.81,4.85,6.14,6.85,3.78,6.64,0.38,4.33,3.51,4.93,4.69,6.57,7.53,6.92,7.79,6.84,6.82,5.64,5.61,1,6.4,6.18,8.06,12.15,4.06,-0.74,4.05,5.94,6.27,6.55,5.78,4.63,3.17,5.55,7.55,6.92,2.54,3.04,5.69,4.43,8.33,6,3.12,4.15,6.85,5.22,-0.15,7.19,6.88,8.12,5.77,8.46,2.68
"gsm38692ul","UL","GSE2724_UL",3.15,7.85,5.56,1,3.73,6.72,2.2,4.18,9.92,2.77,0.77,3.02,4.32,4.69,5.13,4.82,5.63,6.27,5.8,4.78,4.26,2,6.7,2.29,1.56,11.51,5.89,1.65,5.13,4.89,6.47,2.89,6.93,3.34,5.37,7.28,9.82,6.62,5.31,5.38,5.3,1.85,6.4,10.19,9.07,7.19,5.22,5.13,4.11,7.72,5.9,1.07,7.02,5.45,2.26,6.9,1.85,0,5.49,7.81,7.02,5.17,5.88,11.19,3,1,4.29,4.99,7.04,6.88,7.43,13.19,0.49,4.49,5.75,5.28,4.81,6.78,5.03,5.92,6.59,2.82,6.73,4.53,4.44,3.46,4.28,4.34,6.65,7.65,6.95,7.74,6.74,5.9,4.77,5.84,1.38,6.44,5.82,8.02,13.95,3.75,0.38,3.66,5.78,4.06,6.54,5.79,2.68,3.63,5.67,6.86,6.88,4.62,4.44,5.28,4.68,8.49,5.09,0.14,4.08,5.65,3.44,1.32,6.25,5.98,8.53,5.07,8.44,0.26
"gsm38693ul","UL","GSE2724_UL",5.75,7.77,5.73,3.05,3.77,7.19,1.77,4.91,10.01,5.56,3.31,5.5,4.9,3.92,4.55,5.78,6.07,6.78,7.14,4.3,2.12,0.68,6.8,2.2,2.95,11.51,6.7,1.52,5.31,5.19,6.33,3,7.1,5.14,5.8,7.5,9.23,6.28,4.19,3.2,4.83,1,6.49,10.11,8.19,6.89,5.52,5.25,4.26,7.33,6.67,0.38,7.46,5.06,1.54,8.28,2.7,3.1,5.19,8.09,8.04,4.5,6.65,11.12,1,1.2,4.44,5.74,7.02,7.42,7.2,12.54,6.08,4.19,6.19,5.12,4.09,7.24,4.84,6.27,7.23,3.61,6.86,0.26,5.09,3.25,4.54,4.89,6.03,7.31,6.95,8.46,7.03,6.69,6.39,5.92,2.35,6.12,6.35,8.75,12.25,3.15,0.26,5.33,5.99,5.7,6.21,5.98,4.52,4.03,5.54,7.83,6.82,3.81,3.83,5.63,3.67,10.11,6.08,3.17,4.53,6.82,5.1,0.58,6.4,5.95,8.54,6.21,8.5,3.07
"gsm38694ul","UL","GSE2724_UL",6.37,7.75,6.41,1.43,4.22,7.86,2.1,5.69,10.3,5.41,4.56,5.52,5.86,3.12,5.25,5.61,5.85,7.06,7.07,4.68,3.14,1.93,7.22,3.47,1.46,11.51,7.31,2.79,6.15,5.8,6.43,3.77,7.71,4.67,5.92,7.89,9.11,7.15,5.4,2.49,4.57,3.87,6.86,10.59,7.86,6.92,5.8,5.6,5,7.56,6.78,1.93,6.98,5.33,1.81,7.62,1.89,1.14,5.35,7.88,8.45,5.33,6.61,11.09,1.77,1.32,3.91,6.02,6.68,7.09,7.22,12.36,5.98,3.77,6.8,5.48,5.45,7.65,5.52,6.49,7.44,4.37,7.44,1.54,5.25,4.15,5.89,4.94,6.47,7.22,7.2,8.23,7.13,6.49,5.16,6.14,2.83,6.59,6.8,8.56,12.86,4.66,0.26,6.17,6.42,5.72,6.71,6.13,5.7,4.4,6.33,7.79,6.96,4.86,3.84,6.33,4.69,9.58,6.31,5.55,4.93,6.87,4.68,1.58,5.92,6.56,8.39,6.66,8.63,3.28
"gsm38695ul","UL","GSE2724_UL",3.5,8.01,6.61,0.49,5.1,7.09,0.14,5.44,10.26,4.84,2.26,4.87,5.19,2.93,4.94,5.23,5.84,3.34,6.02,4.43,2.26,1.38,6.85,1.93,1.49,12.11,6.1,1.49,5.7,6.05,6.47,3.43,7.33,4.07,5.96,7.61,9.77,6.55,5.2,4.6,4.78,2.94,6.9,10.1,8.36,7.16,2.61,5.62,0.49,7.74,6.42,-0.15,7.24,4.14,2.23,7.7,2.51,0.14,5.01,7.93,7.67,5,6.49,11.28,2.74,0.77,4.16,4.55,6.85,6.96,6.59,13.3,4.98,3.94,6.72,4.61,4.51,6.78,4.89,5.78,7.22,4.85,6.95,0.49,5.48,2.81,4.6,5.48,6.5,7.68,6.89,7.84,6.98,6.15,5.72,6.14,1.85,6.55,6.66,8.68,13.76,2.57,0.58,5.1,6.23,5.41,6.93,5.31,2.96,4.66,3.26,7.9,6.71,4.73,2.63,5.8,4.84,10.32,5.69,4.63,4.21,5.78,4.77,0.38,6.18,6.13,8.37,2.96,8.74,2.72
"gsm9093ul","UL","GSE593_UL",6.17,8.09,7.36,4.48,3.53,8.42,-1.32,6,10.34,1.93,4.16,5.18,4.99,3.54,4.81,4.1,5.52,5.87,6.46,4.92,2.62,4.31,6.77,4.39,4.23,11.69,7.2,1.77,6.03,5.96,7.65,5.11,7.02,4.84,6.33,6.36,9.7,6.82,4.43,2.2,5.64,1.68,7,10.53,8.95,6.95,2.72,5.21,1.93,7.38,7.23,1.68,7.72,4.77,1.63,7.73,3.39,0,5.02,8.42,8.33,4.16,7.61,12.44,2.96,1.93,3.01,5.93,7.74,6.86,7.43,12.79,5.46,4.37,6.06,5.28,5.61,7.58,5.1,6.86,7.82,5.15,7.68,4.57,4.95,3.39,5.53,5.16,6.29,7.29,7.78,8.75,7.36,7.27,4.9,5.86,2.14,6.33,7.06,9.79,12.67,3.69,0.49,6.5,6.61,7.65,6.45,6.68,3.02,3.05,6.55,8.1,6.29,5.46,3.69,5.73,4.63,8.74,6.71,3.8,6.2,7.05,5.69,1.72,6.79,7.16,9.06,6.48,8.33,2
"gsm9094ul","UL","GSE593_UL",5.5,8.34,6.55,4.63,5.05,8,0,4.84,10.63,5.14,5.93,5.72,4.86,3.12,4.81,5.92,5.66,6.69,6.08,4.77,4.67,3.71,7.91,3.56,2.96,11.47,6.64,1.96,7.2,6.22,6.95,3.67,6.69,5.33,6.21,6.24,9.61,6.58,4.87,4.81,5.79,4.17,7.18,11.26,8.7,7.48,3.05,5.86,4.89,7.81,6.99,1.2,7.54,4.73,2.81,6.82,2.43,1.38,5.65,8.26,7.68,4.63,6.47,11.22,2.23,1.38,3.66,4.66,6.82,7.08,7.64,12.46,3.63,3.92,6.16,5.63,5.47,7.51,5.45,6.49,7.11,4.39,7.46,5.35,4.86,4.1,5.69,5.3,7.53,7.97,7.2,8.26,6.87,7.32,6.12,6.25,2.89,6.99,6.7,9.02,12.75,4.55,1.2,5.21,6.02,6.3,6.86,6.15,3.1,3.98,3.6,7.83,7.07,5.34,4.33,5.76,4.47,8.27,6.46,3.04,6.11,6.92,6.17,1.38,7.28,6.97,8.94,5.85,8.89,0
"gsm9095ul","UL","GSE593_UL",6.05,8.49,6.9,2.51,5.64,7.64,1.54,5.7,10.36,1.54,5.26,6.63,4.98,3.63,4.64,5.79,5.25,6.4,5.83,4.94,4.39,1.63,8.24,2.1,1.41,11.5,5.93,1.98,6.47,6.13,6.59,3.45,6.11,4.92,5.53,5.99,9.76,6.14,5.24,4.31,5.25,1.85,6.82,11.67,8.61,7.27,3.34,5.41,4.31,7.76,6.91,1.63,7.41,4.09,2.58,7.1,1.81,2,5.1,7.84,7.6,5,7.09,10.99,2.41,1.54,3.58,4.15,7.53,7.1,7.77,12.37,2.56,4,6.88,5.2,5.11,7.45,4.49,6.53,7.11,4.58,7.61,4.79,5.16,3.87,5,5.71,6.92,7.24,7.44,7.81,7.42,6.74,5.45,5.28,1.68,6.75,6.69,8.59,12.94,4.97,0.38,3.43,6.16,6.56,6.81,6.5,3.42,4.83,5.65,7.02,7.35,4.19,3.63,5.8,3.94,8.16,5.45,3.15,5.99,7.09,5.85,2.38,7.24,7.31,8.79,6.52,8.45,-1
"gsm9096ul","UL","GSE593_UL",5.61,8.12,7.24,1.49,3.04,7.51,-2.32,5.9,10.58,5.45,5.12,6.39,5.51,3.15,5.2,5.65,5.78,7.26,6.25,5.08,4.7,5.22,7.02,5.35,2,11.56,6.7,2.41,6.47,6.58,7.25,3.19,7.07,5.38,6.21,7.11,9.73,6.63,4.81,4.61,5.55,4.01,7.05,10.85,8.82,7.72,4.43,5.77,5.07,7.67,7.04,0,7.72,4.66,3.35,7.2,2.46,1.68,5.52,8.72,7.79,5.06,6.75,12.01,3.1,1.26,4.41,5.45,7.3,7.74,7.64,12.87,5.58,5.08,6.66,5.15,5.3,7.7,5.52,7.13,7.15,5.32,7.2,5.16,5.77,3.91,5.16,5.12,7.26,7.73,7.41,8.22,7.11,7.22,5.93,5.88,2.49,6.95,6.79,9.09,12.39,4.39,3.19,5.48,6.59,6.82,6.97,6.31,3.39,4.56,4.18,7.6,7.12,5.04,4.54,6.29,3.82,8.23,6.29,5.6,5.99,6.83,6.08,1.54,7.3,6.83,9.24,6.26,8.35,2.54
"gsm9097ul","UL","GSE593_UL",4.05,8.15,7.45,1.96,4.51,7.64,0.38,6.58,10.67,5.67,5.17,6.25,5.55,4.28,5.5,5.47,5.75,7.4,6.3,4.9,4.88,2.77,7.53,4.31,2.96,11.71,7.25,2.34,6.32,6.78,7.26,4.63,7.09,5.42,6.05,7.12,9.77,6.83,5.31,5.58,5.4,1.68,7.12,11.22,9.07,7.55,2.98,6.7,5.13,7.7,7.04,1.63,7.81,4.56,3.14,7.2,2.2,1.68,5.81,8.55,7.91,5.36,7.13,12.37,3.41,1.49,2.91,4.82,7.85,7.67,6.91,13.22,5.64,4.52,6.57,5.84,5.07,7.95,5.64,7.24,7.86,5.24,7.3,5.5,5.21,4.07,5.78,5.26,7.29,7.62,7.51,8.54,7.53,7.9,5.73,6.07,4.14,7.13,7.08,8.95,12.76,2.09,1.38,6.04,6.53,6.82,7.16,6.1,5.26,4.86,6.43,7.99,7.21,4.96,4.79,6.24,5.61,8.45,6.65,5.14,5.59,7.19,5.78,1.85,7.3,5.4,9.49,6.38,8.1,-0.32
"gsm569429ul","UL","GSE23112_UL",5.75,7.79,6.5,5.75,5.13,7.87,3.49,5.04,9.91,5.51,5.31,6.46,5.86,5.1,5.03,4.87,5.2,6.81,7.28,5.52,5.49,5.35,8.38,5.55,5.37,11.27,7.11,5.22,6.58,6.62,7.11,6.89,6.59,5.45,5.89,5.89,9.91,6.11,4.14,4.78,6.09,4.86,7.53,11.44,8.48,7.91,6.27,5.91,4.45,6.94,6.6,3.98,7.19,6.38,6.39,6.7,5.68,4.36,6.63,9.14,8.39,9.25,6.01,10.17,6.3,4.48,3.71,5.69,7.46,5.26,8.02,11.5,5.21,5.04,6.18,5.07,5.89,7.27,5.73,5.96,6.66,5.57,7.55,5.02,5.8,6.04,6.63,6.13,7.24,9.28,6.98,7.69,6.75,6.9,6.38,5.95,4.61,7.69,6.9,8.35,13.14,4.14,5.76,5.64,5.97,5.98,7.33,5.69,5.88,5.35,6.94,6.77,5.91,5.11,5.85,6.45,5.44,8.75,6.81,4.27,5.45,7.2,5.86,4.94,6.28,5.36,8.9,6.16,8.24,3.22
"gsm569430ul","UL","GSE23112_UL",6.22,8.03,6.87,6,5.62,8.02,3.54,4.75,9.87,5.72,5.43,6.51,5.77,5.43,5.15,4.53,5.19,6.76,6.84,5.64,5.87,5.34,7.07,5.77,5.51,10.85,6.48,5.35,6.99,6.8,6.87,6.89,6.4,5.64,5.87,6.65,9.91,5.55,3.97,4.68,5.95,4.72,7.21,11.09,8.5,7.66,5.7,6.2,4.53,6.92,6.66,4.1,7.41,6.42,6.49,6.52,5.44,4.23,6.67,7.09,7.95,4.43,5.61,11.3,6.31,4.65,3.75,5.46,6.76,5.12,7.8,11.65,5.25,4.77,6.26,5.32,5.91,7.75,5.92,5.92,6.91,5.93,7.65,5.36,5.89,5.73,6.55,5.97,6.95,9.23,6.87,6.99,6.28,6.94,6.2,5.35,4.63,7.27,6.17,8.05,13.26,4.18,5.74,5.52,6.07,6.39,7.03,5.35,6.13,5.91,7.22,6.64,5.29,5.2,5.89,6.53,5.32,8.44,7.22,4.11,5.65,7.23,5.84,5.07,6.33,5.54,8.96,6.28,8.19,3.39
"gsm569431ul","UL","GSE23112_UL",5.58,8.34,6.31,4.45,5.05,7.56,3.36,5.1,9.73,4.82,5.42,6,5.44,4.61,4.7,4.47,5.55,6.72,8.04,5.3,4.95,4.69,7.82,4.95,4.73,11.02,7.29,4.53,6.12,6.45,7.74,6.5,7.34,5.49,5.49,6.81,10.21,5.97,3.78,4.19,6.82,4.46,7.93,11.24,8.55,7.77,5.46,5.76,4.04,8.39,7.28,4.04,7.64,5.8,5.76,7.42,5.04,3.91,6.27,8.71,8.84,4.29,6.02,10.01,5.2,4.15,3.72,5.41,7.28,4.6,7.96,11.07,5.01,4.55,6.48,4.92,5.17,7.95,6.01,5.84,6.99,5.66,7.9,4.78,5.42,5.46,6.02,5.4,6.5,8.78,7.19,8.26,7.79,6.13,6.27,5.94,4.34,6.74,6.39,8.47,12.72,4.14,4.39,6.29,6.24,5.57,6.45,5.8,4.77,5.34,6.36,7.81,6.15,4.68,5.31,5.55,5.09,9.44,7.29,4.04,5.44,7.74,6.25,4.49,5.73,5.45,9.05,6.81,8.47,3.32
"gsm569432ul","UL","GSE23112_UL",5.35,8.95,6.38,4.34,4.94,7.3,3.41,4.8,10.04,4.64,4.94,5.7,5.13,4.63,4.52,4.18,5.19,6.14,7.39,5.2,4.89,4.87,7.05,4.81,4.49,11.06,6.3,4.56,6.28,5.92,7.09,6.41,6.72,5.22,5.26,6.8,9.22,5.52,3.66,4.31,6,4.05,7.46,11.43,8.68,7.1,5.25,5.63,3.96,7.66,6.6,3.98,6.65,5.74,5.51,8.13,4.64,3.79,6.02,8.06,8.27,4.41,5.97,11.08,5.25,4.15,3.78,5.18,7.57,6.71,8.19,12.23,5.14,4.22,6.25,4.81,5.12,7.09,5.25,6.44,7.25,5.14,7.61,5.2,5.32,5.14,5.72,5.12,6.22,8.68,7.13,8.11,7.21,6.61,5.66,5.21,4.29,6.63,6.33,8.72,12.91,3.94,4.34,5.78,6.12,6.07,6.39,5.71,4.34,5.27,6.3,6.95,5.85,4.58,5.17,5.59,4.74,9.17,6.54,4.22,5.21,7.7,6.21,4.47,6.06,5.77,8.86,5.88,8.59,3.32
"gsm569433ul","UL","GSE23112_UL",5.5,9.24,6.74,4.42,5.19,7.54,3.41,4.86,10.36,4.94,5.22,6.3,5.06,4.47,4.57,4.19,5.27,6.55,7.32,5.19,4.83,4.67,7.52,4.94,4.52,11.19,6.17,4.52,5.92,5.71,7.62,6.29,6.16,5.09,5.4,7.52,9.18,6.19,3.67,4.23,6.04,4.21,7.94,11.45,9.16,7.03,5.08,5.58,3.94,8,7.03,3.99,6.86,5.53,5.6,7.6,4.74,3.68,6.21,8.13,7.75,4.01,6.38,11.59,5.12,4.19,3.82,5.57,7.99,6.54,7.89,12.37,5.58,4.25,6.22,4.76,5.22,8.79,5.38,6.39,7.59,5.36,7.71,4.94,5.47,5.03,6.09,5.14,6.31,8.4,7.27,8.05,7.09,6.73,6.17,5.36,4.47,6.62,6.31,8.7,13,3.88,4.15,5.28,6.22,7.53,6.67,5.37,4.55,5.29,6.25,7.59,6.44,4.54,5.29,6.02,5.1,9.87,6.8,4.2,5.01,7.71,6.15,4.52,5.72,5.35,9.2,6.03,8.34,3.28
