"GENE","CYTOBAND","GENE_SYMBOL","GSM1667147UL","GSM1667148UL","GSM1667149UL","GSM336202UL","GSM336203UL","GSM336204UL","GSM336205UL","GSM336206UL","GSM336207UL","GSM336208UL","GSM336209UL","GSM336210UL","GSM336211UL","GSM336212UL","GSM336213UL","GSM336214UL","GSM336215UL","GSM336216UL","GSM336217UL","GSM336218UL","GSM336219UL","GSM336220UL","GSM336221UL","GSM336222UL","GSM336223UL","GSM336224UL","GSM336225UL","GSM336226UL","GSM336227UL","GSM336228UL","GSM336229UL","GSM336230UL","GSM336231UL","GSM336232UL","GSM336233UL","GSM336234UL","GSM336235UL","GSM336236UL","GSM336237UL","GSM336238UL","GSM336239UL","GSM336240UL","GSM336241UL","GSM336242UL","GSM336243UL","GSM336244UL","GSM336245UL","GSM336246UL","GSM336247UL","GSM336248UL","GSM336249UL","GSM336250UL","GSM336251UL","GSM38689UL","GSM38690UL","GSM38691UL","GSM38692UL","GSM38693UL","GSM38694UL","GSM38695UL","GSM9093UL","GSM9094UL","GSM9095UL","GSM9096UL","GSM9097UL","GSM569429UL","GSM569430UL","GSM569431UL","GSM569432UL","GSM569433UL"
158,"hs|22q13.1","ADSL",1219.4,2094.4,3627.7,385.25,393.7,434.5,543.6,689.35,544.8,463.1,490.15,528.95,436.15,455.5,396.7,482,555,484.4,381.7,447.35,302.3,352.7,448.05,520.35,427.25,594.1,432.85,411.5,463.1,500,353.65,393.9,441.2,492.1,424.55,449.7,516.55,587.75,405.6,409.1,504.35,451.5,419.65,462.2,434.5,428.55,412.95,509.55,427.55,388.2,458.5,616.1,571.15,219.65,315.9,299.25,231.5,217.75,215.3,257.2,272.5,323.4,358.3,278.2,283.65,221.45,261.95,323.9,493.75,604.65
468,"hs|22q13.1","ATF4",34561.4,38977.85,6336.6,2845.8,2918.8,3248.2,2556.9,3550.4,3262.4,2682.4,2579.5,2806.9,3253.8,3263.9,2285.1,2069.9,3227.3,2967.8,2681,2510.7,1681.8,3000.5,2633,3132.5,3481.4,3631.6,3295.7,2192.3,2466.3,2613.9,2879.6,3206,2855.3,3850.7,1877.7,2277.1,3612.4,3338.9,2798.2,2717.5,2314.7,3288.3,3311.8,3480.6,3120.8,2530.3,2901.1,3477.6,1993.2,3233.6,3048,3097.5,2768.1,1089.4,1376.5,1195.6,971.8,1030.7,1262.1,1222.6,1300.1,1588.1,1316.2,1534.5,1624.9,961.7,936.1,850.5,1050.3,1310.5
1454,"hs|22q13.1","CSNK1E",13372.9333333333,12182.3333333333,696.833333333333,65.45,49.5,51.45,51.6,53.85,33.35,68.15,83.15,53.95,70.1,75.55,34.3,61.35,59.95,74.5,36.65,64.15,28.45,55.6,56.35,40.3,62.35,87.3,54.2,43.85,71.7,42.15,66.8,58.5,66.9,39.6,41.85,10.65,72.55,88.9,58.65,32.55,71.95,66.6,78.65,137.9,39.95,77.6,51.45,36.5,41.55,39.35,53.55,72.55,112.75,5.8,5,8.9,7.4,8,13.6,10.8,34.5,12.7,10.9,9.1,24.8,118.9,118.7,90.2,85,78
3005,"hs|22q13.1","H1F0",1630.4,3764.3,8.8,588.6,529,652,789,812.1,463.8,573.8,424.3,410.2,623.4,693.5,480,623.3,633.1,1327.7,1308.3,543.5,905.1,1041.7,819.6,707.8,191.4,118.9,226.2,567.3,1302,644.3,360,650.3,548.7,936.2,531.2,993.3,723.3,513.7,557.5,301.2,509.1,932.1,830.7,737,981.1,410.1,737.4,561.8,367.1,596.2,697.6,1075.6,786.1,403.5,291.9,163.4,224.3,272.3,236.1,243.1,341.9,307.2,229.9,421.6,374.3,564.7,135.8,419,267.3,280.8
3761,"hs|22q13.1","KCNJ4",64.1,5.8,8.8,8.3,27,116.7,21.85,40.6,77.1,42.35,90.2,57.85,99.75,62.25,38.45,38.2,67.3,14.8,1.8,12,5.5,16.4,6.9,58.4,3.6,11.8,8.3,9.9,1.55,16.25,22.15,38.65,24.5,42.4,60.55,18.45,31.95,31.2,17.15,15.45,20.65,33.7,5.2,27.5,55,47.5,5.05,53.6,13.3,1.65,60.55,83.2,21.15,19.65,5,14.3,10.35,9.4,14.5,3.65,15,9.7,17.6,20.3,4.65,21.8,18.7,17,15.2,17.55
3956,"hs|22q13.1","LGALS1",74191.2,112213.8,101280.7,8890.7,10778.4,9462.1,6119.1,8132.1,12057.5,8537.4,8769.6,9993.3,7809.7,7097.4,9748.6,7010.3,9255.1,6826.1,9716,6372.7,7207,7246.6,6907.3,8316.5,9723.8,8838.8,9199.3,4511.7,8262.7,8869.5,7908.5,7324.1,8161.6,8987,6260.4,7185.5,9331.3,9045.2,13338.1,6467.9,8617.8,8613.4,7028.8,8775.1,7669.9,9682.2,10356.4,13013,5734.6,8891.8,7621.5,6240.5,8443.4,6857.8,3854.7,4394.9,9325.2,5935.4,5262.6,10053.1,7079.6,5629.5,5282.6,7482,9543.5,2888,3212.4,2145.8,4815.9,5289.5
3957,"hs|22q13.1","LGALS2",959.3,612.1,92.4,39.1,33.8,23,3.5,21.3,59.6,18.2,9.3,11.2,36.9,26.6,26.1,5.2,144.1,3.2,13.3,8.2,4.2,93.2,55.8,508.1,94.2,87.3,148.7,1.3,4.6,4.5,10.5,24.2,6.4,6.3,5.3,3.5,51.9,6.9,35.3,31.7,29.2,36,39.8,27.2,2.1,32.5,105,76.3,14.2,175.5,4.7,1.3,3.6,127,103.1,46.4,1.4,67.5,63.2,31.5,44,12.4,5.9,47.8,49.7,37.1,38,32.3,35.3,48
4242,"hs|22q13.1","MFNG",962.3,896.65,1178.6,31.3666666666667,23,29.4,26.3,30.3333333333333,26.2666666666667,33.5333333333333,25.2333333333333,21.3333333333333,27.6333333333333,24.4,36.8,46.1,40.8666666666667,32.6666666666667,47.2333333333333,38.7,46.9,51.5,40.2333333333333,26.8333333333333,41.9333333333333,18.3666666666667,46.3,26.9,32.6,18.7333333333333,47.7333333333333,42.8,59.1666666666667,25.9333333333333,37.6333333333333,41.6,23.3666666666667,26.7,28.5,40.5333333333333,58.7666666666667,31.0666666666667,38.2,40.8333333333333,31.1,35.4333333333333,42.5333333333333,28.3333333333333,31.7333333333333,32.4333333333333,45.1333333333333,29.4666666666667,55.6,25.8333333333333,30.4,30.1333333333333,38.8333333333333,34.6666666666667,44.6333333333333,24.5,38.7666666666667,49.5666666666667,36.8666666666667,35.4,57.3666666666667,33.6,40.0333333333333,30.2,28.1,27.0666666666667
4248,"hs|22q13.1","MGAT3",1329.05,465.5,35.9,16.8333333333333,23.1,27.2666666666667,44.8666666666667,41.1666666666667,51.7,28.6,41.9666666666667,32.7333333333333,38.0333333333333,36.1333333333333,29,35.3,31.7666666666667,28.9,17.1,25.8666666666667,29.0666666666667,21.1666666666667,20.3,49.7333333333333,21.1333333333333,27.6666666666667,29.4666666666667,23.4,23.2333333333333,32.4333333333333,28.8333333333333,25.5,18.1,55.3666666666667,33.1333333333333,29.2,30.5666666666667,34,43.8,21.9333333333333,39.3,29.6666666666667,27,30.9,38.6666666666667,48.6,22.7666666666667,63.7666666666667,31.3333333333333,27.8666666666667,36.8666666666667,59.4666666666667,38.8333333333333,20.55,27.65,19.9,28.1,17.05,43.65,22.75,48.9,44.2,34.65,39.45,33.55,59.2,60.3,35.95,34.85,37.2
5155,"hs|22q13.1","PDGFB",109,121.7,481.8,22.525,26.35,16.825,29.05,10.9,20.25,15.575,29.75,24.45,15.2,15.925,33.925,23.375,23.15,23.725,31.875,24.875,11.625,31.175,23.55,28.35,29.025,22.525,28.875,15.9,29.475,21.125,24.175,14.175,18.6,22.1,39.85,25.7,15.45,17.1,17.175,37.775,39.175,22.325,17.2,25.275,10.6,20.125,33.85,26.25,20.05,21.875,25.925,18.5,16.75,29.825,13.5,21.25,22.45,35.125,26.85,34.225,15.8,33.275,30.275,33.3,39.85,41.35,53.5,36.925,32.275,33.1
5435,"hs|22q13.1","POLR2F",5034.8,5168.6,8633.8,128.95,152.65,351.35,273.9,261.85,243.4,243.9,177.3,165.15,196.4,238.75,136.85,164.8,159.15,198.65,119.75,256.5,165.85,136.7,157.8,297.55,232.8,168.7,104.2,201.3,116.7,173.9,166.65,205.65,174.5,188.6,148.9,204,165.05,176.95,308.3,131.35,192.25,144.75,243.15,195.5,230.1,197.7,247.55,292.65,149.25,278.25,225.35,187.65,208.55,152.9,207.5,121.4,123.5,123.9,146.6,118.3,220.5,147.5,173.9,170.1,182.9,126.6,117.2,145.8,140.5,154.2
5880,"hs|22q13.1","RAC2",263.8,373.3,494.266666666667,79.4,68.65,47.95,24.5,29.7,28.55,20.65,29.35,27.75,30.55,20.55,45.75,20.15,53.7,79.45,73.85,47.5,31.1,83,63.85,30.75,87.55,32.45,78.65,29.8,65.6,47.7,56.55,39.8,69.55,81.95,84.45,50.6,23.55,25.05,42.8,61.3,52.65,38.6,58,49.55,86.4,38.9,34.85,27.35,29.9,36.75,79.9,51.2,265.7,33.85,37.8,48.85,57.15,60.5,70.45,70.35,58,76.2,38.9,58.8,67.2,61.8,40.65,61.2,37,41.2
6122,"hs|22q13.1","RPL3",127268.2,98617,109223.133333333,8101.2,8962.3,9011.7,7019.1,7812,11959.6,7894.3,7819.5,8545,8079.3,7476.8,8945.9,8115.9,9059.8,6106,9854.1,6678.2,7521.8,7615.6,7911.6,7730.9,9682,9040.3,8801.2,4941,7290.5,8283,6977.2,6937.6,7748.4,9031.7,6251.8,8352.4,10236,10334.6,14380.8,7145.3,11235.9,8736.5,7482.3,10527.6,7789.9,8107.7,9709.7,13255.3,6491,9635.8,7455.8,6950.3,7108.2,7099.5,6281.2,4542.5,15777.5,4866.3,7435.7,13830.1,6503.3,6867.2,7861.8,5373.6,6937.3,9054.8,9811,6749.3,7676.5,8177.1
6663,"hs|22q13.1","SOX10",8.8,17.9,74,9.6,9.7,10.6,18.2,5.5,6.65,5.05,10.65,13.8,13.95,6.1,13.55,7.1,12.85,14.05,9,9.65,6.4,10.95,5.3,7.4,23.6,12.5,5.45,11.85,5.55,9.3,13.8,10.5,4.7,17.35,19.25,11.95,5.3,5.8,3.45,9.1,23.65,10.35,4.6,6.15,5.2,24.35,15.25,18.55,5.95,4.4,10.1,6.75,5,5.75,5.65,8.25,21.7,14.2,14.3,6.2,12.9,20.05,12.4,23.2,27.65,57.55,59.45,39.7,36,39.25
6753,"hs|22q13.1","SSTR3",43.3,4121.5,7275.9,16.35,17.7,15.05,12.45,18,28.15,21.7,20.45,19.4,16.25,14.3,37.45,23.45,9.5,22.55,27,19.45,15.85,14.7,9,22.95,11.85,23.8,27.6,15.45,12.05,20.3,18.45,18.95,24.1,8.5,42.35,41.8,16.6,6.3,26.75,48.45,67.9,10.65,14.2,15.55,12.65,14.2,18.55,27.55,8.3,20.8,11.3,19.65,23.25,29.1,4.5,3.8,3.2,6.3,7.3,7.1,10.4,8.8,11.9,6.7,12.4,88.4,98.3,58.1,43.7,50.3
8398,"hs|22q13.1","PLA2G6",184.8,451.4,815.7,66.1666666666667,62.3333333333333,80.5666666666667,101.7,101.5,81.2666666666667,89.0333333333333,71.3333333333333,76.2,119.533333333333,114.7,105.6,149.9,86.2,87.9,61.4333333333333,83.0666666666667,44.7,88.2,72.2,63.0333333333333,87.5666666666667,75.8333333333333,53.9666666666667,67.1666666666667,97.3,115.433333333333,76.1333333333333,80.4,95.7,91.5333333333333,112.066666666667,83.2666666666667,84.2666666666667,98.3333333333333,92.5666666666667,81.2,173.566666666667,75.6,74.8666666666667,116.533333333333,73.4333333333333,111.133333333333,74.6666666666667,90.2,57.3,59.5,76.5666666666667,103.566666666667,62.1,73.2333333333333,59.2,94.8666666666667,100.233333333333,65.4333333333333,88.8,90.5,78.2333333333333,184.2,121.166666666667,153.433333333333,156.266666666667,151.233333333333,123.766666666667,90.5333333333333,74.5333333333333,79.4333333333333
8484,"hs|22q13.1","GALR3",17613.3,7469.2,12049,2.7,6,12.5,16.5,20.6,7.3,10.1,19,17.5,20.3,6.6,29.2,9.5,16.6,32.9,2.9,8,22.2,9.2,13.8,9.5,25.9,22.9,9.1,7.4,13.3,8.7,2.4,2.6,26.1,27.3,11.1,50.1,26.5,5.1,45.1,7.2,30.4,6.1,3.8,8.3,18.6,11,17.7,8.9,6.4,9.9,10.2,24.8,36.7,10.7,21.3,40.9,43.7,33.4,40.2,17.6,27.3,26.5,17,25.2,23.6,83.3,85.8,55.6,53.4,46.2
8911,"hs|22q13.1","CACNA1I",22126.9,19595.3,5478.85,11.1333333333333,14.6,14.3666666666667,15.7666666666667,18.1666666666667,30.3,18.9666666666667,21.5666666666667,9.13333333333333,11.1,14.8333333333333,35.0333333333333,15.1,21.6,21.5666666666667,16.0333333333333,12.0333333333333,15.7666666666667,9.96666666666667,14.1333333333333,17.1333333333333,22.5,15.1333333333333,14.2,12.6666666666667,12.7666666666667,16.0666666666667,17.9666666666667,9.96666666666667,13.4,26.8,26.2,25.3,8.26666666666667,13.3,27.7333333333333,27.7666666666667,32.7666666666667,12.8666666666667,12.7666666666667,29.2333333333333,11.9333333333333,27.5,12.0666666666667,17.4666666666667,9.23333333333333,17.4666666666667,19.8,15.5,19.3666666666667,20.1333333333333,14.9333333333333,17.7,22.4333333333333,21.1333333333333,29.3333333333333,19.3,22.6666666666667,36.7666666666667,44.9,42.1,35,51.6333333333333,51.5666666666667,29.1666666666667,29.8666666666667,25.2
9145,"hs|22q13.1","SYNGR1",377.8,265.8,1014.8,89.9333333333333,80.6,87.2333333333333,104.633333333333,141.1,125.666666666667,100.566666666667,87.7666666666667,99.9,75.1,74.1,57.5,111.5,89.1666666666667,140.766666666667,73.1,80.4333333333333,59.7333333333333,85.0333333333333,100.7,75.9,126.1,104.8,99.5666666666667,128.533333333333,160.433333333333,305.7,71.8666666666667,79.8666666666667,74.1666666666667,203.766666666667,150.6,44.4333333333333,105.5,103.4,117.433333333333,54.7666666666667,57.8,70.2333333333333,69.8,100.233333333333,250.033333333333,82.0333333333333,81.7,132.566666666667,102.966666666667,82.9,172.433333333333,277.433333333333,165.366666666667,49.0333333333333,47.3666666666667,51.6,38.9333333333333,49.5666666666667,80.2,55.6333333333333,53.1666666666667,54.1,55.8333333333333,78.4333333333333,75.3666666666667,87.1666666666667,92.2333333333333,47,48.1,64.8
9402,"hs|22q13.1","GRAP2",7.76666666666667,10.8,15.4666666666667,2.6,13.1,2.5,1.2,1.9,3.9,1.7,4.4,1.8,2.3,2.3,5.1,3,2.1,1.3,1.4,2.3,1.6,11.4,2.1,5.1,1.5,1.6,4.2,1.4,12.3,12.5,2,2.4,2.7,2.8,8.1,2.8,1.8,2,4.6,2.2,3.9,1.3,1.3,4.7,2.8,2.4,1.9,2.7,2,2,5.7,2.2,1.6,11.9,6.4,1.4,3.6,6.5,3.7,5.7,10.5,5.4,3.5,5.5,4.6,51.2,43.5,32.8,24.9,26.7
9463,"hs|22q13.1","PICK1",95.1,24.3,28.9,40.1,65.1,36.7,39,84.7,72.8,52.5,44,76.7,42.6,67,62.1,50.2,43.6,33.4,20.4,33.2,27.1,72.9,53.7,41.1,44.3,46.3,45,43.7,44.9,63.8,47.6,36.4,53.3,35.6,73.4,39.6,64.4,67.5,47.4,59.8,87.5,62.1,58,59.2,52.7,68.4,50.9,97.2,56,53,47.5,67.4,54.5,27.7,24.1,30.4,19.4,23.2,59.2,24.2,46.3,51.5,32.1,35.8,55,98.8,94,64.9,52.6,68
9567,"hs|22q13.1","GTPBP1",1892.2,1579.63333333333,3663.6,54.62,52.5,42.7,52.8,64.22,51.56,60.52,49.48,56.18,53.98,58.66,30.88,47.8,48.64,66.88,43.5,59.7,42.3,54.22,64.08,52.56,65.1,56.36,61.46,69.7,81.48,95.86,49.48,51.94,60.02,58.44,46.54,40.72,54.22,52.36,62,30.5,27.84,44.78,57.24,58.86,55.04,64.24,55.86,66.26,48.88,62.44,53.3,43.98,61.34,49.7,44.5,38.275,45,36.5,40.825,32.325,32.425,50.35,34.2,46.025,56.25,99.1,101.525,77.25,64.925,73.925
9582,"hs|22q13.1","APOBEC3B",31.2,13.7,112.6,23.2,15.2,23,20.6,45.1,18.2,49.5,65.8,64.3,34.5,26,51.7,18.6,24.7,76.3,9.7,22.7,48.4,16.4,15.2,26.2,35.1,27.9,56.6,20.4,33.6,32.2,25.4,24.8,19.4,31.8,38.5,56.3,8.3,16.1,27.4,36.5,47.1,27.9,15.1,34.2,29.3,65.8,16.4,29.5,18.2,15.6,4,32.5,65.9,7.8,13.1,16,8.7,16.7,27.2,2.7,18.4,28.7,16.9,27.9,36.5,13.5,13.3,11.8,13,14.1
9929,"hs|22q13.1","JOSD1",2358.45,3019.65,6616.3,397.1,362.1,269.3,326.3,413.4,297.5,181.7,485.8,386.3,342.4,376.6,193.2,408.1,344,315.9,309,334.9,212.4,354.3,281.5,321.7,378.7,431.5,264.8,300.1,506.4,354.5,351.4,287.3,341,264.8,211.2,217.3,414.6,385.6,309.2,189.9,251.6,358.2,316.5,359.8,310,368.1,310.5,309.7,316.7,321.2,386.2,401.1,358.9,98.3,143.1,117.9,131.3,129.8,102.8,115.5,214,113.1,184.4,157.6,230.5,176.4,108.7,155.7,189.9,254
10126,"hs|22q13.1","DNAL4",237.5,210.9,377.3,57.3,63.6,64.6,86.7,61.9,68.8,59.6,78.8,84.5,68.1,59.6,14.3,74.4,83.3,69.8,34.4,84.1,33.3,82.8,64.9,67.8,74.8,65.9,53.7,62.2,81.1,84.7,78.7,66.8,63.9,80.4,8,65.9,65.4,92,46.4,46.4,102.7,78.5,69.5,76.4,50.1,38.6,57.9,73.6,82.4,64.3,72.8,50.2,50.5,29.4,28.5,11.9,39.5,28.5,23.8,27.5,49.7,55.5,38,46.7,42.1,68.1,62,113.2,64.1,65.9
10454,"hs|22q13.1","TAB1",565.5,38.8,8.8,35,65.1,41.9,52.8,44.9,37.8,51.8,49.2,58.3,60.8,49.5,41.6,56.9,48.8,60.3,37.3,45.1,24.1,39.3,67.6,22.9,48.4,48,57.6,68.1,75.1,64.5,34.7,41.3,39.4,39.4,53.8,41.6,41.9,39.7,47.3,33.6,54.7,59,42.9,71.9,54,80.3,48.9,65.8,51.1,39.1,55.1,61.6,39.1,14,21.4,21.5,25.6,12.7,25.8,28.6,24.7,22.2,15.3,14.1,48.9,43.4,40,34.1,26.7,34.2
10521,"hs|22q13.1","DDX17",1443.1,3150.43333333333,5727.4,1182.96,1305.14,1072.42,1061.58,1119,1393.48,893.34,766.06,1089.4,1237.82,1065.54,1416.24,1133.9,1060.34,991.24,1483.2,1057.92,838.38,1013.06,989.42,955.38,1051.6,970.68,751.86,743.92,1236.66,1225.26,969.7,947.12,1109.6,1113.32,987.66,1207.6,1278.84,1157.9,1489.76,1203.66,1259.94,1114.82,1055.7,1299.02,1134.02,1081.24,1369.5,1510.36,1071.14,1140.08,1074.6,1032.58,961.8,731.6,777.7,616.75,900.875,601.175,551.725,870.675,831.3,780.975,865.2,850.125,871.775,961.775,961.825,1185.35,596.95,581.675
11015,"hs|22q13.1","KDELR3",276.6,335.9,864,177.633333333333,228.933333333333,314.4,126.6,187.2,171.066666666667,404.933333333333,290.3,368.766666666667,196.133333333333,182.166666666667,456.233333333333,195.033333333333,224.833333333333,436.433333333333,238.433333333333,224.933333333333,195.433333333333,212.133333333333,129.633333333333,297.9,191.233333333333,246.066666666667,305.733333333333,139.966666666667,111.1,101.366666666667,215.4,198.9,149.933333333333,227.266666666667,387.3,186.533333333333,138.766666666667,123.5,259.733333333333,174.8,223.933333333333,133.266666666667,106.766666666667,140.3,263.266666666667,370.7,224.566666666667,240.533333333333,102.2,126.466666666667,213.5,250.166666666667,360.533333333333,89.7333333333333,88.9,125.4,117.733333333333,170.966666666667,136.333333333333,124.166666666667,115.866666666667,135.333333333333,136.833333333333,213.633333333333,203.666666666667,38.3,34.7,24.3,104.833333333333,93.3666666666667
11078,"hs|22q13.1","TRIOBP",1543.8,707.633333333333,1840.1,400.7,287.64,284.6,356.88,525.76,343.6,300.14,383.88,361.78,309.18,295.66,342.5,266.86,302.32,436.56,350.88,420.54,197.24,221.48,316.7,276.94,427.2,412.92,348.86,193.36,386.52,394.94,252.12,288.34,358.56,305.54,248.3,226.72,303.76,338.68,297.34,204.2,383.74,275.86,315.38,290.34,287.16,348.78,412.54,392.48,238.12,209.1,263.84,288.98,414.2,413.15,428.15,278.1,370.35,372.6,335.55,330.55,532.4,491.25,441.35,605.1,716.75,476.45,499.05,530.5,463.85,586.15
11135,"hs|22q13.1","CDC42EP1",611.35,662.1,997.05,65.2,49.1,40.7,80.8,59.7,43,122.2,116.4,89.1,120.8,122.1,61.8,114.9,88.6,253.7,76.5,73.2,47.5,159.8,93.3,59.8,121.9,58.9,87.1,51.6,187.6,63.6,110.9,136.8,129.3,77,113.5,84.2,77.5,34.2,150.9,58.6,74.7,73.8,70.9,72.2,67.3,106.3,113.1,65.1,26.1,116.3,129.7,117.9,133,125.7,46.1,90.6,59.3,103.7,158.3,68.6,147,99.7,60.9,104.3,151.7,137.7,89.1,156.7,78.6,71.9
11144,"hs|22q13.1","DMC1",13.25,11.55,40.25,11.45,15.05,11.1,7.8,12.25,13.9,12.5,11.85,12.9,12.05,12.1,33.35,11.25,18.55,7.2,8.75,8.3,12.85,10.3,8.1,10,13.1,8.7,10.45,10.25,18.55,14,11.25,11.2,15.65,5.3,14.9,31.35,9.25,11.2,27.25,24.7,30.05,9.6,6.5,18.95,9,16.85,12.5,13.25,9,16.2,3.2,8.8,10.85,26.15,27.65,19.8,39.65,18.25,42.25,36.65,21.6,29.3,37.9,28,39.7,17.6,15.65,13.75,12.6,12.7
23112,"hs|22q13.1","TNRC6B",1033.325,2032.725,2275.775,175.471428571429,191.728571428571,116.728571428571,110.942857142857,124.657142857143,164.642857142857,92.6571428571429,197.571428571429,106.328571428571,104.942857142857,77.0285714285714,131.385714285714,76.4571428571429,89.3,73.0571428571429,98.2142857142857,213.385714285714,86.1428571428571,69.5714285714286,99.9428571428572,126.071428571429,121.971428571429,120.5,120.728571428571,114.6,155.6,157.028571428571,154.185714285714,114.142857142857,164.271428571429,90.9,124.285714285714,104.671428571429,73.0857142857143,83.8714285714286,64.1714285714286,128.414285714286,76.7428571428571,82.7142857142857,80.4714285714286,162.8,144.028571428571,72.8571428571429,164.757142857143,169.128571428571,264.814285714286,104.514285714286,112.8,102.142857142857,75.3142857142857,70.4,78.8,145.9,76.3,84.4,60.6,72.3,110.9,155.9,151.5,157.3,157.9,77.8,80.6,53,66.9,52.8
23464,"hs|22q13.1","GCAT",234,15.2,8.8,44.95,63.2,74.15,73.1,100.05,82.95,95.4,62.15,94.35,83.1,95.9,45.5,137.7,90.35,61.6,36.55,70.85,33.75,47.3,75.05,66.7,89.7,104.55,93.5,82.2,31.6,103.35,45.05,49.35,62.35,74.95,53.95,27.5,82.55,65.3,88.75,27.4,53.35,75.05,53.65,58.75,76.45,83.5,71.55,75.95,62.45,51.6,35,25.7,74.95,39.1,30.6,55.1,29.1,28.75,56.25,56.3,72.5,58.3,55.5,55.9,65.85,63.4,69.45,55.3,53.85,81.65
23466,"hs|22q13.1","CBX6",4698.7,8215.5,168.25,625.95,656.05,656.25,588.6,755.7,712.9,516,739.95,563.5,810.35,793,377.7,551.95,566.15,1084.95,467.4,466.25,468.55,482.3,465.35,655.7,739.6,588.3,657.65,836.7,1043,1380,571.65,532.6,615.4,961.85,791.35,508.8,363.45,440.35,333.4,544.9,506.05,399.2,539.9,556.85,1079.3,624.95,569.75,672.2,728.95,524.5,1025.1,1140.9,1092.4,597.1,336.55,352.4,357.65,442.6,653.3,474.85,364.8,455.55,370.3,376.3,468.6,514.95,330.7,295.7,243,324.7
23467,"hs|22q13.1","NPTXR",198.4,90,301.3,29.85,45.95,51.2,38.6,45.05,18.1,42.55,48.6,60,44.4,57.7,37.2,19.2,35.55,48.2,12.25,23,39,25.7,34.65,45.45,37.55,44.5,34.8,61.8,50.5,79.95,21.2,27.15,27.3,52.35,31.65,27.95,40.15,33.1,39,37.1,36.4,10.7,18.05,45.5,53.3,43.45,36.5,41.4,16.1,33.65,60.55,95.75,72.8,38.5,17.2,20.15,21.65,34.15,38.1,44.55,31,29.1,35.65,54.5,37.05,55.55,59.5,42.75,39.9,44.4
23492,"hs|22q13.1","CBX7",5943.05,3666.6,6936,653.6,410.1,306,326.9,354.3,477.4,209.8,337.7,284.1,395.5,429.3,130.7,552.1,381.6,257.9,506.3,370.3,171.6,645.8,765.5,302.2,575.3,396.3,376.7,355,632.6,304.9,425.2,440.6,511.6,404.8,274.4,246,410.2,496.1,351.8,519.9,394.7,510.4,774.3,484.3,304.9,260.2,524.1,404.4,793,794.3,620.3,508.5,334.1,208.5,220.2,100.3,104.3,111.6,149.3,115.5,109.3,239.7,303.1,129.8,184.5,332.1,134.8,226.2,132.3,183.4
23539,"hs|22q13.1","SLC16A8",67.1,89.3,660.5,5.5,18,14.3,8.8,8,10.4,4.8,9.2,23.3,4.3,4.2,16.4,8.8,4.3,3.7,3.9,13,13.6,4.5,14.6,14,6.8,4.7,4.4,6.7,3.6,20.2,17.2,5.8,3.7,8.3,19.4,32.1,2.3,15,4.2,8,8,4,4.3,4.1,3.7,7.7,13.4,10.7,3.2,4.9,5.1,19.9,3.5,56.8,5.5,24.7,6.4,22.9,52.1,7.8,8.1,8.6,10.7,10.5,38.3,58.8,69.8,27.3,20.3,23.5
23616,"hs|22q13.1","SH3BP1",31.8,18.8,8.8,19.1,16.9,23.4,9.5,18.5,35.6,25.1,8.4,21.3,28.5,24.1,45.5,6.5,24.8,17.6,17.4,9.4,35.4,18.6,14.2,16.2,6.4,30,20.1,4,24.5,44,31.1,4.8,7.5,26.5,32,18.9,7.9,14.3,20.4,7.9,31.6,23.3,18.9,31.2,26.2,34.5,17.9,45,5.9,19.2,18.4,27.7,28.1,5.3,7,12.9,13,18.5,12.2,4.4,9.3,26.6,30.1,10,13.7,80.2,88.7,49.6,52.2,47.5
23764,"hs|22q13.1","MAFF",202.1,135.5,441.2,620.75,154.7,135.15,75.95,88.25,76.45,152,602.85,105.95,100.05,107.1,95.65,247.45,107.55,111.15,332.65,118.6,118.1,349.5,142.45,359.3,1890.35,244.4,155.8,573.85,695.35,83.85,305.25,252.35,400.7,115.15,141.7,54.2,202.45,180.25,178,192.05,130.65,151.8,174.8,894.45,105.95,142.85,210.55,119.2,208.95,282.45,186.05,297.95,467.6,152.75,43.95,46.75,55.8,87.35,50.65,22.8,81.65,69.95,70.7,29,58.15,104.65,36.95,124.1,102.55,40.8
25776,"hs|22q13.1","CBY1",841.4,105.9,8.8,214.35,216.7,289.4,206.7,243.35,211.45,224.3,224.3,209.15,249.15,270.35,160.45,204.9,233.65,263.5,205.6,166.55,157.4,209.45,202.4,227,215.25,214.4,209.7,275.45,248.45,339.7,205.15,226.15,202.05,255.65,160.8,151,213.1,239.35,169.3,179.15,190.55,195.45,189.85,167.95,259.55,210.1,182.6,196.25,268.8,253,228.6,284.8,233.9,211,274.7,284.3,252.4,236.1,147.5,205.5,237.5,232.6,301.7,245.9,280.9,238,211.8,195.6,169.9,282.9
25777,"hs|22q13.1","SUN2",759.2,280.9,268.6,539.7,362.3,304.9,348.7,370.6,265,243.4,332.1,279.4,325.8,360.5,196.7,245.7,315.4,456.5,279.1,254.6,180.3,370.1,369.3,268,568.4,372,468.1,251.4,410.3,208.7,263.7,368,345.7,426.9,221.2,246.4,320.1,340.2,243.5,218.2,212.5,264.6,284.6,343.7,439,253.1,333.8,264.3,268.8,343.7,369.4,592.5,391.8,211.9,163.6,146.9,100,139.6,179.7,123.8,190.2,192.4,155.5,225.7,141.6,199.8,214.8,187.3,157.3,213.4
25829,"hs|22q13.1","TMEM184B",16701.7,10610.2,17145.4,181.7,177.1,166.4,147,150.1,204.8,124.2,149.9,204.8,180.8,138.3,223.2,146.8,158.4,207.6,159.5,152.8,138.7,161.9,172.3,82.4,155,184.4,152.3,136.7,178.1,60.2,173.1,179.6,173.5,92.1,178.1,126.4,191.7,63.7,170.1,195.3,246.5,121,160.8,171.4,136.6,194.3,220.8,95.5,142.5,89,201,137.6,223.3,149.8,111.1,115,50.2,113.3,117.1,54.9,132.4,120.8,136,113.5,146.1,147.5,149.7,214.1,208.5,208.9
26088,"hs|22q13.1","GGA1",4150.25,3645.35,9325.45,287.74,295.58,341.66,306.8,369.5,318.16,289.8,255.96,248.82,336.58,401.68,229.7,422.54,295.22,324.62,184.68,262.7,160.96,265.18,262.56,248.34,341.14,304.9,236.74,241.98,382.28,324.9,231.12,281.72,299.96,364.78,264.3,249.52,271.88,278.68,246.36,213.48,217.08,244.14,234.64,363.9,279.94,250.9,261.84,325.36,291.32,300.5,339.18,376.12,367.2,327.3,251.625,246.475,246.55,280.175,394.425,304.5,295.375,270.125,291.4,323.675,352.75,430.525,345.325,439.875,244.35,250.775
27128,"hs|22q13.1","CYTH4",228.15,52.5,134.95,30.4666666666667,29.1666666666667,34.2333333333333,22.6666666666667,30.0333333333333,39.2,29.0333333333333,35.7333333333333,24.5333333333333,34.7333333333333,32.2333333333333,34.7,35.0333333333333,34.3,30.7666666666667,33.6666666666667,36.5,25.0333333333333,35.9,35.7333333333333,32.4333333333333,44.9,29.8666666666667,44.7666666666667,29.1333333333333,35.4333333333333,34.9333333333333,38.3333333333333,29.0333333333333,28.7333333333333,37.6666666666667,37.8666666666667,37.6333333333333,25.7,27.7,25.0333333333333,32.5,43.7666666666667,30.7666666666667,30.9333333333333,31.5666666666667,29.3666666666667,26.9666666666667,30.4,51.1333333333333,19,32.3,49.6,34.4,73.9666666666667,58.7,33.95,50.2,41.45,55.75,60.75,62.3,80.3,74.2,46.15,74.1,66.2,59.4,58.45,44.9,38.35,42.1
27350,"hs|22q13.1","APOBEC3C",779.7,674.7,383.3,130.5,147.2,146,217,103.5,101.2,425.7,234.7,276.7,216.3,202.9,102.8,183.2,224.2,330.8,111.4,160.3,65.1,241.3,281.2,144.8,170.2,108.2,281.8,141.4,153.9,199.7,168,145.3,126,199.8,233.4,141.1,166.8,199,247,108.4,139.1,106.5,96.6,86.8,258.1,357.2,135.5,120.7,83.8,156.2,224.6,512.6,258,70.1,72.6,40.1,47.2,52.9,85.2,97.7,163.8,93.9,119.2,151.5,174.3,90.6,116.7,79.3,83.2,106.7
27352,"hs|22q13.1","SGSM3",1234.75,823.05,2180.95,88.1333333333333,98.5333333333333,98.1,123.566666666667,105.033333333333,111.033333333333,127.4,106,113.166666666667,107.666666666667,104.233333333333,85.4333333333333,161.366666666667,108.366666666667,157.6,76.9666666666667,74.5,60.8333333333333,118.833333333333,124.7,75,100.733333333333,83.6333333333333,86.7333333333333,71.2666666666667,85.9333333333333,109.966666666667,90.6,77.8,96.6666666666667,96.2,69.5333333333333,85.4666666666667,105.833333333333,127.1,138.566666666667,80.2333333333333,94.4333333333333,91.8333333333333,90.4,100.9,90.3,124.333333333333,102.5,107.566666666667,90.3333333333333,80.1,116.633333333333,102.933333333333,103.9,109.1,51.8666666666667,61.4333333333333,55.1,63.6666666666667,85.8,75.2,98,65.1,71.4666666666667,96.0666666666667,92.7,62.4666666666667,67.4,75.4,69.5,74.8
29775,"hs|22q13.1","CARD10",1916.2,1502.3,3331,78.7666666666667,37.3666666666667,32.3333333333333,32.6666666666667,41,25.6333333333333,35.9,38.6333333333333,39.5,36.9666666666667,30.9,29.8666666666667,38.0333333333333,42.4333333333333,36.2333333333333,49.0333333333333,56.1,40.6,56.8333333333333,62.7333333333333,41.8333333333333,83.5333333333333,32.7333333333333,44.8666666666667,22.3333333333333,25.5,16.1666666666667,28.2333333333333,46.8666666666667,85.9,35,19.9666666666667,29.0333333333333,34.4,40.8666666666667,50.9,32.3666666666667,42.8333333333333,66.7666666666667,76.5,37.2666666666667,20,42.0666666666667,94.4666666666667,31.5,43.4,65.8666666666667,33.7333333333333,27.3666666666667,70.8666666666667,30.9666666666667,23.4666666666667,18.6,27.5333333333333,19.6666666666667,25.7,21.6,30.2333333333333,27.2,30.6,33.7666666666667,29.9333333333333,45.9666666666667,49.8,39.3666666666667,36.6666666666667,36.5666666666667
51386,"hs|22q13.1","EIF3L",16196.75,21802.2,17301.45,5489.6,5016.9,4560.9,4976.8,5096.6,5511,4417.3,4502.9,4959.2,4377,4675.2,2901.1,4759.3,5583.6,4119.8,4082.8,4316.3,3243.6,4542.5,5624.1,4305.7,6732.2,5799.7,5549.7,3824.5,5261.2,5696.5,4100.4,4237,4964.1,4989.8,3488,3870.4,6209.2,5310.9,6328.8,3592.3,3965.2,5236.9,4715,5861.2,5182.4,4203.9,5231.2,6451.5,4496.5,5275.9,3262.8,4706.1,4862.2,1732.8,2345.8,1574.2,1170.8,1105.4,1542,1097.5,1479.5,2459.7,3266.4,1849.5,2385.8,2779.8,2184.5,2412.6,2768,2793
54471,"hs|22q13.1","SMCR7L",1094.7,1205.36666666667,437.4,117.7,104.7,89.25,100.275,94.275,131.525,96.275,133.05,93.875,111.85,102.45,113.2,114.175,111.45,103,94.025,139.95,77.675,85.425,95.675,120.175,108.775,104.425,117.625,120.1,140.525,182.3,122.525,103,125.825,113.175,140.425,117.575,83.3,83.4,72.05,116.075,125.475,101.975,100.075,89.525,139.225,86.175,121.4,119.05,121.35,83.3,108.4,124.975,95.825,92.3333333333333,115.433333333333,121.2,117.533333333333,113.166666666667,124.5,104.866666666667,78.3666666666667,134.733333333333,162.833333333333,139.133333333333,147.8,60,39.2,71.0333333333333,57.8666666666667,86.5333333333333
56993,"hs|22q13.1","TOMM22",2357.2,1977,2693.1,148.9,167.066666666667,225.033333333333,231.533333333333,141.933333333333,161.9,189.966666666667,161.833333333333,162.733333333333,165.3,216.066666666667,116.466666666667,225.033333333333,229.9,225.2,126.733333333333,142.533333333333,123.266666666667,251.233333333333,216.533333333333,257.266666666667,190.2,155.033333333333,250.266666666667,262.733333333333,169.966666666667,347.8,228.366666666667,198.033333333333,181.233333333333,192.8,132.166666666667,135.133333333333,178.4,189.666666666667,171.766666666667,170.433333333333,125.7,198.633333333333,196.266666666667,157.1,233.1,174,145.133333333333,155.833333333333,144.266666666667,233.933333333333,181.4,326.133333333333,203.033333333333,57.2,43,117.5,63.2,61.9,94.3,70.1,143.3,125.7,158.7,113.7,42.3,41.1,46.6,43.8,54.6,40.8
57591,"hs|22q13.1","MKL1",663.1,405.4,1320.9,58.74,57.92,36.5,33.02,34.6,30.78,53.3,49.14,54.56,31.46,37.26,28.5,34.86,29.78,82.48,46.28,41.54,18.32,39.4,42.46,47.98,48.76,27.22,46.4,30.82,44.36,33.92,47.06,41.22,42.86,29.42,31.48,24.1,33.02,32.38,41.34,25.76,40.26,33.38,38.22,49.18,27.1,41.34,47.28,37.44,30.82,39.8,34.14,35.7,48.54,46.8,24.6333333333333,28.9333333333333,32.7666666666667,28.5666666666667,45.8666666666667,29.7,34.2,43.6333333333333,22.5,45.9,49.8333333333333,53.0666666666667,60.7,64.5,38.0333333333333,41.6666666666667
60489,"hs|22q13.1","APOBEC3G",206.85,33.8,31.75,47.25,34.15,38.7,56.7,70.25,85.25,32.55,32.35,38.55,27.45,32.45,54.25,25.3,45.05,29.2,33.15,61.2,30.75,46.95,39.3,31.4,52.85,39.25,40.05,33.5,41.7,56.5,32.25,29.15,31.85,41.35,63.85,48.75,25.9,31.45,21.7,54.05,84.7,35.45,40.3,38,50.5,28.7,56.75,66.65,52.4,65.35,42.95,160,56.65,16.6,18.05,19.85,13.25,13.6,18.65,34.35,11.55,33.15,49.75,8.25,22.75,34.95,49.1,33.05,30.6,36.45
79159,"hs|22q13.1","NOL12",125.1,62.9,294.9,64.9,48.9,87.1,76.95,61.75,66.4,64.15,32.25,47.2,55.4,61.6,34.45,73.3,61.2,83.45,44.25,60.7,33.15,66.7,75.8,58.05,41.95,52.9,40.05,29.65,39.75,55.85,26.55,52.7,67.3,69.9,52.65,35.55,48.7,81.9,84.5,16,27.5,63.25,65.55,37.55,74.2,52.4,75.55,44.25,61.9,63.35,59.8,47.05,68.9,11.9,24.9,13.7,7.05,12.2,20.7,28.9,35.4,20.95,24,39.9,37.75,47.4,61.1,50.55,35.2,41.2
80115,"hs|22q13.1","BAIAP2L2",71.35,73.45,157.5,10.9,14.45,7.3,13.85,4.65,9.6,13.95,11.15,12.4,3.9,17.85,14.9,4.65,4.5,10.7,5.45,11.65,4,7.9,3.6,11,16.1,5.2,8.5,7.15,11.95,11.3,9,3.2,4.75,12.4,11.85,9.75,4.15,3.55,4.4,5.5,11.6,4.9,7.4,4.15,3.45,11.9,19.2,12,16.75,7.8,3.35,2.7,3.2,3.9,2.8,6.8,5.4,3.6,7.7,4.2,10.3,7.5,4.1,9.4,6.5,16.7,14.5,13.5,12.8,13.5
85377,"hs|22q13.1","MICALL1",416.1,211.2,380.7,288.55,294.1,385.8,518.25,505.55,340.8,465.55,427.35,414,435.7,476.1,321.6,152.55,224.3,429.3,125.9,220.9,104.85,211.3,175.55,331.5,368.45,412.15,374.3,333.85,413.4,412.35,337.9,282.4,282.9,380.45,274.15,245.05,340.3,271.95,288.75,259,163.9,213,189.7,177.1,348.55,487.35,221.7,407.2,200.55,273.4,239.7,219.1,290.45,129.45,157.5,224.05,110.15,151.6,200.25,110.2,190.7,182.9,175.25,207.45,247.15,154.7,215,246.65,136.1,443.3
200316,"hs|22q13.1","APOBEC3F",321.3,347.5,640.25,30.2,21.15,35.75,27.5,35.85,37.5,24.7,21.45,33.75,32.6,25.25,34.25,25.9,21.4,29.45,34.35,16.55,26,15.75,28.25,24.35,21.4,23.95,41.2,23.15,38.2,28.55,22.75,25.2,12,25.9,22.8,45.55,22.95,14.8,21.9,21.15,30.35,21.55,29.25,16.6,25.75,40.7,30.9,38.4,26.95,38.8,34,19.45,24.9,6.3,2.7,1.3,2,8.3,2.7,1.4,22.3,24.8,5.7,2.8,3.9,54,63.9,21.8,20.3,21.4
332,"hs|17q25.3","BIRC5",55.9,379.8,87.7,15.575,14.75,29.05,10.7,17,16.375,42.15,58.275,47.275,17.95,18,39.4,10.05,6.85,70.975,9.025,21.9,11.375,12.475,1.95,8.65,20.325,21.575,43,17.35,7.175,43.4,17.375,18.9,8.95,13.6,26.975,25.2,9.7,8.125,14.9,27.825,37.75,6.75,9.15,11.375,12.375,38.325,19.05,13.95,5.925,9.8,16.475,13.25,50.925,23.1333333333333,14.3333333333333,17,35,23.4,38.1,30.7,28,28,25,36.8333333333333,45.4,32.6333333333333,35.5666666666667,26.0666666666667,22.9,23.7333333333333
396,"hs|17q25.3","ARHGDIA",452.033333333333,495.933333333333,979.233333333333,165.475,151.75,186.5,176.15,192.875,169.975,234.9,264.55,150.5,172.675,184.2,145.025,156.1,147.925,318.575,150.15,147.475,112.6,240.425,138.05,158.525,226.8,189.475,209.05,110.925,245.075,190,198.7,154.775,210.225,202.6,222.6,148.075,158.575,127.725,215.025,117.375,132.55,132.8,120.55,200.65,179.9,195.825,170.1,188.3,88.9,148.475,181.625,151,267.3,123.425,83.65,129.475,105.725,146.275,232.6,135.8,341.95,256.55,200,182.575,199.575,233.2,260.2,188.65,157.4,185.8
924,"hs|17q25.3","CD7",24.1,126.8,8.8,12.85,5.55,12.35,23.35,22.2,14.75,15,11.2,12.05,6.95,17.5,11.9,9.7,11.05,14.15,20.35,6.9,10.3,9.7,3.9,16,14.5,3.15,17.35,5.3,14.45,33.1,21.3,8.75,21.5,7.05,9.05,7.85,12.15,4.85,17.45,4.3,27,6.75,12.2,9.8,8.35,27.7,8.65,15.65,2.7,15.2,3.3,58.4,14.25,7.3,3.75,3.65,2.95,7.75,2.75,2.8,18.75,7.8,2.65,4,7.8,41.45,45.7,26.55,22.5,22.95
1453,"hs|17q25.3","CSNK1D",7925.05,4067.25,5890.65,310.766666666667,276.066666666667,263.633333333333,252.266666666667,253.733333333333,232.1,340.233333333333,356.3,302.866666666667,352.433333333333,334.7,161.866666666667,324.6,322.133333333333,460,266.8,249.433333333333,267.9,291.533333333333,284.933333333333,286.7,292.6,265.433333333333,265.766666666667,278.7,342.6,351.333333333333,289.366666666667,271.866666666667,304.066666666667,381,259.5,228.966666666667,233.833333333333,212.3,253.4,175.633333333333,163.333333333333,278.5,279.166666666667,213.1,364.766666666667,352.033333333333,271.4,253.5,248.566666666667,288.9,333.066666666667,314.166666666667,337.166666666667,120.066666666667,105.9,81.7666666666667,88.6333333333333,80.7,86.2,88.4,200.666666666667,123.8,96.1666666666667,152.2,153.1,138.266666666667,116.966666666667,214.466666666667,136.1,196.266666666667
1468,"hs|17q25.3","SLC25A10",27.8,6.4,8.8,3.6,18.8,21.2,17.6,28.8,22.1,12.1,20.5,6.5,3.9,7.7,4.5,29.8,18.9,22.6,5,19.7,17.4,2.1,16.2,17,24,3.3,7.8,2.5,4.7,18.6,7,5.8,21.7,27.5,4.7,21.6,20.8,27.3,25.9,1.9,4.2,1.5,17.1,6,7.3,20.2,3.2,13.9,19.1,12.6,18.1,20.4,24.5,29.7,8.4,9,12.4,16.3,21.1,25.2,8.3,15.8,28.4,23.6,29,40.8,60.2,40.4,38.7,39.1
2194,"hs|17q25.3","FASN",62,8.3,8.8,38.55,54.35,64.35,41.45,42.5,42.65,81.85,82.55,46.2,67.15,70.4,57.8,61.35,43,69.95,24.85,37.45,59.45,35.3,40.35,47.15,46.65,35.25,38.35,33.5,85.1,97.85,52.35,46.6,58,64,46.45,38.55,34.05,32.65,54.7,32.05,78.6,44.35,28.15,45.2,48.25,86.8,45.3,33.7,27.1,29.35,65.5,62.3,70.7,28.2,19.75,33.15,35.05,38.1,48.4,49.3,36.95,58.25,42.65,54.75,103.8,60.15,73.4,54.15,49.5,47.75
2548,"hs|17q25.3","GAA",10152.3,6564.6,8.8,154.2,240.1,180.4,237.1,255.5,212,311.4,213.5,214.2,275.5,349.5,113.8,360.4,228.7,362,145.4,187.8,314.3,431.3,319.8,364.9,298,239.4,288.8,192.7,335,242.2,307.8,243.3,251.6,253.5,180.8,142.5,290.3,303.9,329.7,166.8,143.4,248.5,207.9,306.9,176.6,273.5,207.2,181.6,175,210.6,372.3,314,382.5,169.8,105.9,189.5,129.9,176.5,126.5,150.9,210.5,186.4,169.9,210.2,224.4,146.3,169.5,199.4,100.3,116.4
2642,"hs|17q25.3","GCGR",14.6,16.2,235.3,6.5,7,22,19.9,7.2,3,9,6.7,7.4,14.8,4,2.2,10.2,27.9,13.8,6,4.9,1.3,5.6,27.7,21.1,7.4,6,11.8,5.6,6.5,6.7,24.7,30.4,5.3,6.2,4,2.9,13,6.5,25.2,1.4,2,1.2,5.9,7.6,38.4,4.5,7.6,8.7,4.2,2.4,5.4,5.3,1.8,3.5,2.8,2.4,4.8,2.9,3.5,4.7,3.1,7,6,10.2,8.8,83.8,89.8,54.1,45.7,48.4
2873,"hs|17q25.3","GPS1",2307,484.6,986.1,233,174.4,149.2,280.4,223.6,231.8,134.6,258.8,246,227.7,211.6,64.8,364.3,225.2,265.9,77.7,218.4,217.4,241.6,223.6,176.3,221.5,169.6,212.6,173.8,321,355,203.6,165.4,244.8,228.8,174.6,60.6,243.7,274.1,209.3,80.9,62.9,244.7,256.4,159.7,220,255,185.3,230.1,154.9,189.3,249.4,249.3,223.1,87.3,71.4,69.6,44.1,77.4,85.1,52.9,134.7,163.4,86.3,119.5,180.4,124.1,142.7,133.6,108,101.4
3607,"hs|17q25.3","FOXK2",1526.25,398.85,1013.85,64.4714285714286,69.1285714285714,68.9571428571429,61.4,62.6714285714286,90.1571428571429,79.8857142857143,76.6,74.5571428571429,79.2857142857143,79.2285714285714,84.2285714285714,73.0857142857143,69.3142857142857,60.0142857142857,64.3714285714286,53.8857142857143,82.1857142857143,68.3142857142857,57.7714285714286,71.8285714285714,57.8714285714286,58.9285714285714,57.1857142857143,62.8714285714286,79.9571428571429,80.9714285714286,77.3571428571429,68.3571428571429,61.0142857142857,70.3714285714286,74.7428571428571,72.4714285714286,55.3428571428571,54.4714285714286,78.4285714285714,68.2,87.4285714285714,52.6,46.8285714285714,79.3285714285714,61.6428571428571,74.3285714285714,62.2285714285714,73.5571428571429,52.5142857142857,60.5857142857143,88.2857142857143,70.4428571428571,58.6285714285714,141.9,92.5,104.8,59.8,101.8,110.1,85.4,149.9,127,119.9,131.4,131.5,96.9,101.4,154.9,97.2,130.9
3959,"hs|17q25.3","LGALS3BP",1642.4,4076.3,5490.8,1454,1267.7,652.2,764.9,795.4,603.3,1485,1081.4,1228.8,1143.3,1017,436.1,930.9,1044.7,2910,682.6,1218.9,1235.7,1517.6,1735.4,771.1,2264.4,1171.3,1635.7,839.1,1403.5,1808.7,1108.4,930.5,1251.6,1640.3,1240.8,541.7,1137.4,986.8,1403.3,364.1,881,869.4,876.2,1042.9,1820.5,1732.5,1307.3,717.7,1041.1,925.9,1451.4,2236.8,2383.8,663.8,360.8,427.8,340.2,788.7,722.2,470,671.5,444.2,329.6,414.1,429.9,371.1,293.6,171.8,393.7,419.6
4097,"hs|17q25.3","MAFG",3856.35,5338.35,8119.45,123.4,90.7,93.35,107.45,112.8,115,72.55,136.1,89.95,112.15,86.95,77.4,96.9,80.9,102.2,98.4,87.4,77.55,91.95,121.45,96.75,159.1,134.15,129.95,79.3,123.2,111.25,126.2,111.4,124.95,93.25,100.7,71.75,75.25,82.55,79.15,85.45,92.5,105.05,115.65,108.8,101.9,79.8,104.15,170.75,95.05,75.8,123.4,95.65,107,82.9,63.3,73,54,72.9,111.2,105.6,66.5,71.5,117.8,100.8,94.7,72.6,76.6,89,75.9,74.3
4884,"hs|17q25.3","NPTX1",183.95,97.1,119.45,24.2,37.3,18.9,24.2,17.1,7.5,14.1,29.7,29.2,17.8,30.2,39.6,39.2,14.1,21.9,12,40.3,32.7,12.9,2.6,7.3,15.9,4.2,3.7,130.8,9.2,159.9,79.2,16.2,41,10.1,25.2,21.6,11,18.8,22.5,25.2,48.6,23.4,35.1,24.9,3.5,25.1,3.8,19.8,82.7,2.7,23.1,22.5,12.7,3.8,7.8,1.3,23.1,1.2,2.9,1.4,23.8,40.7,27.6,35.8,45.1,32.5,41.2,27.5,36.7,30.6
5034,"hs|17q25.3","P4HB",18989.9,10244.7,21.05,862.033333333333,1064.03333333333,981.733333333333,915.4,910.466666666667,752.433333333333,1677.86666666667,1184.76666666667,1310.13333333333,1170.56666666667,1147.33333333333,835.066666666667,1002.23333333333,1046.46666666667,2181.33333333333,1355.46666666667,883.066666666667,972.166666666667,1303.36666666667,921.9,951.233333333333,1145.43333333333,1249.46666666667,1499.23333333333,1114.3,1519.1,1597.53333333333,1147.83333333333,849.7,991.033333333333,1345.2,875.2,650.233333333333,982.066666666667,1020.26666666667,1438.23333333333,503.166666666667,608.833333333333,825.2,793.233333333333,667.966666666667,1417.2,1784,860.133333333333,858.033333333333,650.4,840.8,1146.93333333333,901.733333333333,1913,772.25,505.5,834.7,472.45,1109,847.5,1007.8,1533.65,827.75,625.85,895.9,1150.2,436.75,523,297.9,526.2,597.05
5148,"hs|17q25.3","PDE6G",6.8,29.4,8.8,4.5,8.3,4.1,4.1,6.9,5.2,6.2,8.1,4.9,5.6,7.1,9.7,5.2,5.5,5.2,4.9,7.1,5.5,6.5,3.4,5.6,7.2,5.9,5.4,5.5,5.6,8.5,4.9,3.1,6.4,9.8,15.3,11.7,2.9,4.6,9.7,11.2,13,4,4.1,6.2,2.2,7.3,8.9,6.3,3.9,3.6,7.2,8.4,8.4,8.2,4.6,11.4,11,9.5,17.7,7,10.5,17.1,14.6,15,16.8,65.6,53.1,44.1,35.3,32.6
5831,"hs|17q25.3","PYCR1",4727.35,6230,109.6,68.1,134.1,151.2,138.5,211.5,103.3,207.9,191.8,189.5,92.2,108.5,107.8,163.8,110.2,182.5,44.8,185.4,166.3,88.5,67.3,131.6,133.4,210.4,189.2,28.2,65.6,102.4,90.8,69.2,85.9,83.5,104.8,90.4,146.8,107.3,206.5,70.2,114.4,82.5,55.6,93.1,81.3,191.3,76.9,139.4,54.1,71.9,69,71.7,134.6,57.6,79.3,112.7,59.9,103.6,90,70.8,154.4,160.2,106.8,149.2,239.4,119.5,122.4,69.8,97.9,105.9
5833,"hs|17q25.3","PCYT2",397.1,127,8.8,37.6,54,43.55,34,56.7,32.55,45.25,68.5,53.95,46.55,58.05,53.75,54.75,42.4,57.4,40.5,53.4,46.6,39.65,42.95,29.45,41.5,28.95,30,29.8,26.75,43.95,44.45,14.4,44.35,30.75,40.4,20.75,35.1,36.8,34.15,28.4,30.5,24.6,32,56.85,32.35,58.6,40.4,36.15,30.25,43.75,47.5,41.65,38.05,72.5,37.9,68.8,72,65.8,87.8,113.7,70,104.7,69.7,94.8,90.1,76.3,81.5,52.9,45.7,71.7
5881,"hs|17q25.3","RAC3",49.7,174.5,8.8,11.9,14.5,10.9,52.1,4.6,2.6,51.9,22.4,44.6,10.2,8.3,9.6,4.9,12.2,17.6,1.1,11.6,24.9,3.8,13.8,1.1,3.7,18,5.2,2.8,5.9,2.2,4,1.7,5.2,8.3,2.3,5.1,19.7,8.8,20.2,3.9,2.1,3.6,1.7,4.3,2.7,39.6,2.3,18.2,1.9,0.6,0.9,2,3.5,4.5,2.5,2,2.6,5.1,7.1,3.6,4.4,7.4,3.2,5.6,17.6,24.4,24.8,20.3,19.6,22.1
5986,"hs|17q25.3","RFNG",363.45,1033.45,1798.55,186.9,184.4,145.3,173.2,138.7,205.1,145.3,137.2,141.5,134.1,177.9,51.3,151.1,118,190.6,65.2,115.8,151.6,168.3,188.1,99.7,135.3,164,177.9,131,199.6,149.1,159.7,123.3,140.2,169.4,95.1,84.7,177.7,161.7,187.1,67,89.2,190.5,140.2,132.7,147.3,132.4,176.5,175.4,134.7,141.4,158.3,223.9,285.9,63,61.3,72.5,56.4,81.3,111.4,101.1,133.5,104.3,102.9,110.4,135.6,119.1,72.2,83.6,80.5,79.5
6182,"hs|17q25.3","MRPL12",768,1089.6,448.7,77.55,107.15,101.6,82,108.55,69.4,98.35,98.65,117.45,80.15,100,45.85,87.05,98.35,134.25,34.75,71.1,138.15,100.35,87.85,112.35,108.2,108.05,99.9,77.8,69.8,127.5,71.7,64.4,75.05,118.25,59.7,63.25,74.5,98.85,132.15,35.35,46.4,83.45,72.4,58.45,114.3,98,77.85,84.55,63.95,80.85,68,102.05,114.95,96.3,46.9,70.4,60.5,77,89.8,54.9,115.8,90.1,92.7,139.8,151,62.1,60.4,57.3,87,84
6398,"hs|17q25.3","SECTM1",359.366666666667,253.5,852.033333333333,77.5,60.6,89.6,87.3,51.1,57.4,54.1,145.6,83.8,88.8,79.7,78.9,177,79.2,90.3,39.7,70.6,111.9,43.5,56.2,32,139,74.5,73.9,94.5,383.2,118.9,71.7,38.6,106.3,93.6,102.4,71.4,36.7,45.3,84.3,57.6,20.1,43.3,40.8,75.1,88.4,122.2,32.4,63.6,50.7,31.5,78.2,225.2,83.2,67.7,45.6,16.6,12.6,40.1,72.2,34.4,90.6,37.1,10.8,44.6,65.9,49.9,45.9,78.2,54.9,38.9
6448,"hs|17q25.3","SGSH",4191.5,2235.2,2324.4,214.95,205.15,164.6,156.9,204.05,150.95,192.85,133.2,182,185.6,169.2,67.95,164.1,142.1,204.85,115.1,178.3,141.45,223.35,228.55,182.8,197.95,183.35,170.05,145.55,262.55,208.6,157.35,149.8,205.75,192.15,94.8,76.85,150.1,159.45,206.1,80.25,113.15,171.05,167.45,156.85,179.25,171.15,172.5,156.5,157.8,143.65,153.3,131.95,212.75,93.2,79.45,92.4,63.4,114.4,101.6,62.65,131.85,107.2,80,94.7,104.25,131.3,134.25,118.2,110.65,104.7
6904,"hs|17q25.3","TBCD",2418.66666666667,954.1,382.066666666667,67.6333333333333,91.8666666666667,75.1666666666667,86.8,115.433333333333,78,86.0666666666667,81.8,81.2,97.1,123.866666666667,21.8333333333333,136.366666666667,85.1333333333333,76.3333333333333,63.2666666666667,85.3,70.3666666666667,82.0333333333333,82.9333333333333,55.4333333333333,86.3,89.4666666666667,71.6666666666667,72.1666666666667,106.666666666667,94.1666666666667,70.6666666666667,73.4333333333333,94.1333333333333,107.733333333333,42.1333333333333,24.0333333333333,86.4,82.8333333333333,92.9,30.8333333333333,27.5333333333333,79.3666666666667,81.5333333333333,74.8333333333333,95.2333333333333,67.4666666666667,73.5,86.8666666666667,76,61.3666666666667,106.466666666667,115.533333333333,143.233333333333,68.4,52.95,64.15,34.1,67.7,79.6,51.5,104.55,87.9,43.85,78.45,100.3,112.5,149.45,156.6,92.8,111.4
7077,"hs|17q25.3","TIMP2",8169.8,9287.2,1558.9,2696,3178.3,2907.83333333333,2327.2,2753.16666666667,2841.66666666667,2804.86666666667,2363.33333333333,3040.36666666667,3310.26666666667,2766.76666666667,3826.26666666667,2262.9,3019.7,3270.46666666667,4197.26666666667,2359.06666666667,3099,2789.76666666667,2875.66666666667,3059.36666666667,2796.2,2788.33333333333,2919.96666666667,2352.86666666667,3392.1,3692.93333333333,2881.3,2914.53333333333,3588.66666666667,2973.6,2672.86666666667,3771.36666666667,3232.86666666667,3232.3,4622.03333333333,2752.4,3047.2,3040.83333333333,3110.63333333333,2555.5,2759.4,3652.63333333333,2872.03333333333,3210.66666666667,1932.03333333333,2501.06666666667,3135.43333333333,2741.86666666667,3276.03333333333,121.1,67.2,64.2,64.9,150.5,46.3,78.6,182.2,77.6,65.1,129,99.5,120.8,166.6,426.3,274.5,188.7
7083,"hs|17q25.3","TK1",1959,5103.8,26.6,15.05,15.6,35.35,20.95,55.75,25.15,91,120.8,120.6,41.95,34.75,62.65,20,26.15,84.05,11.85,29.75,10.35,10,14.95,18.15,36.65,29.3,56.45,30.4,159.6,92.8,36.35,34.65,23.8,24.65,67.1,39.3,17.25,30.2,48.75,45.2,30.25,12.8,7.25,5.5,33,113.05,19.9,28.05,10.35,9.95,23.65,8.95,77.55,22.1,11.1,26.3,8.7,31.5,54.4,48.7,46.1,44.3,10.3,62.1,64.4,36.1,32.3,24.5,26.4,26.6
8535,"hs|17q25.3","CBX4",486.2,181.8,417,74.85,216.45,224.15,181.9,358.6,171.9,171.1,318,270.8,346.1,335.25,202.7,210.9,281.25,221.2,102.05,309.6,252.4,93.45,105.85,137.85,90.1,206.95,135.95,232.6,380.8,142.15,139.3,192.25,145.85,152.4,120.6,191.6,121.85,110.3,184.4,124.6,149.05,264.55,179.35,112.1,110.05,187.25,91.8,169.15,89.2,70.55,235.9,315.3,210.25,33.2,19.3,53.1,7.8,37.5,52.7,72.5,74.2,64.1,49.1,84.3,77.1,23,21.1,18.4,21.4,21.7
8632,"hs|17q25.3","DNAH17",6.15,7.9,8.8,5.8,8.15,12.85,11.9,2.95,15.25,6.5,2.35,15.3,6.55,13,10.45,4.35,10.15,11.05,12.35,2.75,13.95,5.6,9.05,4.5,14.9,9.95,6.3,4.9,4.3,11.35,9.1,12.3,5.9,9.55,16,8.9,11.8,14,19.9,8.35,13.8,4.9,3.4,11.8,10.7,10.05,11.75,9.1,4.05,12.4,4.4,10.15,16.1,4,9.2,21.1,41.6,9.2,5.6,24.3,4.6,28.1,19.9,24.4,47.7,27.4,25.7,18.3,19.8,18.8
9021,"hs|17q25.3","SOCS3",324.35,179.1,61.6,158.6,65.45,32.5,17.175,13.875,20.725,24.9,64.575,26.125,16.525,18.1,27.9,13.525,28.375,18.95,34.925,19.7,26.35,39.525,18.275,24.475,435.3,50.55,39.675,124.425,95.425,24.925,41.85,33.15,16.85,49.175,46.5,32.85,23.875,27,23.85,57.7,54.7,28.4,12.1,862.475,64.1,46.45,147.75,42.75,70.125,133.375,36.45,40.85,116.975,19.7666666666667,11.0666666666667,5.83333333333333,24.5666666666667,14.0333333333333,29.0333333333333,26.5666666666667,44.1666666666667,40.6,18.2666666666667,32.8,31.1,34.5666666666667,36.8666666666667,25.6666666666667,24,23.3333333333333
9144,"hs|17q25.3","SYNGR2",8773,4145.35,11773.35,147.3,104.4,120.75,91.05,118.6,100.2,94.45,117.5,142.8,110.05,140.4,65.35,107.55,117.95,107.45,83.6,112.2,177.7,194.45,118.95,92.05,143.45,85.85,128.15,66.25,120.35,106,163.65,135.6,167.2,141.1,110.55,57.2,90,98.75,85.2,65,60.4,119,180.6,101.95,82.3,179.05,110.2,95.85,229.55,172.55,86.35,50.6,131.85,115.4,48.9,147.8,116.1,142.5,122.7,99.9,211.1,109.5,116,100.8,126.8,77.9,78.1,60.9,61.6,100.3
9146,"hs|17q25.3","HGS",4729.475,2855.425,1577.425,153.95,184.1,136.75,166.05,151.7,120.95,210,256.2,156.4,270.05,243.6,83.35,241.15,189.85,248.1,96.55,162.65,120.55,172.55,152.3,98.25,160.85,162.9,129.55,140.55,339.4,244.5,207.6,161.55,287.85,192.05,142.45,104.8,141.1,128.25,219,107.05,112.05,134.45,148.35,194.1,183.15,219,141.8,137.2,112.8,151.05,197.1,243.55,283.4,219.4,137.7,174.6,129.5,263.7,349.1,204.1,321.1,204.7,193.7,221.5,239.7,336.1,246.7,458.2,309,214.8
9267,"hs|17q25.3","CYTH1",2236,1964.2,8.8,53.65,60.75,50.05,46.65,29.1,43,49.35,43.65,53.2,40.25,37.85,45.15,40.85,48.2,34,63.3,38.95,34,65.65,58.1,52.25,67.9,36,47.55,44.7,39.15,55.3,57.5,57.4,51.35,38.8,37,35.1,28.05,43.7,52.1,56.7,77.4,63.7,55.4,58,42.35,56.1,44.2,47.65,38.75,56.9,61.7,52.8,67.6,27.45,37.1,21,10.1,35.35,25.4,16.75,28.7,40.25,30.3,41.6,42.95,43.85,49.95,45,37.15,34.05
9489,"hs|17q25.3","PGS1",69.1333333333333,96.9666666666667,152.033333333333,131.35,116.65,109.6,106.95,131.05,88.55,93.4,120.8,99,100.9,114.7,51.05,106.9,103,100.4,71.8,98.75,119.85,107.4,144.8,86.9,145.9,114.8,86.9,88.35,147.65,122.1,91.35,74.2,136.05,108.85,71.25,78.1,106.65,101.95,97.25,60.3,78.25,101.65,126.5,134.05,131.9,73.4,107.95,113.2,118.8,98.25,100.95,131.75,118.45,114.7,105.2,64.6,39.2,83.5,72,8.8,45.8,46.8,58.9,58.1,56.4,89.7,63.6,77.6,58.8,67.1
9625,"hs|17q25.3","AATK",86.2333333333333,17.3,138.466666666667,53.8,41.7,38,16.4,61.3,32,55.8,49.8,49,42.3,56.6,47.7,47.5,20.6,47.9,65.9,44.1,63.5,28.4,44.6,36.8,69.6,28.3,46.7,58.2,12.7,111.2,46.7,41.3,59.8,32.6,51.3,61.6,38.3,39.9,54.5,54,74,36.3,39.1,42.6,27.7,51.7,49.4,78.6,44.1,28,59.6,54.4,46.4,53.5,47.9,47.1,8.9,53.7,82.7,11.3,72.1,45.4,66.2,48.9,16.6,54,74.6,47.8,40.7,45.4
9775,"hs|17q25.3","EIF4A3",16734.4,13825.5,8.8,714.6,676.8,870.6,921.6,921.7,904.5,902.7,718.5,991.7,837.1,832.1,685.3,862.8,969.9,816.3,650.7,835.3,1048.8,670.7,804.3,907.9,750,774.2,701.1,938.2,758.2,644.4,697.7,859,774.9,647.1,693.4,1001.3,883,807.2,796.6,784.9,783.5,833,756.2,634.7,807.1,913.7,680.1,912.1,624,687.5,700.6,914.4,897.3,337.7,353.9,316.5,538.5,292.4,231.9,328.4,494.9,414.7,389.9,450.6,538.1,357.8,361.2,375.5,410.2,572.7
10458,"hs|17q25.3","BAIAP2",179.433333333333,115.066666666667,305,31.775,43.725,36.15,30.375,22.8,37.7,49.125,47.95,41,59.8,54.2,25.5,49.975,31.825,84.975,23.7,22.1,29.225,38.125,39.05,26.175,47.725,30.475,54.375,33.025,39.75,54.725,38.65,37.375,49.475,64.5,32.3,30.625,25.375,21.7,35.95,29.6,28.65,31.9,39.825,38.9,64.05,46.175,37.4,27.45,21.675,25.025,25.975,37.65,37.475,37.7,26.175,30.3,19.95,29.775,58.225,36.55,31.675,29.05,31.55,45.65,46.85,57.925,54.75,43.3,35.075,33.325
10801,"hs|17q25.3","SEPT9",41336.2,30935.8,14485.9,1008.925,975.8,851.875,697.8,838.2,888.475,929.075,994.95,1132.825,976.675,904,926.975,608.25,800.25,1068.25,1201.975,656.925,777.175,673.85,639.25,737.85,1077.625,735.775,916.925,684.95,1175.225,1112.825,695.8,845.775,912.65,947.925,858.675,845.475,688.05,629.175,704.3,809.325,983.525,683.475,667.125,711.775,808.8,1001.075,930.075,990.275,511.8,768,1057.1,1003.825,1098.1,716.366666666667,591.766666666667,454.366666666667,417.566666666667,515.4,699.8,316.533333333333,581.333333333333,476.9,347.633333333333,459.3,672.366666666667,439.133333333333,463.8,508.4,388.8,572.5
10966,"hs|17q25.3","RAB40B",708.5,1124.8,2357.2,78.3,128.866666666667,93.2,110.1,104.266666666667,123.566666666667,88.7666666666667,54.6333333333333,79.3333333333333,98.2333333333333,120.3,69.8,74.0666666666667,110.933333333333,86.3,87.6666666666667,80.2666666666667,104.533333333333,87.5333333333333,114.633333333333,130.033333333333,93.4333333333333,108.466666666667,110.7,190.766666666667,75.8666666666667,202.1,101.7,108.5,103.5,110.633333333333,98.2333333333333,52.8,73.9,83.7,94.8,82.9666666666667,50.1333333333333,122.533333333333,111.666666666667,93.2333333333333,132.533333333333,82.2,106.6,111.4,133.7,121.966666666667,122,144.866666666667,79.0666666666667,59.3,48.1,50,27.3,83.75,35.7,52.75,29.85,69.4,43.6,60.9,53.15,83.25,73.7,77.4,50.55,71.8
11322,"hs|17q25.3","TMC6",62.5,43.4,184.5,43,29.75,28.75,23.9,34.5,51.15,43.15,32.9,42.6,27.85,25.05,27.55,41.2,40.45,32.7,29.05,32.65,35.5,47.6,34.4,32.3,48.75,23.35,43,26.25,39.2,35.7,38.1,34.05,42,42.3,31.25,33.3,22.65,32.5,37.6,46.9,62.9,39.8,28.4,51.7,24.65,44,42.25,40.4,30.1,20.15,32.9,45.7,76.05,35,28.15,17.8,16.95,23.15,30.45,18.45,73.35,69.2,63.55,63.55,48.25,43.6,50.15,43.4,37.05,32.3
22994,"hs|17q25.3","AZI1",2374.45,1125.45,1679.65,34.1,44.7,38.8,40.8,55.9,63.3,28.3,40.8,35.7,47.8,42,9.9,70.4,34.5,22.2,29.6,37.9,37.5,51,26,28.9,42.2,56.1,36.3,22.5,55.6,56.8,33.4,39.6,41.4,72.6,23.8,6.3,25,41.2,48.8,6.5,8.3,46.6,40.5,43.8,48.6,38,35.1,64.7,41.9,19.3,2.6,34.3,56.6,14,22.7,17.3,1.7,9.9,23.6,4.8,17.9,60.9,38.3,34.7,36.1,39.7,43.1,42.9,30.6,37.4
25794,"hs|17q25.3","FSCN2",19.2,16.6,253.2,0.9,11.6,14.7,18.3,13.6,1.9,0.9,4.4,6.6,10,9.9,2.5,11.9,15.8,8.2,0.8,8.4,0.9,4.1,11.8,10,2.6,14.5,8.6,5.3,3.6,2.3,25.1,7.1,10.8,1.5,3.2,1.3,9.5,9.1,8.8,2.2,23.1,18.6,22.6,4.9,7.3,5.8,14.9,15.3,4,1.8,9.5,4.8,9.6,0.6,2,0.3,2.1,1.3,3.8,0.9,3.2,2.3,3.1,1,3.1,15.8,17.1,16.5,15.8,15.9
26502,"hs|17q25.3","NARF",2376.8,1378,8.8,149,192,174.7,163.9,210.25,211,168.9,159.35,208.6,232.75,242.15,99.8,184.45,199.55,134.35,84.6,183.95,117.2,118.15,127.55,107.25,163.15,221.3,132.7,140.95,203.2,180.7,126.25,173.25,209.85,217.15,94.5,101.15,164.1,203.65,231.8,79.35,118.5,206.2,144.25,247.15,160.5,167.75,136.65,197.95,137.1,103,154.55,150.55,206.35,131.7,126.3,72.2,57.4,120.2,67,87.8,166.8,98.5,96.4,124.2,102.8,147.5,126.1,211.3,203,182.6
51181,"hs|17q25.3","DCXR",508.9,636.3,8.8,309.9,361,277.8,125.5,110.9,105,272.4,199.6,213.7,143.8,183.5,53,262.1,157.1,287.1,53.2,142.7,238.9,146.6,194.4,96.2,308,165.8,286.4,110.5,133.6,67.3,138.9,125.1,167.8,261.7,115.4,81.7,123.6,83.3,141,67.8,21.4,125.1,151.5,323.8,220.9,238.9,255.2,131.4,167.6,234.5,94,94.4,184.5,268.5,90.4,14.5,155.7,181.4,236.5,194.8,82.2,75.5,63.5,137.9,139.3,59.3,100.6,112.5,111.6,183.9
51547,"hs|17q25.3","SIRT7",545.8,279.3,8.8,105.9,88.9,96.2,110.4,125.5,111.3,100.7,103.4,109.9,138.4,161.7,62,166.9,140,103.2,52.5,114.2,87.5,125.8,102.3,86.6,96.4,90.1,88.3,97.2,131.9,107.8,119.4,97.8,147.3,110.2,120.4,78.6,95.4,95.6,141.7,71.4,91.1,117.8,113.9,93.6,135.1,128.2,83.6,90.4,90,95.8,116.2,161.9,135.1,70,54.5,55.1,55.4,63,69.8,39.7,102.6,71.1,90.3,79.3,68.4,51.8,40.9,55.7,52.5,41.4
55036,"hs|17q25.3","CCDC40",72,8.45,144.75,25.9,25.32,22.3,19.5,27.64,25.12,18.14,31.32,25.22,27.56,23,27.92,25.34,33.78,17.44,17.38,23.1,16.66,21.6,19.24,23.44,20.5,22.54,19.86,18,24.68,18.96,17.4,14.52,15.8,24.88,23.2,26.42,31.58,26.44,32,29.72,42.52,25.48,21.04,28.52,21.6,27.94,34.2,32.66,21.86,16.68,19.84,14.8,15.8,16.85,20.95,19.95,16.8,15.2,33.45,29.4,23.45,42.3,36.35,31.55,50.35,29.5,42.55,25.55,24.4,21.2
55666,"hs|17q25.3","NPLOC4",1020.6,568.7,635.55,213.4,263.8,253.8,213.9,240.8,231.1,230.6,324.1,255.8,259.8,284.8,203.8,237.9,312.2,265.5,165,199.3,209.5,252.2,206.6,211.6,284.8,242.6,248.7,207.1,331.6,268,274.6,231.9,312.2,231.2,168.2,191.9,225.2,184.5,165.3,192.5,258.9,252,209.3,231.7,226.2,286.3,203.3,260.8,199.5,227,299.5,280.6,382.1,161.7,86,99.8,106.1,116.5,173.2,123.8,205.6,176.5,194.9,147.2,157.8,187.2,200.9,238.6,195.2,209.8
56270,"hs|17q25.3","WDR45L",11854.7,12145.2,15394.8,722.2,691.6,624.5,933.7,609.7,675.3,813.9,527.2,653,786.3,848.2,588.9,1021.4,746.9,874.4,738.7,553,840.6,683.4,695.2,725.9,771.4,898.3,726.6,615.6,637.5,677,692.8,635.8,705.1,843.5,556.9,571.7,745.5,687.6,726.5,574.4,576.2,725.1,729.3,668.9,689.2,691.8,579.2,595.1,598,792,718.3,858.9,810.9,425.5,353.5,351.2,346.3,362,396.2,426.6,322.8,475.7,348.7,326.5,273.5,302.7,292.4,355.8,386.3,323.2
57332,"hs|17q25.3","CBX8",322,379.4,378.9,3,49.9,71.2,52.7,36.3,52.5,49.9,69.8,74.7,63.7,30.4,36.3,51.9,45.4,25.5,10.9,56.7,24.7,24.4,8.4,20.6,13,29.1,11.7,5.7,34.3,15.3,37.7,43.1,8.9,12.5,6.2,8.4,58.7,46.2,52.7,10.9,18.3,53.9,27.3,36.1,11.4,40.9,21.4,54.8,14.2,3.1,34.8,14.7,23,43.7,30,76.1,8,11.4,13.8,27.5,61.6,26,42.2,71.5,102.2,85.1,86.2,49.4,46.5,53.2
57597,"hs|17q25.3","BAHCC1",256.3,383.7,774.2,21.8,26.5,29.9666666666667,19.0333333333333,30.5,23.1,9,21.7333333333333,16.0333333333333,14.8333333333333,21.2,3.93333333333333,26.1,23.0666666666667,18.2,24.7333333333333,30.1666666666667,16.8666666666667,14.5333333333333,19.8666666666667,23.7666666666667,26.5666666666667,21.5666666666667,19.6666666666667,14.2,28.1666666666667,28.6666666666667,20.8333333333333,28.1,23.6666666666667,30.8,16.7,20.1333333333333,37.3,31.2,29.3,20.1666666666667,18.4333333333333,23.3,26.4666666666667,31.9333333333333,26.2333333333333,8.53333333333333,17.8333333333333,33.1666666666667,33.1,27.4,17.8333333333333,16.4333333333333,14.7333333333333,38.9,59.9,125.9,8.1,45.2,45.9,29.3,36.2,52.6,99.2,83.8,76.3,87.8,91,64.1,52,78.6
57602,"hs|17q25.3","USP36",107.3,26.75,201.5,70.42,90.76,66.4,59.18,61.56,63.94,74.54,54.32,46.96,83.66,76.74,65.78,72.1,57.7,54.86,47.2,63.6,52.4,59.32,60.84,60.14,76.06,50.2,57.86,58.62,64.32,61.02,63.7,60.9,64.36,64.58,73.74,70.1,68.84,64.94,79.9,69.32,66.06,66.2,59.7,85.38,65.44,66.62,53.08,65.14,58.82,62.9,71.7,58.16,52.84,10.4,9.3,21.8,0.9,6.6,3.5,7.4,60.1,39.6,26.7,32.1,18.1,18.7,21.3,30,18.1,17.7
64118,"hs|17q25.3","DUS1L",810.4,245.9,859.8,218.2,211.5,223,202.4,244.3,264.6,233.2,243.9,207.9,233.1,250.9,168.7,278.5,221.2,238.6,125.3,180.3,234,188.2,218.9,215.5,269.3,201.3,202.5,146.8,331.9,221.7,174.7,162.6,233.3,260.5,171.5,151,209.6,196.2,289.6,130.6,171.2,202.9,179.9,248.7,180.7,217.2,249.4,229.1,187.4,205.2,233.9,207,276.4,92.5,93.4,84.6,84.3,90.1,116.5,119.6,127.9,145.3,113.1,132.7,139.3,185.3,147.6,243.1,176.1,246.4
64122,"hs|17q25.3","FN3K",27.8,84.8,330,4.7,4.4,3.7,2.6,4.2,2.3,3,3.6,1.5,4.6,2.6,6,3.3,1.4,1.8,1.7,3.2,13.2,2.5,1.8,2,6.8,2.8,6.8,1.3,12.7,4.4,2.2,2.5,2,2.8,4.8,2.2,1.9,2.2,1.6,1.6,3.5,2.7,1.3,3.7,2.7,2,2.1,2.4,2.2,1.5,4.3,1.1,2.1,12.2,19.3,4.8,17.3,19.2,32,1.4,3.8,29.7,19.9,33.7,35,21.8,23.1,16.5,15.6,15.4
64772,"hs|17q25.3","ENGASE",424.2,300.6,1024,148.35,159.4,180.55,171.6,235.3,165.2,116,114.55,124.75,270.85,274.85,177,221.45,181,152.7,122.75,200.35,105.4,167.5,171.8,146.05,143.3,183.75,126.25,104.25,152.05,120.75,124.75,127.5,198.3,170.2,152.95,170,170.25,188.55,259.5,159.7,267.45,187.25,196.15,148.35,155.65,148.75,151.8,185.5,204,167.25,152.25,158.6,211.3,99.35,120.65,141.6,146.2,118.25,120.95,143.45,123.95,178.75,154.2,210.25,186.85,240.5,202.1,218.1,137.15,130.55
79058,"hs|17q25.3","ASPSCR1",225.2,66.7,240.2,82.8,72.7,67.9,116.4,104.2,61.6,92.4,90.4,76.9,114.8,125.5,49.3,236.7,75.9,159.5,35.9,102.9,93.6,87.1,130.8,51.2,75.9,88.4,97.3,84.9,89.7,133.5,93,83.4,141.7,146.2,41.5,43.4,77.3,83,142.2,38.3,38.2,65.5,80.9,70.9,130.2,96.1,82,68.6,50.5,63.9,110.8,161.2,142.7,36.3,28.2,32.9,18.1,30,51.7,43.3,63.8,28.6,51.9,59.9,95.6,32.9,27,34.4,27.9,29
79092,"hs|17q25.3","CARD14",26.95,26.75,29.25,3.33333333333333,7.31666666666667,5.78333333333333,4.18333333333333,7.3,8.95,5.26666666666667,7.1,5.55,5.13333333333333,6.21666666666667,15.75,6.85,5.45,7.55,6.93333333333333,4.13333333333333,4.68333333333333,3.4,5.08333333333333,4.45,6.21666666666667,7.31666666666667,5.33333333333333,3.66666666666667,4.73333333333333,11.75,7.21666666666667,2.46666666666667,4.83333333333333,8.95,14.9166666666667,8.01666666666667,4.48333333333333,8.4,8.05,11.35,10.45,6.81666666666667,3.98333333333333,5.31666666666667,6.68333333333333,11.5,7.1,5.33333333333333,4.8,2.48333333333333,13.25,27.95,12.5166666666667,5.05,1.9,2.9,19.1,4.35,8.8,4.8,6.15,25.5,20.9,26.05,29.45,44.9,58.3,30.85,29.6,28.35
79415,"hs|17q25.3","C17orf62",394.5,202.7,30.1,197.9,149.5,187.9,146.4,174.9,148.9,131.1,111.1,151,187.2,129.6,131.8,179.5,196.7,200,122.3,198,121.8,175.4,165.1,171.6,123,204.7,186.9,72,201.4,84.6,148.4,181.1,209.9,191.1,143.4,141,116.1,129.5,167.2,135.5,158.5,165.9,168.2,84,125.1,170.8,154.6,135.5,107.1,148.7,106.4,145.1,321,76.9,58.9,64.9,31.8,99.4,78.1,39.7,83.1,62.4,51.3,60.5,81.7,27,29.1,52.1,33.5,44.1
79643,"hs|17q25.3","CHMP6",501.4,318,1422.8,101.7,109.1,85.8,105.3,82,93.6,76.5,64.2,103.7,118.5,102.4,45.2,104.6,94.3,149.6,64.2,75.4,105.9,102.2,101.5,86,83.5,104.1,106.9,111,126.9,152.9,80.2,87.5,105,114.3,57.6,19.6,89.5,91.8,88.4,34.8,76.4,102.6,88,105.9,106.8,101.6,76.2,118.4,83,104.1,75.1,104.3,126.4,53.5,45.2,31.4,29.7,36.6,55.9,66.2,62.4,74.4,70.1,95.9,110.1,98.4,111.5,87.5,60.6,52.4
79672,"hs|17q25.3","FN3KRP",4465.7,3489.7,6908.3,312.5,287.1,325.1,423.5,410.6,323,516.3,369.7,494.8,377.6,304.3,340.6,416.1,386.3,341.5,229.1,259.5,365.7,300.8,329.4,260.8,410.9,438.5,395.2,483.1,758.2,765,392.9,455.3,479.8,355.3,451.7,221.9,387.4,332.5,276.3,328.4,295.9,293.2,243.1,224.7,395.1,356.8,317.7,331.2,299.5,313.6,334,500.2,300.5,210.1,198.3,191,210.3,160.4,189.2,213.9,166.7,224.1,217.2,203.9,207.9,123,121.4,335.1,202.7,255.4
79701,"hs|17q25.3","C17orf101",1289.4,760.2,1087,142.3,92.3333333333333,87.6666666666667,81.6666666666667,95.4333333333333,67.6,72.1666666666667,58.2666666666667,89.5666666666667,79.3666666666667,98.2666666666667,71.6,93.1666666666667,103.966666666667,212.766666666667,122.233333333333,124.733333333333,106.966666666667,130.233333333333,131.566666666667,114.133333333333,154.266666666667,110.866666666667,118.433333333333,96.3333333333333,74.9,76.7,67.9,78.6666666666667,85.3333333333333,143.933333333333,125.566666666667,100.533333333333,77.6333333333333,70.1333333333333,69.5666666666667,70.4333333333333,47.6333333333333,111.9,84.1,80.5666666666667,157.333333333333,86.2,104.533333333333,86.4666666666667,106.4,93.8,57.4666666666667,84.9666666666667,192.366666666667,48.5,43.5333333333333,48.6666666666667,49.4,67.0666666666667,57.6333333333333,57.2,45.8666666666667,50.7333333333333,38.1333333333333,55.1333333333333,53.9333333333333,36.8,36.5666666666667,47,36.5,38.7
79755,"hs|17q25.3","ZNF750",5.5,7.7,8.8,0.4,0.3,0.7,0.9,0.3,0.6,1.7,4,0.3,0.3,0.8,2.9,0.3,1.4,2.2,6.3,2.3,0.8,0.7,0.8,0.4,4.5,1.9,0.9,0.1,1,0.5,0.4,0.4,0.2,1.2,0.8,5.8,5,3.5,0.8,1.1,0.8,0.2,2.1,6,3.9,0.6,1,0.4,2,3.1,1.2,0.2,0.3,6.5,0.5,6.4,1.2,8.4,9.7,6.6,4,1,0.5,5.8,0.8,9.3,10.5,10,10,9.7
80233,"hs|17q25.3","C17orf70",562.3,468.1,318.7,51.9666666666667,59.4666666666667,46.5666666666667,47.2,37.6,48.0666666666667,49.2666666666667,52.4333333333333,32.7,55.3,48.1666666666667,32.4333333333333,78.2333333333333,47.5333333333333,64.8666666666667,30.6333333333333,38.4,40.5666666666667,47.5333333333333,34.1666666666667,28.2666666666667,49.0666666666667,37.8,37.1666666666667,48.8666666666667,77.9666666666667,70.0333333333333,42.6666666666667,33.1333333333333,62.4333333333333,45.8,41.3,35.2,39.7333333333333,31.8,45.2,31.9666666666667,58.6666666666667,24.7333333333333,22.9333333333333,43.3333333333333,44.3333333333333,46,40.9333333333333,51.3666666666667,33.1,31.5666666666667,37.2,38.3333333333333,70.4666666666667,113.6,54.3,68.4,51.1,52.5,100.1,63.3,93.6,77.5,110.8,115.3,140.5,87.3,94.6,110.8,87.3,97.1
84733,"hs|17q25.3","CBX2",4.9,13.7,41.6,17.125,32.1,43.75,43.35,67.7,47.3,51.15,48.1,58.825,45.875,50,64.975,44.125,52.625,21.375,32.7,66.9,70.05,23.15,15,23.25,14.95,50.425,38.7,33,65.7,22.475,30.475,45.225,35.15,22.925,35.275,44.55,37.625,46.925,38.625,56.925,79.275,58.4,26.75,36.25,22.7,47.15,20,49.4,16.725,15.425,33.15,66.325,32.025,3.1,17.2,5.7,4,1.6,3.8,2.6,19.9,13.1,3.1,37.3,6.8,40.9,40.6,25.9,29.3,25.4
114897,"hs|17q25.3","C1QTNF1",71.7,22.5,66.2,51.05,35.65,39.4,26.05,41.95,37.3,51.75,51.6,43.5,51.7,48.75,38.75,54.4,22.65,42.2,36.5,46.4,27.3,53.7,41.7,31.7,75.25,34.45,56.35,31.8,36.8,26.55,57.95,52.65,59.7,42.5,69.9,59.1,48.9,32.75,64.5,44.2,88.2,48.95,30.45,42.2,22,54.55,45.95,18.5,20.55,37.3,35.25,35.25,52.1,108.1,95.5,73.8,77.3,110.1,133.5,10.1,58.3,103,84.4,153.2,169.2,112,108.7,105.6,70.5,93.6
124565,"hs|17q25.3","SLC38A10",3685.725,2191.35,2887.325,59.8857142857143,67.9428571428571,51.7571428571429,33.3285714285714,39.0714285714286,36.4857142857143,53.9571428571429,45.1857142857143,52.2571428571429,50.7285714285714,54.5285714285714,36.0857142857143,76.9857142857143,55.8857142857143,67.2571428571429,43.5571428571429,49.4428571428571,43.0714285714286,76.9285714285714,66,54.5285714285714,80.2857142857143,56.6428571428571,68.6142857142857,38.9857142857143,55.9714285714286,51.3857142857143,65.6,49,66.2285714285714,53.5714285714286,44.8428571428571,38.7714285714286,40.5142857142857,34.1571428571429,56.0714285714286,33.5,40.0285714285714,42.0285714285714,43.2571428571429,40.1142857142857,39.5571428571429,55.9142857142857,41.9857142857143,43.6,50.2142857142857,50.6142857142857,43.0571428571429,51.5857142857143,72.4428571428571,281.6,136.9,188,116.5,227.2,221.4,239.4,273.5,227.5,129.8,194.2,254.6,109.1,99.7,223.9,123.8,193.2
124583,"hs|17q25.3","CANT1",193.05,30.8,160.65,107.766666666667,103.266666666667,94.3333333333333,103.966666666667,115.066666666667,95.1666666666667,130.433333333333,179.633333333333,158.966666666667,166.566666666667,145.266666666667,66.7,150,154.466666666667,223.666666666667,111.633333333333,122.1,135.433333333333,148.733333333333,126.966666666667,115.833333333333,137.466666666667,143.9,123.933333333333,97.8333333333333,137.466666666667,133.9,121.733333333333,106.766666666667,135.733333333333,138.466666666667,79,72.3666666666667,106.733333333333,96.7333333333333,125.666666666667,58.4333333333333,86.6666666666667,124.1,100.533333333333,100.6,115.933333333333,142.966666666667,111.933333333333,78.3,126.133333333333,94.5666666666667,123.066666666667,124.7,181.933333333333,145.9,88.15,89.8,55.9,140.85,134.5,65.05,88.1,67.7,57.05,75.85,78.95,155.4,114.8,263.95,167.85,159.6
125058,"hs|17q25.3","TBC1D16",1404.6,816.4,1973.4,58.26,64.4,54.84,61.2,102.26,82.34,74.88,65.3,73.14,95,92.02,57.7,93.66,80.82,64.1,62.38,78.92,61.6,69.8,64,86.96,76.8,90.14,68.5,37.6,59.36,40.58,65.32,70.32,80.44,79.14,43.78,44.1,70.4,71.26,81.52,50.08,63.94,78.9,57.8,91.28,57.16,74.94,57.76,92.5,36.14,42.88,86.38,72.54,106.28,154.5,90.9,136.3,37.5,81.2,73.6,66.7,216.3,171.9,101.5,141.4,126,59.9,75.6,172.7,186.1,187.8
146712,"hs|17q25.3","B3GNTL1",141.1,94.9,231,43.15,33.75,25.5,39,44.6,50.85,42.65,28.1,48.95,48.05,44.5,26.4,37.8,41.05,38.1,26.85,25,46.35,37.2,34.75,48.2,32.1,48.8,32.85,32.2,36.6,25.1,26.7,15.25,23.4,40.35,26,35.85,32.55,41.75,53.05,20.4,31.05,27.65,31,44.55,38.35,45.9,42.25,41.2,37.75,38.8,37.85,46.5,54.8,17,21.2,17,25.45,18.7,31.25,27.45,31.7,33.05,18.3,33.45,37.8,53.75,57.3,31.75,28.35,34.55
201254,"hs|17q25.3","STRA13",2561.3,5028.6,12586.5,252.7,252.2,320.9,244,380.9,154,362.9,235.1,417.8,160,302.2,146.3,224.6,371,291.7,119.4,221.9,244.8,250.6,261.2,156.2,215,244.7,180.6,218.4,445.2,169.9,137.7,211.9,111.1,275.9,88.3,77.7,279.5,231.3,283.4,71.6,93.6,312.4,131.9,185.2,223.2,268.6,129.4,232.6,121,217.6,137.5,260.6,283.3,152.8,55.1,119.8,94.6,87.7,94.7,93.1,87.4,85.4,135.5,96.2,66.9,135.7,128.8,152.4,154.8,222.5
284001,"hs|17q25.3","CCDC57",69.8666666666667,112.533333333333,441.4,20.6,21.98,9.06,26.5,17.66,24.86,12.96,12.64,19.1,14.44,22.18,26.98,17.08,17.56,19.18,13.94,25.22,11.52,20.62,20.68,13.66,16.22,18.28,11.58,9.18,25.26,18.04,14.9,15.48,20.28,23.76,19.36,22.8,19.98,11.36,19.64,19.58,36,17.48,14,21.38,19.64,11.96,15.52,19.56,18,14.72,17.98,17.82,10.52,13.3,5.5,16.4,4.9,4.6,11.1,3.8,21,11.8,4.3,40.7,19.8,47,54.7,31,28.1,30.6
339229,"hs|17q25.3","C17orf90",960.9,750.8,8.8,125.95,136,105.75,124.3,174.95,131.1,120.9,133.5,150.9,134.1,142.3,57.15,130,132.95,162.45,59.95,132.9,155.7,119.6,137.55,125.65,107.2,148.35,122.8,99.65,153.7,113.85,120.9,127.05,133.75,153.2,84.9,97.3,130,126.45,105.8,52.35,116.3,150.2,145.95,136.95,127.8,124.2,136.4,151.8,138.1,133.15,138.7,138.2,174.95,38.2,36.8,36.8,50.95,47.85,63.75,51.5,55.35,58.9,61.7,62.45,52.5,59.6,53.95,73.7,58.9,64.45
161,"hs|11p15.5","AP2A2",2181.86666666667,1258.96666666667,480.1,291.4,347.85,289.475,333.775,336.675,275.2,331.5,329.975,338.45,485.025,462.3,254.425,368.3,272.375,350.2,239.175,259.275,281.35,281.275,265.725,257.85,242.075,231.95,245.15,263.85,309.075,323.225,306.1,250.3,314.125,365.2,284.1,251.775,306.15,336.35,346.65,230.9,263.15,290,291.4,256.85,331.7,361.4,284.525,274.4,282.35,284.675,456.275,311.45,390.325,189.575,179.8,209.225,166.45,195.375,214.35,191.45,259.975,255.425,223.975,283.575,302.35,144.675,131.675,138.725,123.75,159.9
430,"hs|11p15.5","ASCL2",106.65,74.55,237.75,7.85,14.85,7.75,7.5,5.2,7.3,6.95,2.15,2.55,7.7,3.15,3.5,6.55,1.55,6.05,1.25,4,4.4,1.55,6.6,1.35,1.7,2.25,5.45,5.3,9.1,1,2.7,2.35,2.45,1.7,1,1.05,4.35,1.2,6.5,2,11.2,6.5,10.7,2.35,5.8,9.85,8.3,5,0.45,1.7,1.3,9,10.2,0.7,0.5,0.5,4.6,3.4,4.3,1.1,0.4,1,2.9,0.2,1.3,11.2,11.6,10.3,10.6,10.6
975,"hs|11p15.5","CD81",72228.5,46749.7,8.8,5711.9,6047.4,5397.6,4518,4533.1,4947.9,5478.8,4957.4,5664.1,5775.2,5474.4,3545,3922.7,5899.6,5737.6,4848.1,4160.3,5943.1,5493.1,4876.8,5302.2,6282.3,5380.1,6046.4,3348.6,5927.8,6552.1,5087.1,5449.5,5221.4,4982.9,4600.5,4710,5417.3,5057.3,5487.3,5196.1,4223.5,4544.1,4898.1,4623.5,5407.6,5147.2,5018.4,4970.7,4221.4,5410.7,4732.2,5483.2,6017.5,3270.8,2287.3,2273.9,2926.5,2913,2913.5,4411.4,3311.2,2832.2,2894.5,3015.6,3340.9,2467.1,1844,2080.9,2134.7,2329.1
977,"hs|11p15.5","CD151",3135,2392.8,3852.7,861.9,793.1,627.9,510.7,421.6,370.7,1010.6,873.3,1018.9,733.8,763.9,334.1,353.9,384.2,1635.5,584.4,316.8,525.2,1171.4,778.4,1150.1,951,745.9,1100.1,622.6,652,1051.9,849.1,626,866.8,1030.5,704.3,204.9,653.3,541.3,532.1,313.1,234.2,504,587.9,409.9,1063.9,981.4,627.7,483.7,551.7,704.9,867.6,1420.7,1176.2,562.9,183,248.3,183.6,351.6,345.9,281.2,634.2,275.1,249.6,376,565.9,101.4,97.2,145.7,110.1,195.6
1509,"hs|11p15.5","CTSD",589,207,785.5,141.2,236.5,100.3,152.4,124.7,129.3,157.2,145.8,128.9,183.1,191.3,29.1,161.3,166.6,243.8,104.5,136.6,111.6,300.4,285,85.5,175,142.6,265.8,96.9,190.5,188.9,195.7,171.5,225.6,177.4,111.4,53.5,188,136.2,165,51.5,87.8,170.1,165.2,147.4,217.6,147.2,149.3,149.8,124,117.9,179.3,247.8,504.2,136,56.7,105.2,122.3,137.1,210.1,160.4,129.4,103.5,69.1,134.6,136.5,96.4,84.2,162.1,105.7,71.5
1815,"hs|11p15.5","DRD4",90018.55,43982.45,40369.75,1.6,11,1.1,2.1,5.2,2.1,2.5,1.3,1.4,5.9,2.9,3.7,1.6,1.3,1.2,1.1,4.2,5.9,1.5,1.1,1.6,1.6,2.7,1.5,0.9,1.4,2.4,2,1.1,1.2,1.4,1.8,1.2,0.8,0.9,1.5,1.2,3.9,0.8,0.8,3.5,1,2.9,1,1.3,1,1,16.8,4.9,2.6,1.5,0.8,1.4,3.6,2,14.6,7.7,3.2,18,3.6,16.1,3.2,29,26.3,22,16.6,18.5
3265,"hs|11p15.5","HRAS",459.9,402.2,316.5,191.9,164.6,216.8,207.6,166,181.4,218.3,214,195.5,192.4,195.8,122.8,183,146,276.1,73.5,175,155.2,256.9,195.5,268.4,165,176.9,257.3,108.7,264.3,167.4,145.7,166.7,182.3,213,97.6,81.2,139.8,159.7,178.6,73.4,67.8,151.2,157.5,108.1,196.4,172,176.3,201.8,97.2,140.7,193.6,177.1,328.6,60.5,24.7,54.2,58.7,100.1,97.9,90,195.5,88.6,136.1,107.3,140.4,64.5,48.8,64.7,62.7,83.1
3630,"hs|11p15.5","INS",22.3,43.4,164.4,1,0.7,5.3,0.8,1.3,1.5,0.8,1.2,1.6,1.3,1.1,2.9,1.4,2.1,1.2,0.9,1.9,2,3,0.5,0.7,1.7,1.7,1.6,0.9,1.6,0.8,1.7,1.2,0.9,1.7,3.1,2,1.7,1.6,1,2.8,2.3,1.8,1.6,1.1,0.9,1.9,1,2.1,0.5,0.8,1.4,1.4,0.7,1.1,1.6,1.1,2,2.3,2.5,1.7,3.8,2.6,2.9,2.4,2.8,22.3,25.1,17.7,17.7,18.2
3665,"hs|11p15.5","IRF7",567.9,274.6,605.85,115,77.1,95.8,85.2,56.4,69.9,87.6,106.1,88,82.1,84.2,47.5,85.3,98.5,145.3,53.9,80.5,59.8,65.8,107,39.1,158.8,69.3,97.7,71,140.9,78.6,74.7,74.5,107.8,96.4,50,59.4,66.9,68.1,75.5,43,67.7,80.8,84.9,64.4,93.9,109.8,75.9,89.8,55.8,75.3,56.1,64.5,116.8,54,46.7,37.2,31.8,53.6,64.8,23.5,60.8,25.3,17.8,43.7,28.2,51.6,44,42.5,36.3,47.6
4046,"hs|11p15.5","LSP1",710.6,1707.8,7334.8,82.6,91.9,77,40,42.6,53,62.3,52.5,46.7,38.8,58.5,33.2,57.9,65.9,46.6,40.4,46.5,9.8,61.6,36.5,21.2,102.6,20.1,74.7,40.4,61,49.8,84.3,82.3,78,25.3,20.6,6.4,7.9,38.4,105.8,10.2,10.9,49,49.6,93.3,38.2,56.8,29.3,56.7,62.4,57.3,64.4,46.4,55.1,14.1,3.3,21.6,11.1,45.2,46.2,5.1,54.5,67.6,41.5,88.7,143.3,68.3,56.9,57.6,48.2,57.9
4583,"hs|11p15.5","MUC2",66.7333333333333,417.833333333333,1757.66666666667,7.2,27.4,5,10.4,13.1,5.1,21.1,3,22.5,15.6,6.3,60.7,11.5,17.5,3.5,33.5,2.7,7.3,12.6,14,4.2,19.6,14,21.6,23.7,15.4,5.2,18.8,11.4,13.6,15.4,44.3,32.9,5.2,12.8,4.9,38.3,69.8,2.5,21.4,8.4,6.5,42.7,23.8,33.3,12.1,28,4.7,4,3.3,14.3,31.8,14.5,7.8,29.2,29.3,14.6,27.3,42.2,47.3,63,36.8,44,54.9,37.2,32.7,29.6
4586,"hs|11p15.5","MUC5AC",34.05,148.85,294.325,8.23333333333333,4.93333333333333,3.26666666666667,8.96666666666667,11.9333333333333,11.8,10.6666666666667,7.9,6.1,11.2666666666667,2.53333333333333,23.1,14.2666666666667,9.7,9.36666666666667,9.56666666666667,7.6,8.63333333333333,11.1,5.03333333333333,10.5666666666667,5.63333333333333,4.86666666666667,8.83333333333333,10.5666666666667,5.6,12.3333333333333,6.86666666666667,12.5333333333333,5,16.2666666666667,22,19.2,8.06666666666667,2.73333333333333,14.6666666666667,11.3,38.5,8.16666666666667,3.4,7.3,8.43333333333333,10.4,16.0333333333333,12.9666666666667,2.33333333333333,2.63333333333333,7.16666666666667,15.2,4.43333333333333,22.6,15,21.3,28.1333333333333,21.5333333333333,42.3666666666667,9.03333333333333,12.0666666666667,43.6666666666667,41.1333333333333,32.6333333333333,45.4333333333333,68.5666666666667,75.4,37.8333333333333,33.3333333333333,36.6333333333333
4588,"hs|11p15.5","MUC6",69.35,368.75,913.7,15.85,11.15,6.65,5.3,6.7,11.65,8.6,5.35,9.3,12.6,4.1,18.55,4.65,10.5,3.95,17.25,6.9,4.7,3.8,10.65,4.75,6.4,14.6,5.9,2.4,10.65,6.75,6.15,12.75,11.55,1.85,16.6,10.4,4.35,11.55,8.35,12.95,24.85,1.35,5.85,10.7,4.05,12.5,8.7,26,8.45,6.45,8.05,2.5,14.1,10.3,1.9,5.4,1.1,0.9,14,3.7,21.9,5.2,8.3,6.4,3.5,61.6,64.8,41.6,40.6,42.2
5441,"hs|11p15.5","POLR2L",6016.23333333333,11394.3666666667,11073.4666666667,1023.35,816.25,892.05,584.2,800.3,705,1069.15,1018.9,1074.35,824.35,843.2,397.05,1011.8,983.1,1801.05,459.25,756.75,1425.1,977.35,808.75,860.55,1070,858.3,1015.5,1052.9,1033,1726.25,654.35,730.6,871.2,1180.05,698.75,592.95,772.95,622.45,847,346.45,449.6,890.15,770.5,531.4,1064.7,1251.6,820.9,773.05,612.95,920.75,1076.3,1168.3,1708.45,360.55,180.1,221,214.05,351.15,299.85,228.55,430.55,305.55,225.15,297.4,372.4,205.95,127.4,307.1,276.3,264.9
5719,"hs|11p15.5","PSMD13",1598.8,2106.2,34.5,266.1,369.2,227.35,326.4,332.45,320.6,243,263.4,310.9,346.05,356.75,190.3,314.55,438.35,340.95,178.75,269.05,324.65,319.6,319.05,320.25,291.4,275.55,311.35,241.5,299.9,334.2,243.2,251.3,295.1,337.9,128.4,177.45,354.5,348.4,415.85,128.7,114.6,401.95,313.75,234.55,380.85,303.9,276.85,348.8,265.75,304.9,221.45,294.65,389.15,138,101.25,114.35,107.15,130.85,140.3,126.15,163.75,116.6,170.7,137.8,184.35,107.75,77.9,221.8,148.25,136.5
6050,"hs|11p15.5","RNH1",16362.4666666667,10806.7333333333,335.966666666667,623.5,547.25,508.65,497.8,446.45,471.15,678.7,762.65,665.7,322.1,363.25,256.9,765.05,640.3,733.55,336.15,418.7,611.15,745.25,784.7,323.65,839.45,534,868.45,442.45,623.35,612.8,652.1,533.35,665.6,688.6,291.65,216.95,673.85,519.95,503.55,202.9,162.85,558.4,511.25,421.35,700.15,663.9,451.65,455.35,343.8,524.7,665.8,700.7,903.35,324.8,264.3,266.2,259.8,429.2,378.1,409.7,885.4,520.2,385.2,544.9,495.1,327.3,264.6,354.7,420.4,417
6150,"hs|11p15.5","MRPL23",1056.1,2967.5,8.8,101.1,138.05,202.15,140,211.7,182.55,156.75,146.3,149.2,116.85,157.95,77.95,178.2,125.65,177,61.05,109.05,224.15,159.4,183.9,215.25,143.2,178.25,193.6,94.5,136.45,149.55,116.4,107.45,95.2,228.2,110.65,66.15,154.75,151.5,142.95,68.9,118.9,148.85,113.25,135.15,187.65,156.3,108.85,178.25,136.7,174.7,131.3,143.35,211.75,108.5,99.9,115.4,96.4,149.7,173.5,148.7,225.3,138.4,137.7,141.7,233.1,100.9,120.5,127.2,152.4,192.2
6181,"hs|11p15.5","RPLP2",184713.5,214629.7,186641.5,45.25,34,82.65,25.3,37.55,84.05,34.4,18.85,51.9,36.05,13.9,155.75,13.1,55.7,8.8,100.5,39.05,119.8,18.95,19.25,48.65,31.15,29.9,19.25,22.5,22.3,17.45,20.4,43.35,26.5,18.05,72.7,110.85,13.4,5.85,16.3,102.85,169.65,12.85,2.55,42.45,12.35,36.55,54.7,106,41.6,48.1,19,12.65,13.85,16.6,7.2,16.65,13.45,8.85,25.3,5.95,12.9,23.5,31.45,21,4.25,17.65,18.1,17.65,15.3,14.75
6343,"hs|11p15.5","SCT",20.6,12,201.9,1.4,1.1,1.6,1.2,1.7,2.3,1.3,2.3,1.5,1.8,1.7,1.9,1.2,2.4,2.1,1.3,0.9,1.6,1.3,1.1,2,1.6,1.3,3.2,1.3,2.2,1.5,1.4,1.4,1.3,1.7,2.8,1.2,1.3,1.3,1.5,1.2,2,1.3,1,1.7,1,2.8,1.3,3,5.6,1.4,1.6,1.4,1,0.5,0.8,0.6,1.3,1.2,1.2,1.5,1.4,2.3,1.3,9.1,2.6,54.2,53.4,21,20.3,17.7
6888,"hs|11p15.5","TALDO1",6487.95,5905.2,7390.375,774.6,639.1,836.4,652.4,897.4,783.5,843.2,710.6,807.5,607,678.6,493.7,830.9,863.2,780.3,325.7,670.8,1042.8,652.4,903.8,935.8,982.1,856.5,790.9,583.1,1001.3,694.6,622.6,609,684.1,812.7,460.9,591.1,764.3,751,766.1,461.9,513.6,772.1,748.5,551,641,752.4,738.2,818.9,664.1,562.1,662.4,604.4,973.2,341.7,296.5,322,360.3,1103,763.5,1278.2,426.9,309.5,285.4,300,350,429.3,348,694.4,574.7,934
7054,"hs|11p15.5","TH",37.3,80.9,121.25,0.8,12.8,20.6,33.4,20.6,16.4,36.7,44.6,23.9,28.5,28.8,14.5,19.5,12.3,11.8,0.8,18,8.7,1.8,8.2,1.7,10.7,52.1,29.7,0.7,5.1,6.5,6.4,1.3,10.4,6.7,5.5,2.2,80.8,87.8,66.2,2.8,2.5,21.4,0.7,12.3,5,37.5,7.3,9.6,5.3,2.7,2.1,1.4,2.2,16.8,14.6,8.7,1.1,9,46.8,24.8,13.9,8.2,8.9,48.5,35.3,19.3,17.3,16.5,18.7,18.4
7106,"hs|11p15.5","TSPAN4",2774.55,2160.1,87.85,528.85,377.1,241.8,276.25,252.1,211.05,279.45,284.95,289.55,299,317.25,117.3,498.45,367.3,428.85,205.85,364.75,743.8,504.95,510.6,161.35,481.25,236.3,446.95,448.8,569.15,513.75,362.25,339.35,471.45,332.8,263.1,115,265.2,195.8,261.7,184,200,376.95,457.2,357.2,432.4,294.05,328.7,239.05,355.8,372.1,447.8,806.3,658.1,126.95,54.9,63.2,92.5,83.6,81.15,49.15,207.75,194.65,162.1,149.15,137.25,188.1,132.15,223.1,148,108.55
7136,"hs|11p15.5","TNNI2",53.6,21.5,140.9,2.2,3.3,2.2,1.6,3.8,3.9,1.8,2.8,1.6,2.8,2,1.6,1.9,2,1.1,2.3,2.2,2.3,1.7,1.4,2.5,2.1,2,1.8,2.1,2.4,3.4,1.5,1.3,1.4,2.8,3.1,1.9,1.3,1.4,2.6,2,4,1.3,1.3,2.3,1.6,3.8,1.8,1.9,1.9,2.5,1.7,2,2.4,2.3,1.1,0.9,2.5,1.5,3,1.3,3.3,2.6,5.2,2.9,3.6,30.6,33.5,22.5,22.1,23
7140,"hs|11p15.5","TNNT3",117.6,123.6,348.4,34.75,21.4,128.3,32.8,49.5,60.55,30.45,42.75,31.95,32,47.05,48.5,61.15,106.05,18.55,31.6,30.65,8.75,41.75,20.3,12.35,44.8,46.4,38.8,29.6,34.6,57.15,85.35,44.95,45.55,11.3,35.1,52.6,32,28.6,63.2,104.15,114.55,45.4,53,50.1,16.2,47.65,22,54.6,17.15,45.1,21.75,24.45,27.15,14.4,0.7,48,4.1,21.2,15.4,34,12.8,74.7,62.5,78.9,103.5,28.8,35.4,16.7,17.7,17.4
8045,"hs|11p15.5","RASSF7",156.15,93.25,343.1,80.95,58.75,60.4,123.15,67.65,58.55,66.15,70,69.7,100.5,115.8,55.4,82.2,50.1,72.5,38.25,71.45,74.4,73.15,55.3,57.8,48.05,59.3,59.15,48.25,60.4,80.2,68.3,54.45,79.9,44.9,71.05,74.05,81.9,59,97,86.25,88.85,56.55,72.4,45.6,48.75,74.95,69.1,70.3,85.6,54.45,48.85,168.75,97.65,56.15,50.7,84.45,86.55,69.65,96.15,93.75,80.6,126.85,107.5,124,140.1,206.9,154.6,106.75,99.3,98.25
8519,"hs|11p15.5","IFITM1",20395.7,7292.3,23886.2,4130,3344,2557.5,1415.4,1522.8,1488.9,2281.3,1679.2,2430.5,2042.8,1808.3,1353.3,1535.2,1578.5,1987.4,3356.6,2390.6,1300.4,1867.9,1675.1,816.7,4034.8,2953.9,3179.1,788,1905.7,536.9,1491.9,1555.6,2303.5,1191.4,1184.2,1333.6,1269.7,1040.3,1974.2,2240.2,1544.4,1629,1250.4,1399.5,1094.3,2588.4,1865.7,1445.3,1456.7,2185,819.5,553.8,1858.8,552.2,697.5,894.6,701.4,993.2,777,609.6,781.8,836.8,593.6,929.4,1101.5,171.3,347.1,414.2,405.1,766.5
9024,"hs|11p15.5","BRSK2",49.25,91,28.65,6.5,2.35,6.3,13,3.75,2.85,2.55,4.4,2.6,3.45,7.25,3.6,6.2,1,5.5,8.4,2.3,5.05,5.85,2.15,5.05,2.5,3.1,4.9,5,3.3,3.85,2.5,4.75,6.5,5.45,8.7,6,2.05,3.8,4.8,6.05,7.5,5.3,4.7,6.05,8,3.15,5.55,3.15,6.25,5.9,4.75,2.45,2.45,4.6,0.8,2.1,1.8,3.5,4.2,21.7,13.6,4,4,4,3.3,19.4,20.4,18.2,16.2,16.3
10077,"hs|11p15.5","TSPAN32",41.15,95.15,1085.3,30.5,33.05,35.2,18.7,51.15,22.35,18.25,32.4,36.95,34.8,39.1,82.05,7.9,24.45,29.3,45.35,21.2,14,30.35,34.1,16.2,34.25,28.8,28.1,40.55,40.7,35.4,22.3,18.8,14.15,18.4,83.3,48.4,29.2,20.4,27.3,47.7,112.8,18.5,35.25,16.15,28.35,28.9,24.45,52.75,28,25.1,47.4,49.1,29.2,47.9,45.6,59.4,18.4,52.2,73.9,63.6,51.9,98.6,93,136.2,130.7,77,82.1,52.4,43.2,49.5
10078,"hs|11p15.5","TSSC4",2559,1152.4,2480.6,112.8,94.9,104.4,145.1,122.7,137.7,126.7,115.2,108.4,149.2,136.5,15.6,150.6,184.1,283.1,50.4,94.5,124.3,189,135.2,63.2,160,134,166.1,92.5,209.7,117.7,127.3,98.5,115.7,175.2,48.1,66.4,115.8,91.2,116.2,45.3,13,105.2,71.9,114.5,226.9,100.3,101.3,134.3,99.4,100.3,89.7,141.8,160.9,55.4,84.8,54.7,33.7,73.8,101.4,7.8,89.2,57.6,91.9,76.9,83.3,71.3,77.6,112.5,58.8,65.2
10410,"hs|11p15.5","IFITM3",21320,19527.65,12531.2,6451.2,6948.5,7008.1,3508.4,3909.7,4578.2,6588,5986.3,7361.8,5343.6,5155.7,4777.7,3883.7,5182.6,5561,7053.3,3968.5,4585.5,4493.8,4761.3,4303,8065.9,6800.8,6848,2959.4,5622.9,4244.3,4676.2,4946.5,5089.6,5378.6,3640.7,4216.5,5643.8,5632.3,6710.6,3736.1,5382.7,4275,3228,4499.3,4547.8,7298,7063.9,5672.8,3189.6,5330.8,5063.6,4111.1,6654,1890.5,1542.2,1703.2,2333.4,2228.6,2185,2480.9,5540.1,2387.4,2036.7,4116,5289.3,1154.4,2530.1,1028.1,2170.3,3086.1
10522,"hs|11p15.5","DEAF1",1841.73333333333,559.766666666667,467.533333333333,36.85,66.3,62.45,72.4,54.75,69.15,82.5,78.85,75.2,96.45,98.95,36.4,79.75,102.1,97.85,48.25,89.85,123.85,98.75,76.3,88.6,72.05,60.25,61.45,79.85,81.65,111.5,59.25,78.4,75.65,56.3,60.55,58.35,58.5,90.65,67.4,38.95,61.55,75.2,72.75,79.9,73.8,92.1,81.45,45.6,73.35,95.2,79.9,75.85,120.05,76.2,70.9,54.3,98.4,77.7,142.5,93.4,112.7,95.9,70.3,98.9,114.1,69,46.8,62.8,45.8,72.8
10581,"hs|11p15.5","IFITM2",18101.6,22140.2,40499.9,6126.8,5745.9,5690,2237.1,3111.3,2844.1,4087.2,3678.2,5350.8,3832.3,3783.3,2363.7,3041.4,3241.3,5824.3,5703.8,3541.6,3409.4,4232.8,4551.5,2970.9,7352.2,6320.7,6323.3,2278.9,4822.4,2114.6,3992.5,4012.7,4433.2,3582,2592.3,3012.8,3621.1,3585.1,4511,2140.4,3073.6,3267.9,2849.2,4565.5,3275.1,5259.2,5054.1,3407.8,2574.3,4370.3,3791.3,2305.2,6271.8,1258.5,1452.9,1782.3,1335.5,2153.6,2237.6,1361.4,2858.6,1575.5,1426.2,2206.9,2461.6,1029.9,2127.8,915.7,1974.3,2542.8
11187,"hs|11p15.5","PKP3",36.5,37.8,250.3,16.15,7.6,9.55,19.1,29.45,28.95,24.7,40.15,17.9,19.7,25.9,57.7,31.6,20.05,21.35,17.9,19.4,16.75,17.5,13.15,13.5,15.85,8.2,15.6,14.1,9.9,25.05,15.3,17.7,13.6,20.3,29.05,34.3,8.95,13.95,25.2,32.1,38.7,22.15,8.8,12.2,11.5,38.15,20.15,20.7,10.35,19.35,25.35,26.65,22,22.45,12.1,25.8,20.2,29.7,30.65,44.5,35.75,39.4,52.25,34.7,38.4,70.25,62.6,42.2,34.7,35.2
23410,"hs|11p15.5","SIRT3",874.7,507.3,412.233333333333,80.8,84.7,69.0333333333333,108.366666666667,94.5666666666667,92.3666666666667,85.8666666666667,84.7666666666667,88.2333333333333,90.6333333333333,94.7666666666667,87.8666666666667,100.466666666667,88.8,73.8666666666667,60.0333333333333,83.9333333333333,91.6333333333333,82.4666666666667,82.5333333333333,75.8333333333333,63.4,79.1666666666667,75.1,128.566666666667,123.033333333333,150.333333333333,63.9333333333333,74.6666666666667,82.8,120.133333333333,148,83.6333333333333,77.9666666666667,72.8333333333333,85.8666666666667,86.9666666666667,110,79.9,72.2666666666667,99.6,123.333333333333,108.133333333333,76.3,78.1666666666667,60.9,80.3666666666667,116.166666666667,161.766666666667,87.3666666666667,82.4666666666667,77.2333333333333,93.8,93.1,74.2666666666667,105.033333333333,121.7,87.5,115.966666666667,112.233333333333,125.666666666667,143.266666666667,161.366666666667,130.8,87.2,83.6,102
29125,"hs|11p15.5","C11orf21",35.45,6.65,22.25,19.65,14.8,24.25,11.7,19.2,17.4,9.7,8.35,5.95,8.3,21.95,44.7,20.2,18.1,17.5,15.05,9.65,5.25,23.9,9.25,18.3,23.6,5.4,22,24.45,21.65,22.65,22.1,15.55,20.95,23.1,39.15,28.6,6.7,15.4,21.15,34.05,47.5,26.35,13.95,21.75,20.6,13.55,20.55,14.9,12.65,16.05,22.7,20.9,15.9,55.3,37.8,52.4,28.2,55,49,37.6,17.1,60.4,55.2,50.2,44.2,29.3,23.1,22.1,18.1,18.3
51214,"hs|11p15.5","IGF2-AS",908.3,743.9,1058.5,4.2,4.5,20.9,5.9,1.9,4.6,7.8,17.1,16.1,24.2,21.5,6.5,26.9,2.9,4.1,20.3,15.6,14,4.4,3.8,4.5,5,5.5,4.2,2.7,2.5,6.4,2.6,3.6,11.9,11.5,4,3.6,4.2,2.7,7.7,6,6.8,4.7,3.6,6.2,22.3,14,4.7,6.7,1.7,4.4,4.1,5.8,6.8,4.6,1.6,2.4,8,2,3.4,6.7,7.8,4.7,5.3,8.6,10.6,78.9,79.1,36.8,38,34.8
51272,"hs|11p15.5","BET1L",399.9,174.6,675.35,71.85,87.45,62.75,71.45,65.9,70.9,103.55,97.75,80.2,106.2,71.95,85,84.9,77.75,128.9,87.35,87.3,80.35,82.15,72.5,70.7,73.55,78.2,68.4,79,119.85,107.75,104.95,69.3,100.45,76.4,97.1,83.25,58.45,57,102.8,80.5,110.95,57.8,64.05,70.8,73.95,117.8,65.95,74.45,65.1,75,74.35,97.5,88.75,17.2,2.8,10.9,25.8,15.1,8.7,7.6,11.6,8.7,12.4,8.9,19.4,34.3,43.2,24.5,24.7,22.2
51286,"hs|11p15.5","CEND1",217.05,2203.2,664.25,18.5,46.5,62.3,31,26.1,13.7,39.6,51.5,36.4,43.6,34,52.2,18.3,63.1,22.1,24.4,40.9,6.8,30.3,18.2,56.8,38.5,56.7,46.4,13.7,7.9,25.2,28,30.9,7.8,18.1,76.9,60,11.8,31.3,39.1,68.8,99.4,18.8,27.9,24.7,22.9,44.9,21,32.7,18.9,10.4,26.8,16,29.4,29.9,18.3,66.4,34.9,39.7,71.1,51.9,65.2,146.7,88.4,88.4,79.7,95.4,126.9,69.5,77.9,60.7
53841,"hs|11p15.5","CDHR5",5.8,7.3,55.6,2.56666666666667,1.46666666666667,2.33333333333333,1.96666666666667,2.5,1.8,2.33333333333333,2.1,2.6,1.13333333333333,1.5,2,2.3,2.03333333333333,1.4,1.93333333333333,2.1,3.2,1.33333333333333,1.6,1.46666666666667,2,1.23333333333333,1.46666666666667,0.866666666666667,2.43333333333333,1.6,1.1,1.4,1.16666666666667,1.66666666666667,1.76666666666667,1.8,2.9,1.16666666666667,5.86666666666667,1.53333333333333,2.96666666666667,2.13333333333333,1.93333333333333,2.1,1.4,3.46666666666667,2.1,2.63333333333333,0.966666666666667,1.76666666666667,2.66666666666667,1.5,1.9,2.93333333333333,2,1.96666666666667,3.13333333333333,2.86666666666667,6.93333333333333,2.8,3.4,3.9,3.93333333333333,5.3,5.06666666666667,37.3333333333333,40.6666666666667,23.0333333333333,23.5666666666667,22.9333333333333
54472,"hs|11p15.5","TOLLIP",190.6,128.15,195.9,44.35,46,40.125,56.425,45.9,58.275,48.45,51.8,53.25,43.425,56.975,40.075,58.35,52.275,65.35,38.9,44.725,54.875,75.075,69.3,45.725,53.6,47.625,59.85,61.9,69.175,95.65,66.175,53.7,62.4,58.55,47.975,37.4,51.125,45.3,49.3,39.9,52.7,56.7,44.9,47.3,58.475,60.775,38.7,48.725,42.425,41.125,49,70.1,66.325,37.6,16.5,36.9,49.2,52.6,24.1,68.9,85.6,55.8,49.5,12.3,33.2,43.9,49.5,48,50,33
55367,"hs|11p15.5","PIDD",334.2,122.3,744.3,52.35,67.45,49.85,30.8,81,63.95,48.1,25.4,29.85,107.75,106.7,17.3,93.8,93.25,78.9,15.25,36.05,41.35,21.85,51.65,56.4,78.5,55.95,18.3,12.85,104.3,26,30.2,48.9,74.75,81.85,20.1,18.95,50.55,49.1,83.85,6.6,22.3,67.3,60.85,76,61.85,27.6,42.3,57.3,46.85,37.25,80.25,72.4,76.8,11.55,14.85,14.7,9.95,17.5,28.25,21.35,20.5,35.85,41.3,33.25,37.25,70.9,72.65,63.9,48.05,53.4
57104,"hs|11p15.5","PNPLA2",284.3,191.7,427,153.65,104.15,136.9,122.25,117.25,131.6,180.45,146.3,127.85,167.8,111.5,143.05,115.65,114.15,203.65,141.65,118.4,146.65,194.55,120.85,84.2,96.65,93,147.65,169.25,230.2,325.25,201.5,172.75,156.45,163,218.75,202.75,136.85,67.05,206.75,148.7,387.2,109.95,73.05,197,92.25,202.6,127.45,118.8,68.7,157.5,70.6,286.35,172.3,226.95,84.55,184.7,200.5,158.35,148.8,205.35,156.3,251.25,151.2,211.6,196.75,620,600.2,438.6,410.8,338.4
59307,"hs|11p15.5","SIGIRR",1528.3,953.9,1681.9,186.95,217.45,383.9,179.55,187.05,169.1,222.6,241.15,227.65,181.1,191.2,170.6,170.85,199.6,196.3,126.7,152.5,99,200.15,174.9,283.65,272.7,162.9,198.55,33.65,113.75,28,136.3,179.35,148.25,80.55,49.95,150.6,202.4,156.7,298,92.55,117.2,184.55,152,146.7,68.05,175.9,168.15,185.15,116.85,262.95,73.7,45.35,91,45.4,51.35,76.95,16.7,52.05,52.8,42.4,201.25,78.75,94.35,112.65,113.25,63.25,83.65,47.4,67.35,185
64787,"hs|11p15.5","EPS8L2",191.3,25.4,37.6,27.6333333333333,22.6333333333333,35.3,30.4333333333333,32.2666666666667,41.7,29.8666666666667,25.8333333333333,29.2333333333333,23.1,21.5333333333333,8.03333333333333,7.33333333333333,18.5333333333333,30.0666666666667,27.9,14.1666666666667,20.1333333333333,29.6,21.5,32.1,28.5666666666667,9.13333333333333,18.4,15.2666666666667,40.4666666666667,12.2666666666667,11.2333333333333,18.9,19.7666666666667,37.0666666666667,20.5666666666667,16.8666666666667,12.9,7.43333333333333,9.16666666666667,12.9,8.23333333333333,18.5333333333333,21,31.8333333333333,36.0333333333333,33,3.66666666666667,35.4666666666667,13.1666666666667,17.9666666666667,30.3666666666667,26.7666666666667,28.3333333333333,34.1,35.6,45.8,37.3,45.8,55.7,6.1,6.6,8.3,10.1,21.6,7.9,77,52.1,44,38.1,33.9
79751,"hs|11p15.5","SLC25A22",565.1,161,8.8,56,43.1,53.8,50.7,48.3,50.9,53.7,48.5,46.2,58.9,42.9,88.9,68.2,54.6,104.6,32.1,49.6,54.2,48.4,38.4,58.6,61,40.1,39.7,46.7,46.8,124.1,37,44.1,36.5,50.5,64.4,81.2,43.8,49.2,94.7,43.9,76.9,41.2,32.6,72.1,63.2,65.7,63.6,59.7,21.1,57.5,48.2,97,57.6,50,29.9,46.9,50.9,46.5,80.3,9.6,93.6,12.1,50.1,18.1,86.1,123.2,148.7,82.3,79,76.2
80162,"hs|11p15.5","ATHL1",89.4,62.8,584.8,51.3,111.5,74.1,54.9,81.5,57,68.5,56.1,53.5,117.3,101.8,59.9,59.2,38.6,38,22.5,22.4,13.5,29.7,37.2,13.6,39.3,29,39.7,16.5,46.4,13.4,38.3,22.7,64.7,92,53.1,29.3,40.1,64.5,61.8,34.7,52.6,80.9,56.3,44.4,61.8,75.8,41.2,60.5,44.8,40.3,29.9,22.5,54.3,36.7,12.6,27.7,6.8,47.1,42.4,28.7,3.8,35.3,2.9,43.7,51,45.5,52.6,28.2,24.9,30.6
81490,"hs|11p15.5","PTDSS2",4988.6,3144.6,2983.9,74.5,80,79,92,84.2,93.6,68.2,87.5,73.2,66.3,89,25.5,126.3,64.2,63.9,48.7,85.7,52.9,83.3,59,57.4,84.5,58.6,42.1,58.3,94.9,109.6,54.9,61.1,83.1,71.6,54.6,36.6,72.9,69.1,110.2,39.7,38.1,76,51.8,114.4,98.4,62,81.5,79.4,77.1,87.6,65.6,84.8,86.4,33.7,29.3,30.1,4.4,26.3,54.1,14,39.5,58.4,41.3,40.7,39,105.1,114.5,126.7,97.2,108.3
283232,"hs|11p15.5","TMEM80",1492.05,2401.75,2996.05,150.633333333333,143,152.933333333333,155.7,154.3,148.333333333333,99.4666666666667,97.6666666666667,102.833333333333,125.2,118.7,86.3,87.6666666666667,101.5,154.733333333333,98.8,106.1,129.766666666667,130.4,125.233333333333,95.9666666666667,137.233333333333,119.866666666667,100.5,91.7333333333333,122.466666666667,124.066666666667,119.7,133.133333333333,127.833333333333,120.9,113.266666666667,83,138.433333333333,144.666666666667,145.066666666667,89.4333333333333,93.7666666666667,115.5,111.366666666667,147.666666666667,117.033333333333,85.2333333333333,158.966666666667,146,113.466666666667,114.833333333333,101.533333333333,116.233333333333,107.766666666667,36.6,65.9,37.4,10.85,34.2,25.55,27.2,51.65,71.9,57.85,67.8,54.8,58.25,57.3,75.9,73.85,70.9
727897,"hs|11p15.5","MUC5B",25.375,1456.475,4636.45,1.4,1.3,2.35,2.7,1.75,3.05,3.7,1.4,3.55,2.05,1.3,8.45,3.4,1.3,0.95,2.4,1.25,4.1,2.4,1.25,1.05,2.15,3.35,1.65,1,1.45,2.8,1.5,1.15,1.7,3.3,3.8,5.65,4.1,2.25,8.2,4.1,17.35,1.15,1.4,3.5,2.35,1.95,1.2,3.3,3.85,1.55,4.45,2.85,2.45,1.65,5.9,5.8,3.65,4.9,10.2,7.25,3.2,16.65,6.95,18.95,7.9,33.25,42.55,22.4,20.35,21.3
2799,"hs|12q14.3","GNS",93.7,69.7,361.1,501.4,454.166666666667,467.566666666667,332,393.6,402.266666666667,489.8,335.3,414.6,489.266666666667,467.3,339.7,586.033333333333,560.766666666667,575.666666666667,974.9,432.966666666667,520.733333333333,542.066666666667,532.433333333333,585.433333333333,550.1,503.666666666667,509.066666666667,440,261.966666666667,275.933333333333,526.333333333333,543.233333333333,500.133333333333,389.933333333333,410.933333333333,422.333333333333,455.366666666667,445.966666666667,418.266666666667,547.5,506,504.9,649,496.333333333333,411.133333333333,419.133333333333,548.1,394.866666666667,338.466666666667,501.8,604.033333333333,497.666666666667,821.8,433.833333333333,206.833333333333,140.4,119.6,311.333333333333,197.266666666667,207.8,212.966666666667,112.633333333333,137.4,147,147.033333333333,103.733333333333,91.4666666666667,171.4,279.6,194.133333333333
8091,"hs|12q14.3","HMGA2",6.35,5.95,31.1,5.25555555555556,8.65555555555556,6.37777777777778,5.16666666666667,6.81111111111111,7.86666666666667,9.55555555555556,13.2,8.23333333333333,9.33333333333333,6.46666666666667,17.7444444444444,8.23333333333333,7.1,5.06666666666667,3.22222222222222,7.34444444444444,176.166666666667,6.44444444444444,6.38888888888889,7.04444444444444,7.4,8.84444444444444,6.46666666666667,152.744444444444,166.044444444444,79.0666666666667,4.23333333333333,3.94444444444444,6.22222222222222,12.0777777777778,22.7888888888889,17.0555555555556,7.76666666666667,4.97777777777778,11.1333333333333,12.8555555555556,23.2777777777778,6.61111111111111,3.66666666666667,11.1333333333333,20.1222222222222,14.8777777777778,5.72222222222222,16.1777777777778,3.88888888888889,6.07777777777778,6.65555555555556,7.78888888888889,8.34444444444444,37.2,11.6,44.9,36.1,22.6,40.1,32.1,17.9,24.8,31.9,33.3,41,608.2,21.6,19.5,21.2,16.1
11197,"hs|12q14.3","WIF1",112.6,84.75,703.65,2.9,72.5,58.2,21,129.4,10.8,63.2,23.2,35.5,58.5,56.3,24,106.9,146.1,108.1,7.9,77.6,416.2,86,1.4,537,9.3,51,13.6,70.3,59.4,3,27.3,2.4,15.3,394.9,378,32.1,22.3,21.9,22.1,222.8,2.2,26.2,33.5,75.6,453.1,56.9,1.9,43.8,13.1,2.7,16.6,788.2,26.7,3.7,5,25.7,2.1,0.6,1.7,9.8,49.4,14.5,22.1,3.4,41.5,35.5,16.5,14.2,55.3,19.6
11213,"hs|12q14.3","IRAK3",46.8,80.55,126.35,43.7,31.4,22.3666666666667,14.4333333333333,22.7,23.4333333333333,19.7,14.7,25.1,16,16.9333333333333,29.1666666666667,24.1666666666667,16.8,17.5333333333333,30.3666666666667,40.2,26.8666666666667,31.6666666666667,22.0666666666667,24.4333333333333,42.7666666666667,21.0333333333333,32.8666666666667,18.5333333333333,14.4666666666667,7.56666666666667,58.3666666666667,49.5666666666667,47,13.6,21.4666666666667,37.2333333333333,20.1333333333333,18.5333333333333,30.4666666666667,35.6,41.0333333333333,35.7,35.1,34.7666666666667,12.6333333333333,21.2666666666667,24.9333333333333,14.1333333333333,27.5666666666667,45.5666666666667,26.6,18.1,29.6333333333333,13.4,9.75,9.4,19.55,21.65,15.05,17.85,8.05,12.65,11.95,21.3,7.5,13.1,13.5,13.15,13.75,14.15
23329,"hs|12q14.3","TBC1D30",5.3,10.8,77.6,28.9,25.7666666666667,29.6,26.4,33.6666666666667,29.0666666666667,20,20.2333333333333,17.6333333333333,26.8,23.1666666666667,43.7333333333333,24.5666666666667,16.7,24.0333333333333,17.2666666666667,22.2333333333333,26.3333333333333,16.6666666666667,19.9333333333333,28.9333333333333,37.9,28.6333333333333,20.4666666666667,21.8,19.9333333333333,17.8666666666667,26.8666666666667,24.2,21,27.3333333333333,27.6666666666667,39.0666666666667,28.5666666666667,24.7333333333333,28,30.7,35.2333333333333,26.1333333333333,22.5666666666667,30.2333333333333,27.9,28.7333333333333,24.5666666666667,39.4,24.1666666666667,25.8,26.3,24.6666666666667,25.7666666666667,36.1,29.6666666666667,23.7333333333333,23.4666666666667,14.2666666666667,27.6,14.8666666666667,19.6333333333333,34.4666666666667,29.2666666666667,19.8,35.3666666666667,21.1333333333333,23.8,17.4333333333333,15.4,16.7333333333333
23426,"hs|12q14.3","GRIP1",37.1,39,85.8,7.25,11.15,10.65,17,25,11,16.35,12.15,17.2,13.4,13.05,22.8,15.4,13.2,12.4,8.9,22.5,11.55,16.65,6.15,6.35,13.55,22.45,7.85,84.35,15.75,34.8,6.95,7.7,8.95,12.25,18.15,36.15,18.7,24.8,17.25,21.45,4.6,16,10.6,19.05,6.4,8.9,9.1,11.3,22.9,2.1,5.15,12.95,1.4,1.4,2.7,1.5,1,8.6,2.2,1.1,1,2.6,4,3.2,3.2,20.6,18.8,15,13.8,12.8
23592,"hs|12q14.3","LEMD3",2895.1,3298.3,6792.3,427.6,360.5,335.7,464.7,380.7,454.6,327.8,343.7,375.4,408.1,367,182,502.8,396.4,382.8,400.8,390.9,676.1,294.9,384,406.8,347.4,314.2,254.8,376.8,314.6,332.4,280,368.7,350.9,672.4,782.8,280,435.8,480.7,260.7,385,143.9,378,462.6,382.4,727.9,274.1,299.5,370.5,478.3,381,406.1,521.1,276.5,281.3,221.3,178.7,172.2,147.5,148.6,96.5,172.7,199.1,218.8,200,120.5,259.7,222.8,248.2,292.3,237.4
51643,"hs|12q14.3","TMBIM4",2282.3,2567.3,8.8,1083.4,860.225,988.775,640.825,627.3,787.95,990.45,1086.45,1014.575,801.15,869.75,872.425,1052.45,961.075,1597.625,1374.8,839.7,1256.75,1074.6,1064.45,997.45,1108.225,983.2,1007.3,905.275,1014.675,871.55,1138.375,1000.4,1110.325,589.25,576.675,892.35,781.875,799.225,684.825,1081,678.5,916.75,902.15,1228.65,613.3,914.175,1159.275,831.075,911.525,1112.2,1471.1,993.45,1465.6,380.9,380.1,232.5,268.2,200.7,235.1,302.2,166.5,250.2,323.6,308.9,208.5,197.4,207.5,370.1,340.6,229.3
84298,"hs|12q14.3","LLPH",691.2,672.35,1366.05,89.6333333333333,84.1,96.2,76.8,82.7333333333333,89.4666666666667,104.033333333333,102.533333333333,107.333333333333,94.3,106.4,107.966666666667,110.6,94.1,115.366666666667,145.266666666667,91.7333333333333,150.433333333333,97.9666666666667,96.8333333333333,118.766666666667,93.6333333333333,80.5666666666667,95.9333333333333,78.9333333333333,69.6,57.9,115.2,114.1,91.9333333333333,98.8333333333333,77.5666666666667,120.433333333333,87.1666666666667,87.6333333333333,58.2333333333333,112.833333333333,97.4,130.666666666667,111,94.3666666666667,105.133333333333,91.2,92.4333333333333,96.7333333333333,92.1333333333333,119.466666666667,124.266666666667,89.4,123.433333333333,24.9,12.9,12,22.5,18.2,13.6,15.3,20.7,15.1,16,33.8,23,33,27.2,23.4,18.7,19
