"chromosome","start","end","width","strand","gene","transcript","symbol","gsm1667144","gsm1667145","gsm1667146","gsm336252","gsm336253","gsm336254","gsm336255","gsm336256","gsm336257","gsm336258","gsm336259","gsm336260","gsm336261","gsm336262","gsm336263","gsm336264","gsm336265","gsm336266","gsm336267","gsm336268","gsm336269","gsm336270","gsm336271","gsm336272","gsm336273","gsm336274","gsm336275","gsm336276","gsm336277","gsm336278","gsm52661","gsm52662","gsm52663","gsm52664","gsm52665","gsm52666","gsm52667","gsm52668","gsm52669","gsm52670","gsm52671","gsm9098","gsm9099","gsm9100","gsm9101","gsm9102","gsm569424","gsm569425","gsm569426","gsm569427","gsm569428","gsm1667147ul","gsm1667148ul","gsm1667149ul","gsm336202ul","gsm336203ul","gsm336204ul","gsm336205ul","gsm336206ul","gsm336207ul","gsm336208ul","gsm336209ul","gsm336210ul","gsm336211ul","gsm336212ul","gsm336213ul","gsm336214ul","gsm336215ul","gsm336216ul","gsm336217ul","gsm336218ul","gsm336219ul","gsm336220ul","gsm336221ul","gsm336222ul","gsm336223ul","gsm336224ul","gsm336225ul","gsm336226ul","gsm336227ul","gsm336228ul","gsm336229ul","gsm336230ul","gsm336231ul","gsm336232ul","gsm336233ul","gsm336234ul","gsm336235ul","gsm336236ul","gsm336237ul","gsm336238ul","gsm336239ul","gsm336240ul","gsm336241ul","gsm336242ul","gsm336243ul","gsm336244ul","gsm336245ul","gsm336246ul","gsm336247ul","gsm336248ul","gsm336249ul","gsm336250ul","gsm336251ul","gsm38689ul","gsm38690ul","gsm38691ul","gsm38692ul","gsm38693ul","gsm38694ul","gsm38695ul","gsm9093ul","gsm9094ul","gsm9095ul","gsm9096ul","gsm9097ul","gsm569429ul","gsm569430ul","gsm569431ul","gsm569432ul","gsm569433ul"
"chr11",637293,640706,3414,"+","ENSG00000069696","ENST00000176183","DRD4",16.39,15.25,15.31,0.26,0.26,0.14,0.58,0.14,2.17,3.04,0.38,-0.32,0.85,2.43,1.07,0,0.26,0.77,0.58,1.07,1.38,0.14,0.68,0.26,0.26,0.93,0.58,1.26,2.1,0.26,2.89,1,1.2,1.07,3.75,2.7,1.43,0.77,0.26,-0.15,0,1.43,3.04,2.83,0.77,0.93,4.66,4.34,4.29,4.2,4.07,16.46,15.42,15.3,0.68,3.46,0.14,1.07,2.38,1.07,1.32,0.38,0.49,2.56,1.54,1.89,0.68,0.38,0.26,0.14,2.07,2.56,0.58,0.14,0.68,0.68,1.43,0.58,-0.15,0.49,1.26,1,0.14,0.26,0.49,0.85,0.26,-0.32,-0.15,0.58,0.26,1.96,-0.32,-0.32,1.81,0,1.54,0,0.38,0,0,4.07,2.29,1.38,0.58,-0.32,0.49,1.85,1,3.87,2.94,1.68,4.17,1.85,4.01,1.68,4.86,4.72,4.46,4.05,4.21
"chr11",626309,627181,873,"-","ENSG00000070031","ENST00000176195","SCT",4.57,5.34,5.7,0.58,0.26,1.32,0.93,0.38,2.07,1.26,2.04,0,0.68,0.85,0.77,0.38,1.07,1,0.26,1.43,1.14,0.38,0.85,0.49,0.85,1.2,0.93,2.26,0.26,0.85,1.49,2,-1,-0.74,3.5,0.14,0.85,-0.32,-1.32,-1,1.07,0.85,2.43,2.77,-0.15,1.72,6.49,4.88,4.13,4.33,3.82,4.36,3.58,7.66,0.49,0.14,0.68,0.26,0.77,1.2,0.38,1.2,0.58,0.85,0.77,0.93,0.26,1.26,1.07,0.38,-0.15,0.68,0.38,0.14,1,0.68,0.38,1.68,0.38,1.14,0.58,0.49,0.49,0.38,0.77,1.49,0.26,0.38,0.38,0.58,0.26,1,0.38,0,0.77,0,1.49,0.38,1.58,2.49,0.49,0.68,0.49,0,-1,-0.32,-0.74,0.38,0.26,0.26,0.58,0.49,1.2,0.38,3.19,1.38,5.76,5.74,4.39,4.34,4.15
"chr22",37570248,37582616,12369,"-","ENSG00000100079","ENST00000215886","LGALS2",8.97,5.27,8.91,5.58,4.31,4.61,4.57,5.01,5.28,5.13,4.89,3.41,5.66,3.74,4.78,4.39,6.54,5.04,1.63,4.97,4.56,4.83,3.38,5.47,3.38,5.54,6.91,6.09,7.3,4.84,5.03,4.33,2.68,3.17,2.41,3.41,4.51,5.61,2.91,0.58,4.16,4.19,3.22,3.52,3.26,4.43,5.54,4.97,5,5.21,4.74,9.91,9.26,6.53,5.29,5.08,4.52,1.81,4.41,5.9,4.19,3.22,3.49,5.21,4.73,4.71,2.38,7.17,1.68,3.73,3.04,2.07,6.54,5.8,8.99,6.56,6.45,7.22,0.38,2.2,2.17,3.39,4.6,2.68,2.66,2.41,1.81,5.7,2.79,5.14,4.99,4.87,5.17,5.31,4.77,1.07,5.02,6.71,6.25,3.83,7.46,2.23,0.38,1.85,6.99,6.69,5.54,0.49,6.08,5.98,4.98,5.46,3.63,2.56,5.58,5.64,5.21,5.25,5.01,5.14,5.58
"chr22",37905657,37942822,37166,"+","ENSG00000100139","ENST00000215957","MICALL1",8.55,7.76,7.03,8.23,7.98,7.98,7.55,8.05,8.64,7.65,8.89,7.42,8.78,7.3,6.67,7.08,7.36,7.97,6.37,7.96,8.44,7.88,7.58,8.21,6.8,7.84,7.95,7.6,8.46,7.12,6.75,6.83,6.66,5.79,7.09,7.13,7.78,6.38,7.67,6.51,6.51,6.27,7.18,7.7,7.02,7.25,6.71,7.56,7.4,7.01,7.9,8.7,7.72,8.57,8.17,8.2,8.59,9.02,8.98,8.41,8.86,8.74,8.69,8.77,8.9,8.33,7.25,7.81,8.75,6.98,7.79,6.71,7.72,7.46,8.37,8.53,8.69,8.55,8.38,8.69,8.69,8.4,8.14,8.14,8.57,8.1,7.94,8.41,8.09,8.17,8.02,7.36,7.73,7.57,7.47,8.45,8.93,7.79,8.67,7.65,8.09,7.91,7.78,8.18,7.02,7.3,7.81,6.78,7.24,7.65,6.78,7.58,7.51,7.45,7.7,7.95,7.27,7.75,7.95,7.09,8.79
"chr22",38685543,38701556,16014,"-","ENSG00000100221","ENST00000216039","JOSD1",11.14,11.97,10.83,8.32,8.29,7.74,8.24,8.78,8.69,8.56,8.55,8.58,8.77,8.53,8.29,8.51,8.13,8.76,7.95,8.51,8.48,7.67,7.51,7.92,8.15,8.56,8.14,7.8,8.47,8.47,7,7.21,7.04,7.61,6.82,7.49,7.18,7.21,6.69,6.94,7.08,7.51,8.56,7.57,7.43,7.69,6.92,7.51,6.84,7.55,7.43,11.2,11.56,12.69,8.63,8.5,8.07,8.35,8.69,8.22,7.51,8.92,8.59,8.42,8.56,7.59,8.67,8.43,8.3,8.27,8.39,7.73,8.47,8.14,8.33,8.56,8.75,8.05,8.23,8.98,8.47,8.46,8.17,8.41,8.05,7.72,7.76,8.7,8.59,8.27,7.57,7.97,8.48,8.31,8.49,8.28,8.52,8.28,8.27,8.31,8.33,8.59,8.65,8.49,6.62,7.16,6.88,7.04,7.02,6.68,6.85,7.74,6.82,7.53,7.3,7.85,7.46,6.76,7.28,7.57,7.99
"chr22",38705742,38738299,32558,"+","ENSG00000100226","ENST00000216044","GTPBP1",10.77,10.84,10.85,6.1,5.66,5.16,5.79,5.87,5.93,5.93,6.24,5.68,6.09,6.16,6.08,5.88,5.6,6.26,5.41,6.16,6.15,4.93,5.39,5.23,5.39,6.17,5.34,6.18,5.88,5.67,6.02,5.7,5.75,5.49,5.74,5.65,5.33,5.28,5.75,5.39,5.19,5.69,5.79,5.6,5.38,5.22,6.75,6.38,6.19,6.22,6.18,10.89,10.63,11.84,5.77,5.71,5.42,5.72,6,5.69,5.92,5.63,5.81,5.75,5.87,4.95,5.58,5.6,6.06,5.44,5.9,5.4,5.76,6,5.72,6.02,5.82,5.94,6.12,6.35,6.58,5.63,5.7,5.91,5.87,5.54,5.35,5.76,5.71,5.95,4.93,4.8,5.48,5.84,5.88,5.78,6.01,5.8,6.05,5.61,5.96,5.74,5.46,5.94,5.64,5.48,5.26,5.49,5.19,5.35,5.01,5.02,5.65,5.1,5.52,5.81,6.63,6.67,6.27,6.02,6.21
"chr22",39120167,39152680,32514,"-","ENSG00000100307","ENST00000216133","CBX7",13.49,13.66,13.09,9.26,9.57,9.62,9.64,9.51,9.16,9.9,9.3,9.41,9.47,9.88,9.84,9.75,9.39,9.26,9.76,9.59,9.14,9.11,8.48,8.55,9.69,9.16,9.42,9.56,9.95,9.84,8.95,8.13,8.76,8.91,7.71,7.97,8.06,9.14,8.06,6.4,8.7,8.87,7.87,7.95,8.11,8.24,8.05,7.78,7.25,8.85,7.69,12.54,11.84,12.76,9.35,8.68,8.26,8.35,8.47,8.9,7.71,8.4,8.15,8.63,8.75,7.03,9.11,8.58,8.01,8.98,8.53,7.42,9.33,9.58,8.24,9.17,8.63,8.56,8.47,9.31,8.25,8.73,8.78,9,8.66,8.1,7.94,8.68,8.95,8.46,9.02,8.62,9,9.6,8.92,8.25,8.02,9.03,8.66,9.63,9.63,9.28,8.99,8.38,7.7,7.78,6.65,6.7,6.8,7.22,6.85,6.77,7.91,8.24,7.02,7.53,8.38,7.07,7.82,7.05,7.52
"chr22",39399778,39437060,37283,"+","ENSG00000100324","ENST00000216160","TAB1",9.39,6.2,6.39,5.32,5.4,5.41,5.37,5.82,5.22,4.97,5.42,5.17,5.78,5.57,5.68,5.63,6,5.63,5.63,6.19,5.77,4.4,4.81,6.23,5.02,5.59,5.48,5.89,5.49,5.93,4.54,3.34,3.09,4.36,4.84,4.95,4.73,5.14,5.04,3.77,4.07,5.46,4.35,4.94,4.11,5.24,5.76,5.13,4.84,4.87,4.97,9.14,5.28,3.14,5.13,6.02,5.39,5.72,5.49,5.24,5.69,5.62,5.87,5.93,5.63,5.38,5.83,5.61,5.91,5.22,5.5,4.59,5.3,6.08,4.52,5.6,5.58,5.85,6.09,6.23,6.01,5.12,5.37,5.3,5.3,5.75,5.38,5.39,5.31,5.56,5.07,5.77,5.88,5.42,6.17,5.75,6.33,5.61,6.04,5.68,5.29,5.78,5.94,5.29,3.81,4.42,4.43,4.68,3.67,4.69,4.84,4.63,4.47,3.94,3.82,5.61,5.44,5.32,5.09,4.74,5.1
"chr22",37560480,37569405,8926,"+","ENSG00000128283","ENST00000249014","CDC42EP1",9.52,9.23,9.41,6.76,6.12,5.6,6.65,6.78,6.34,6.57,8.02,6.22,6.99,6.77,6.52,6.18,6.27,6.59,5.73,7.94,6.33,5.84,6.13,6.69,5.42,6.51,6.83,6.23,6.68,6.96,6.71,5.37,6.17,5.82,5.17,6.21,7.83,6.03,6.66,4.68,5.58,7.11,7.85,7.3,7.07,7.59,6.32,7.5,6.71,6.62,6.07,9.26,9.37,9.96,6.03,5.62,5.35,6.34,5.9,5.43,6.93,6.86,6.48,6.92,6.93,5.95,6.84,6.47,7.99,6.26,6.19,5.57,7.32,6.54,5.9,6.93,5.88,6.44,5.69,7.55,5.99,6.79,7.1,7.01,6.27,6.83,6.4,6.28,5.1,7.24,5.87,6.22,6.21,6.15,6.17,6.07,6.73,6.82,6.02,4.71,6.86,7.02,6.88,7.06,6.97,5.53,6.5,5.89,6.7,7.31,6.1,7.2,6.64,5.93,6.7,7.25,7.11,6.48,7.29,6.3,6.17
"chr22",37823382,37825495,2114,"+","ENSG00000128310","ENST00000249041","GALR3",14.48,12.82,12.62,2.58,3.6,3.42,4.51,3.49,5.71,3.7,4.55,2.85,1.58,3.6,3.95,2,4.67,3.87,3.51,3.35,3.36,3.41,4.09,3.66,2.77,4.27,4.53,4.15,2.17,2.98,4.72,5.29,5.15,4.64,3.32,3.94,4.31,4.94,4.79,5.4,4.78,5.38,5.13,3.9,3.61,4.81,6.83,5.89,5.9,5.55,5.45,14.1,12.87,13.56,1.43,2.58,3.64,4.04,4.36,2.87,3.34,4.25,4.13,4.34,2.72,4.87,3.25,4.05,5.04,1.54,3,4.47,3.2,3.79,3.25,4.69,4.52,3.19,2.89,3.73,3.12,1.26,1.38,4.71,4.77,3.47,5.65,4.73,2.35,5.5,2.85,4.93,2.61,1.93,3.05,4.22,3.46,4.15,3.15,2.68,3.31,3.35,4.63,5.2,3.42,4.41,5.35,5.45,5.06,5.33,4.14,4.77,4.73,4.09,4.66,4.56,6.38,6.42,5.8,5.74,5.53
"chr22",37225270,37244448,19179,"-","ENSG00000128340","ENST00000249071","RAC2",9.8,9.98,9.3,6.01,6.39,5.77,6.49,6.53,6.56,6.73,6.71,6.35,6.39,6.33,5.58,5.91,6.24,5.76,6.53,6.04,6.18,5.8,5.99,6.01,6.01,6.22,5.43,6.45,6.15,5.87,5.54,5.21,5.55,6.16,5.02,5.55,5.4,5.99,6.07,5.53,5.69,6.1,6.01,5.57,6.11,6.37,6.14,5.56,6.25,5.62,5.67,8.04,8.54,8.95,6.31,6.1,5.58,4.61,4.89,4.84,4.37,4.88,4.79,4.93,4.36,5.52,4.33,5.75,6.31,6.21,5.57,4.96,6.38,6,4.94,6.45,5.02,6.3,4.9,6.04,5.58,5.82,5.31,6.12,6.36,6.4,5.66,4.56,4.65,5.42,5.94,5.72,5.27,5.86,5.63,6.43,5.28,5.12,4.77,4.9,5.2,6.32,5.68,8.05,5.08,5.24,5.61,5.84,5.92,6.14,6.14,5.86,6.25,5.28,5.88,6.07,5.95,5.35,5.94,5.21,5.36
"chr22",37490362,37519542,29181,"-","ENSG00000100065","ENST00000251973","CARD10",12.13,11.26,10.94,5.42,6.09,5.45,6.2,6.62,6.03,7.26,6.05,5.23,6.04,6.73,5.61,6.59,5.91,5.41,5.51,5.68,6.11,5.33,5.13,5.32,5.64,6.22,6.46,6.27,6.92,5.67,5.35,4.69,4.73,5.13,4.42,5.36,5.11,4.8,4.75,4.99,4.28,6.01,5.3,5.5,6.27,6.02,5.96,5.39,5.38,5.87,5.64,10.9,10.55,11.7,6.3,5.22,5.01,5.03,5.36,4.68,5.17,5.27,5.3,5.21,4.95,4.9,5.25,5.41,5.18,5.62,5.81,5.34,5.83,5.97,5.39,6.38,5.03,5.49,4.48,4.67,4.01,4.82,5.55,6.42,5.13,4.32,4.86,5.1,5.35,5.67,5.02,5.42,6.06,6.26,5.22,4.32,5.39,6.56,4.98,5.44,6.04,5.08,4.77,6.15,4.95,4.55,4.22,4.78,4.3,4.68,4.43,4.92,4.77,4.94,5.08,4.9,5.52,5.64,5.3,5.2,5.19
"chr12",66188879,66254622,65744,"+","ENSG00000090376","ENST00000261233","IRAK3",7.04,4.12,7.22,5.58,5.27,5.33,5.58,5.54,5.5,5.88,5.11,4.57,4.87,5.45,5.27,5.79,5.07,5.48,5.54,5.64,5.04,5.62,5.43,4.9,5.64,5.25,5.3,5.42,5.74,5.37,4.24,3.86,4.88,4.27,4.83,4.9,4.73,5.31,3.9,3.27,4.16,4.61,2.79,4.39,4.56,4.29,3.95,3.94,3.87,4.01,3.6,5.55,6.33,6.98,5.45,4.97,4.48,3.85,4.5,4.55,4.3,3.88,4.65,4,4.08,4.87,4.59,4.07,4.13,4.92,5.33,4.75,4.98,4.46,4.61,5.42,4.39,5.04,4.21,3.85,2.92,5.87,5.63,5.55,3.77,4.42,5.22,4.33,4.21,4.93,5.15,5.36,5.16,5.13,5.12,3.66,4.41,4.64,3.82,4.78,5.51,4.73,4.18,4.89,3.74,3.29,3.23,4.29,4.44,3.91,4.16,3.01,3.66,3.58,4.41,2.91,3.71,3.75,3.72,3.78,3.82
"chr17",82654973,82698698,43726,"-","ENSG00000141542","ENST00000269347","RAB40B",8.99,10.13,9.78,6.38,6.64,6.18,6.65,6.59,6.31,6.78,6.78,6.94,6.62,6.55,6.32,6.38,6.41,6.18,6.49,6.93,6.48,5.8,5.34,6.03,6.12,6.51,6.93,6.5,6.92,6.85,4.87,6.14,5.6,5.75,5.03,5.4,5.13,5.33,5.1,5.38,4.61,5.34,5.28,5.32,5,5.5,6.74,6.21,6.18,6.07,6.07,9.47,10.14,11.2,6.29,7.01,6.54,6.78,6.7,6.95,6.47,5.77,6.31,6.62,6.91,6.13,6.21,6.79,6.43,6.45,6.33,6.71,6.45,6.84,7.02,6.55,6.76,6.79,7.58,6.25,7.66,6.67,6.76,6.69,6.79,6.62,5.72,6.21,6.39,6.57,6.37,5.65,6.94,6.8,6.54,7.05,6.36,6.74,6.8,7.06,6.93,6.93,7.18,6.3,5.89,5.59,5.64,4.77,6.39,5.16,5.72,4.9,6.12,5.45,5.93,5.73,6.38,6.2,6.27,5.66,6.17
"chr17",80134369,80147183,12815,"-","ENSG00000141543","ENST00000269349","EIF4A3",11,2.51,9.92,9.56,9.4,9.4,9.32,9.42,9,9.4,9.3,9.38,9.24,9.53,9.44,9.2,9.43,9.26,9.66,9.24,9.34,9.58,9.39,9.58,8.92,9.31,9.3,9.28,9.45,9.88,8.37,8.61,8.53,8.38,8.11,8.31,8.34,8.24,8.33,8.31,8.57,8.74,9.13,8.73,8.5,8.58,7.41,8.1,8.52,8.36,8.82,14.03,13.76,3.14,9.48,9.4,9.77,9.85,9.85,9.82,9.82,9.49,9.95,9.71,9.7,9.42,9.75,9.92,9.67,9.35,9.71,10.03,9.39,9.65,9.83,9.55,9.6,9.45,9.87,9.57,9.33,9.45,9.75,9.6,9.34,9.44,9.97,9.79,9.66,9.64,9.62,9.61,9.7,9.56,9.31,9.66,9.84,9.41,9.83,9.29,9.43,9.45,9.84,9.81,8.4,8.47,8.31,9.07,8.19,7.86,8.36,8.95,8.7,8.61,8.82,9.07,8.48,8.5,8.55,8.68,9.16
"chr17",82716706,82730328,13623,"+","ENSG00000141560","ENST00000269373","FN3KRP",11.53,11.76,11.67,8.31,8.2,7.9,7.94,8.3,7.9,8.17,8.61,8.13,8.44,8.2,8.22,8.26,8.44,8.61,8.97,8.99,8.31,8.37,8.47,7.9,8.19,8.02,8.42,8.36,8.53,8.79,7.17,7.51,7.21,7.64,7.28,7.42,7.18,7.18,7.3,7.53,7.34,7.49,7.47,7.63,7.91,7.64,6.15,6.93,8.29,7.69,7.62,12.12,11.77,12.75,8.29,8.17,8.34,8.73,8.68,8.34,9.01,8.53,8.95,8.56,8.25,8.41,8.7,8.59,8.42,7.84,8.02,8.51,8.23,8.36,8.03,8.68,8.78,8.63,8.92,9.57,9.58,8.62,8.83,8.91,8.47,8.82,7.79,8.6,8.38,8.11,8.36,8.21,8.2,7.93,7.81,8.63,8.48,8.31,8.37,8.23,8.29,8.38,8.97,8.23,7.71,7.63,7.58,7.72,7.33,7.56,7.74,7.38,7.81,7.76,7.67,7.7,6.94,6.92,8.39,7.66,8
"chr17",82321024,82334074,13051,"-","ENSG00000141574","ENST00000269389","SECTM1",9.05,11.03,9.45,6.18,6.01,6.51,6.28,6.34,6.95,6.9,6.61,6.08,6.83,6.62,5.48,6.26,5.71,5.89,6.26,5.67,6.03,5.89,5.61,6.55,6,5.63,5.28,6.14,5.19,6.03,7.38,6.41,6.63,7.24,6.07,6.41,6.09,5.62,5.77,4.31,5.68,6.86,5.84,6.09,5.71,6.22,6.21,5.4,6.03,5.61,5.33,8.49,7.99,9.73,6.28,5.92,6.49,6.45,5.68,5.84,5.76,7.19,6.39,6.47,6.32,6.3,7.47,6.31,6.5,5.31,6.14,6.81,5.44,5.81,5,7.12,6.22,6.21,6.56,8.58,6.89,6.16,5.27,6.73,6.55,6.68,6.16,5.2,5.5,6.4,5.85,4.33,5.44,5.35,6.23,6.47,6.93,5.02,5.99,5.66,4.98,6.29,7.82,6.38,6.08,5.51,4.05,3.66,5.33,6.17,5.1,6.5,5.21,3.43,5.48,6.04,5.64,5.52,6.29,5.78,5.28
"chr17",81189593,81222999,33407,"-","ENSG00000141577","ENST00000269392","AZI1",10.63,10.02,10.08,4.61,4.89,4.13,5.1,5.39,6.48,5.49,5.24,4.87,5.21,5.8,5.48,5.93,4.11,4.31,5.51,5.66,5.45,3.81,4.54,2.29,4.13,4.31,5.51,5.77,6.14,4.97,4.66,3,4.67,4.66,4.74,4.88,4.3,3.31,3.74,4.3,4.52,4.93,4.75,4.96,4.83,4.83,5.86,5.11,5.1,5.05,5.04,11.21,10.14,10.71,5.09,5.48,5.28,5.35,5.8,5.98,4.82,5.35,5.16,5.58,5.39,3.31,6.14,5.11,4.47,4.89,5.24,5.23,5.67,4.7,4.85,5.4,5.81,5.18,4.49,5.8,5.83,5.06,5.31,5.37,6.18,4.57,2.66,4.64,5.36,5.61,2.7,3.05,5.54,5.34,5.45,5.6,5.25,5.13,6.02,5.39,4.27,1.38,5.1,5.82,3.81,4.5,4.11,0.77,3.31,4.56,2.26,4.16,5.93,5.26,5.12,5.17,5.31,5.43,5.42,4.94,5.22
"chr17",82829434,82840022,10589,"-","ENSG00000141579","ENST00000269394","ZNF750",3.19,3.04,3.23,0,2.1,-1.74,-1,1.14,1.07,-0.32,-1.74,0.77,2.38,0.26,-1.32,1.38,1.49,1.07,3,-0.15,-1.32,2.49,0,3.78,2.26,2.41,-0.32,-0.32,2.89,-1,2.61,2.46,2.66,2.94,1.96,1,-1,2.14,2.26,0.14,-1.32,1.85,5.28,-0.51,1.43,0.14,3.45,3.29,3.32,3.26,3.23,2.46,2.94,3.14,-1.32,-1.74,-0.51,-0.15,-1.74,-0.74,0.77,2,-1.74,-1.74,-0.32,1.54,-1.74,0.49,1.14,2.66,1.2,-0.32,-0.51,-0.32,-1.32,2.17,0.93,-0.15,-3.32,0,-1,-1.32,-1.32,-2.32,0.26,-0.32,2.54,2.32,1.81,-0.32,0.14,-0.32,-2.32,1.07,2.58,1.96,-0.74,0,-1.32,1,1.63,0.26,-2.32,-1.74,2.7,-1,2.68,0.26,3.07,3.28,2.72,2,0,-1,2.54,-0.32,3.22,3.39,3.32,3.32,3.28
"chr17",79778148,79787983,9836,"+","ENSG00000173894","ENST00000269399","CBX2",3.5,4.67,3.26,3.44,4.79,4.14,4.51,3.96,5.1,4.35,4.55,4.33,4.28,4.39,4.46,4.32,4.31,4.69,4.54,4.62,4.39,5.62,4.87,4.89,5.14,4.57,4.64,4.08,4.2,4.24,2.74,1.77,1,1.93,2.54,2.1,0.85,4.19,2.43,1.85,3.23,1.81,2.98,2.81,4.11,5.52,5.61,4.87,5.07,4.5,4.47,2.29,3.78,5.38,4.1,5,5.45,5.44,6.08,5.56,5.68,5.59,5.88,5.52,5.64,6.02,5.46,5.72,4.42,5.03,6.06,6.13,4.53,3.91,4.54,3.9,5.66,5.27,5.04,6.04,4.49,4.93,5.5,5.14,4.52,5.14,5.48,5.23,5.55,5.27,5.83,6.31,5.87,4.74,5.18,4.5,5.56,4.32,5.63,4.06,3.95,5.05,6.05,5,1.63,4.1,2.51,2,0.68,1.93,1.38,4.31,3.71,1.63,5.22,2.77,5.35,5.34,4.69,4.87,4.67
"chr17",81244811,81295547,50737,"-","ENSG00000157637","ENST00000288439","SLC38A10",12.11,11.83,11.88,6.05,5.63,5.54,5.68,5.99,5.89,6.26,6.39,5.51,6.15,6.04,5.45,6.05,5.84,5.89,5.6,6.06,5.42,5.14,5.15,5.45,5.21,5.59,5.35,5.63,5.94,5.66,8.62,7.8,7.96,7.83,7.82,7.67,8.58,7.78,7.68,7.16,7.49,7.3,7.46,7.97,7.37,7.73,6.17,7.47,7.56,7.84,7.87,11.85,11.1,11.5,5.9,6.09,5.69,5.06,5.29,5.19,5.75,5.5,5.71,5.66,5.77,5.17,6.27,5.8,6.07,5.44,5.63,5.43,6.27,6.04,5.77,6.33,5.82,6.1,5.28,5.81,5.68,6.04,5.61,6.05,5.74,5.49,5.28,5.34,5.09,5.81,5.07,5.32,5.39,5.43,5.33,5.31,5.81,5.39,5.45,5.65,5.66,5.43,5.69,6.18,8.14,7.1,7.55,6.86,7.83,7.79,7.9,8.1,7.83,7.02,7.6,7.99,6.77,6.64,7.81,6.95,7.59
"chr17",79074939,79088599,13661,"+","ENSG00000167280","ENST00000300682","ENGASE",7.43,8.1,8.55,7,7.37,6.88,7.74,7.42,7.71,7.87,7.48,7,7.39,8.17,7.83,7.88,7.61,7.22,7.3,7.4,7.54,7.32,7.3,7.09,7.44,7.3,7.14,7.34,7.82,7.24,7.56,6.72,6.91,7.15,7.47,7.22,6.57,6.8,7.07,6.83,6.75,7.55,7.23,7,7.24,6.99,8.16,7.33,7.51,7.1,6.98,8.73,8.23,10,7.21,7.32,7.5,7.42,7.88,7.37,6.86,6.84,6.96,8.08,8.1,7.47,7.79,7.5,7.25,6.94,7.65,6.72,7.39,7.42,7.19,7.16,7.52,6.98,6.7,7.25,6.92,6.96,6.99,7.63,7.41,7.26,7.41,7.41,7.56,8.02,7.32,8.06,7.55,7.62,7.21,7.28,7.22,7.25,7.54,7.67,7.39,7.25,7.31,7.72,6.63,6.91,7.15,7.19,6.89,6.92,7.16,6.95,7.48,7.27,7.72,7.55,7.91,7.66,7.77,7.1,7.03
"chr17",82735615,82751196,15582,"+","ENSG00000167363","ENST00000300784","FN3K",4.37,5.33,6.53,0.49,2.72,0.93,2.43,-0.32,4.37,0.77,0.68,2,1.07,2.1,0,2.35,2.72,2.2,0.49,1.54,1.32,0.85,0.26,1.26,1.81,2.58,2.72,3.39,1.14,1.49,4.06,3.78,3.6,3.51,4.79,2.68,4.69,3.45,3.87,3.19,2.04,1.54,2.07,3.82,2.83,3.38,4.71,3.97,4.14,3.91,4.05,4.8,6.41,8.37,2.23,2.14,1.89,1.38,2.07,1.2,1.58,1.85,0.58,2.2,1.38,2.58,1.72,0.49,0.85,0.77,1.68,3.72,1.32,0.85,1,2.77,1.49,2.77,0.38,3.67,2.14,1.14,1.32,1,1.49,2.26,1.14,0.93,1.14,0.68,0.68,1.81,1.43,0.38,1.89,1.43,1,1.07,1.26,1.14,0.58,2.1,0.14,1.07,3.61,4.27,2.26,4.11,4.26,5,0.49,1.93,4.89,4.31,5.07,5.13,4.45,4.53,4.04,3.96,3.94
"chr17",78214186,78225636,11451,"+","ENSG00000089685","ENST00000301633","BIRC5",5.69,5.67,6.12,3.17,4.02,2.87,3.01,3.89,5.02,3.9,3.5,3.64,3.28,3.58,2.39,2.81,4.75,3.6,3.39,4.07,4.38,3.96,4.5,4.83,4.48,4.11,4.47,3.96,2.71,3.19,4.86,3.44,4.54,4.92,5.23,4.63,4.81,4.48,3.68,5.54,3.34,4.82,3.64,4.97,4.8,4.14,5.33,4.6,4.67,4.5,4.77,5.8,8.57,6.45,3.96,3.88,4.86,3.42,4.09,4.03,5.4,5.86,5.56,4.17,4.17,5.3,3.33,2.78,6.15,3.17,4.45,3.51,3.64,0.96,3.11,4.35,4.43,5.43,4.12,2.84,5.44,4.12,4.24,3.16,3.77,4.75,4.66,3.28,3.02,3.9,4.8,5.24,2.75,3.19,3.51,3.63,5.26,4.25,3.8,2.57,3.29,4.04,3.73,5.67,4.53,3.84,4.09,5.13,4.55,5.25,4.94,4.81,4.81,4.64,5.2,5.5,5.03,5.15,4.7,4.52,4.57
"chr17",80101556,80119881,18326,"+","ENSG00000171298","ENST00000302262","GAA",13.29,12.24,13.5,7.7,7.74,7.6,7.83,8.29,7.91,8.4,8.24,6.98,7.97,8.16,8.07,7.99,8,8.21,7.97,7.85,7.68,7.58,7.07,7.46,7.15,7.89,7.3,7.53,8.03,7.92,7.69,6.85,7.18,7.2,7.1,7.7,7.5,7.49,7.77,6.88,6.84,7.6,7.9,7.68,7.8,7.39,7.25,7.25,6.86,7.05,6.7,13.31,12.68,3.14,7.27,7.91,7.5,7.89,8,7.73,8.28,7.74,7.74,8.11,8.45,6.83,8.49,7.84,8.5,7.18,7.55,8.3,8.75,8.32,8.51,8.22,7.9,8.17,7.59,8.39,7.92,8.27,7.93,7.97,7.99,7.5,7.15,8.18,8.25,8.37,7.38,7.16,7.96,7.7,8.26,7.46,8.1,7.69,7.5,7.45,7.72,8.54,8.29,8.58,7.41,6.73,7.57,7.02,7.46,6.98,7.24,7.72,7.54,7.41,7.72,7.81,7.19,7.41,7.64,6.65,6.86
"chr17",78991716,79009867,18152,"-","ENSG00000171302","ENST00000302345","CANT1",7.7,6.7,5.45,6.64,6.69,6.45,6.58,6.89,6.61,7.26,7.57,7.18,7.24,6.94,6.67,6.94,6.55,6.5,6.55,6.71,6.99,5.63,5.35,6.5,6.22,6.62,6.79,6.69,6.69,6.75,6.97,6.96,6.79,6.28,6.63,6.81,6.74,5.59,6.81,6.97,6.31,6.12,6.47,6.41,6.13,6.03,6.11,7.12,7.63,7.46,7.73,7.59,4.94,7.33,6.75,6.69,6.56,6.7,6.85,6.57,7.03,7.49,7.31,7.38,7.18,6.06,7.23,7.27,7.81,6.8,6.93,7.08,7.22,6.99,6.86,7.1,7.17,6.95,6.61,7.1,7.07,6.93,6.74,7.08,7.11,6.3,6.18,6.74,6.6,6.97,5.87,6.44,6.96,6.65,6.65,6.86,7.16,6.81,6.29,6.98,6.56,6.94,6.96,7.51,7.19,6.46,6.49,5.8,7.14,7.07,6.02,6.46,6.08,5.83,6.25,6.3,7.28,6.84,8.04,7.39,7.32
"chr17",81976807,82017406,40600,"+","ENSG00000169696","ENST00000306739","ASPSCR1",7.6,7.18,6.72,6.17,5.71,5.64,5.86,6.42,5.3,6.74,6.68,5.42,6.32,6.52,5.92,6.56,6,5.88,5.43,6.29,5.89,5.04,4.81,5.16,3.97,5.75,6.36,6.33,6.65,6.37,4.75,3.7,4.85,5.01,5,4.81,5.97,4.13,4.78,4.7,4.18,5.51,5.56,5.51,5.16,4.93,4.73,4.58,4.59,4.8,4.88,7.82,6.06,7.91,6.37,6.18,6.09,6.86,6.7,5.94,6.53,6.5,6.26,6.84,6.97,5.62,7.89,6.25,7.32,5.17,6.69,6.55,6.44,7.03,5.68,6.25,6.47,6.6,6.41,6.49,7.06,6.54,6.38,7.15,7.19,5.38,5.44,6.27,6.38,7.15,5.26,5.26,6.03,6.34,6.15,7.02,6.59,6.36,6.1,5.66,6,6.79,7.33,7.16,5.18,4.82,5.04,4.18,4.91,5.69,5.44,6,4.84,5.7,5.9,6.58,5.04,4.75,5.1,4.8,4.86
"chr17",82078338,82098294,19957,"-","ENSG00000169710","ENST00000306749","FASN",5.88,2.83,2.81,4.95,4.95,5.01,4.89,4.77,6.07,5.05,5.66,5.54,5.43,5.34,5.61,5.16,5.82,5.28,5.34,6.11,6.15,5.7,5.08,5.84,4.99,5.42,4.99,5.28,5.3,5.29,5,4.55,4.78,5.29,5.88,5.74,4.98,5.01,5.26,4.61,4.33,6.12,5.88,5.28,5.39,5.12,6.25,5.95,6.02,5.66,6.06,5.95,3.05,3.14,5.27,5.76,6.01,5.37,5.41,5.41,6.35,6.37,5.53,6.07,6.14,5.85,5.94,5.43,6.13,4.64,5.23,5.89,5.14,5.33,5.56,5.54,5.14,5.26,5.07,6.41,6.61,5.71,5.54,5.86,6,5.54,5.27,5.09,5.03,5.77,5,6.3,5.47,4.82,5.5,5.59,6.44,5.5,5.07,4.76,4.88,6.03,5.96,6.14,4.82,4.3,5.05,5.13,5.25,5.6,5.62,5.21,5.86,5.41,5.77,6.7,5.91,6.2,5.76,5.63,5.58
"chr17",82035136,82037732,2597,"-","ENSG00000169738","ENST00000306869","DCXR",9.72,3.74,11.23,8.67,6.98,7.22,7.42,7.69,7.72,7.47,7.62,6.9,7.75,7.88,7.46,8.05,7.6,8.08,7.62,7.68,8.84,6.19,5.53,6.48,5.5,7.86,7.84,7.82,8.03,7.51,6.38,6.35,4.7,5.6,6.62,6.44,7.38,7.14,7.16,6.49,6.85,5.33,7.78,6.81,6.85,7.26,6.13,6.64,6.79,7.69,7.57,8.99,9.31,3.14,8.28,8.5,8.12,6.97,6.79,6.71,8.09,7.64,7.74,7.17,7.52,5.73,8.03,7.3,8.17,5.73,7.16,7.9,7.2,7.6,6.59,8.27,7.37,8.16,6.79,7.06,6.07,7.12,6.97,7.39,8.03,6.85,6.35,6.95,6.38,7.14,6.08,4.42,6.97,7.24,8.34,7.79,7.9,8,7.04,7.39,7.87,6.55,6.56,7.53,8.07,6.5,3.86,7.28,7.5,7.89,7.61,6.36,6.24,5.99,7.11,7.12,5.89,6.65,6.81,6.8,7.52
"chr17",82031678,82034204,2527,"+","ENSG00000169750","ENST00000306897","RAC3",4.89,5.05,3.5,1.38,0.68,0.77,1.72,1.38,2.56,1.63,3.04,0.26,1.77,1.63,1,0.68,1.49,1.54,1.38,1.68,4.82,0.77,1.26,1.2,1.2,1.2,1.85,1.07,0.38,0.14,0.77,1.96,1.26,1.2,3.6,1.2,1.43,1.26,1.26,2.29,0.93,1.81,5.29,2.04,1.77,1.63,4.78,4.46,4.28,4.46,4.39,5.64,7.45,3.14,3.57,3.86,3.45,5.7,2.2,1.38,5.7,4.49,5.48,3.35,3.05,3.26,2.29,3.61,4.14,0.14,3.54,4.64,1.93,3.79,0.14,1.89,4.17,2.38,1.49,2.56,1.14,2,0.77,2.38,3.05,1.2,2.35,4.3,3.14,4.34,1.96,1.07,1.85,0.77,2.1,1.43,5.31,1.2,4.19,0.93,-0.74,-0.15,1,1.81,2.17,1.32,1,1.38,2.35,2.83,1.85,2.14,2.89,1.68,2.49,4.14,4.61,4.63,4.34,4.29,4.47
"chr17",81395475,81466332,70858,"+","ENSG00000266074","ENST00000307745","BAHCC1",7.55,8.88,8.74,4.75,3.83,2.9,5,5.05,5.15,4.58,3.94,4.5,4.23,4.32,4.75,4.67,3.96,3.62,4.59,5,4.78,3.94,4.26,3.41,4.18,4.06,3.64,5.18,4.83,4.76,6.56,5.78,5.85,6.17,3.94,6.06,5.64,5.89,5.49,5.16,5.1,5.54,5.18,5.55,6.05,5.66,6.61,6.06,5.8,5.7,5.9,8,8.58,9.6,4.45,4.73,4.91,4.25,4.93,4.53,3.17,4.44,4,3.89,4.41,1.98,4.71,4.53,4.19,4.63,4.91,4.08,3.86,4.31,4.57,4.73,4.43,4.3,3.83,4.82,4.84,4.38,4.81,4.56,4.94,4.06,4.33,5.22,4.96,4.87,4.33,4.2,4.54,4.73,5,4.71,3.09,4.16,5.05,5.05,4.78,4.16,4.04,3.88,5.28,5.9,6.98,3.02,5.5,5.52,4.87,5.18,5.72,6.63,6.39,6.25,6.46,6.51,6,5.7,6.3
"chr12",65169583,65248355,78773,"+","ENSG00000174106","ENST00000308330","LEMD3",10.83,11.61,11.63,8.47,8.83,8.17,8.51,8.06,8.58,8.4,8.23,9.18,8.3,8.38,8.49,8.41,8.51,8.68,8.94,8.23,8.61,8.37,9.06,7.62,8.69,8.02,8.52,8.3,8.62,8.56,7.7,7.97,8.08,7.41,8.04,7.97,7.08,7.39,7.79,7.74,7.67,7.21,7.77,7.22,6.83,6.97,7.73,7.45,8.29,7.97,8.1,11.5,11.69,12.73,8.74,8.49,8.39,8.86,8.57,8.83,8.36,8.43,8.55,8.67,8.52,7.51,8.97,8.63,8.58,8.65,8.61,9.4,8.2,8.58,8.67,8.44,8.3,7.99,8.56,8.3,8.38,8.13,8.53,8.45,9.39,9.61,8.13,8.77,8.91,8.03,8.59,7.17,8.56,8.85,8.58,9.51,8.1,8.23,8.53,8.9,8.57,8.67,9.03,8.11,8.14,7.79,7.48,7.43,7.2,7.22,6.59,7.43,7.64,7.77,7.64,6.91,8.02,7.8,7.96,8.19,7.89
"chr22",39040604,39055972,15369,"+","ENSG00000128394","ENST00000308521","APOBEC3F",8.2,9,8.52,4.95,5.28,5.13,5.37,4.2,4.95,4.68,5.17,4.88,5.28,4.83,4.29,3.92,5.1,4.76,5.1,5.7,4.79,4.94,3.45,5.13,4.56,5.48,5.39,5.32,4.97,4.9,2.49,-1,2.32,1.32,3.22,3.12,0,-1,3.58,0.26,2.54,1.14,3.7,2.49,1.2,1.58,5.53,5.04,4.34,4.49,4.26,8.33,8.44,9.32,4.92,4.4,5.16,4.78,5.16,5.23,4.63,4.42,5.08,5.03,4.66,5.1,4.69,4.42,4.88,5.1,4.05,4.7,3.98,4.82,4.61,4.42,4.58,5.36,4.53,5.26,4.84,4.51,4.66,3.58,4.69,4.51,5.51,4.52,3.89,4.45,4.4,4.92,4.43,4.87,4.05,4.69,5.35,4.95,5.26,4.75,5.28,5.09,4.28,4.64,2.66,1.43,0.38,1,3.05,1.43,0.49,4.48,4.63,2.51,1.49,1.96,5.75,6,4.45,4.34,4.42
"chr11",532242,537287,5046,"-","ENSG00000174775","ENST00000311189","HRAS",9.03,8.46,8.72,7.75,7.15,7.25,7.18,7.8,8.08,7.34,7.82,6.19,7.88,7.51,7.18,7.47,7.16,7.56,6.62,7.6,7.4,6.08,5.78,6.42,5.54,7.09,7.25,7.22,7.56,7.64,5.86,5.32,5.74,5.41,4.4,6.09,6.92,4.96,5.78,5.05,4.95,6.64,6.95,6.87,7.16,7.06,6.16,6.04,5.97,5.97,6.09,8.85,8.65,8.31,7.58,7.36,7.76,7.7,7.38,7.5,7.77,7.74,7.61,7.59,7.61,6.94,7.52,7.19,8.11,6.2,7.45,7.28,8.01,7.61,8.07,7.37,7.47,8.01,6.76,8.05,7.39,7.19,7.38,7.51,7.73,6.61,6.34,7.13,7.32,7.48,6.2,6.08,7.24,7.3,6.76,7.62,7.43,7.46,7.66,6.6,7.14,7.6,7.47,8.36,5.92,4.63,5.76,5.88,6.65,6.61,6.49,7.61,6.47,7.09,6.75,7.13,6.01,5.61,6.02,5.97,6.38
"chr17",82314868,82317608,2741,"-","ENSG00000173762","ENST00000312648","CD7",5.3,7.05,5.6,3.69,3.34,2.47,4.22,3.77,5.17,3.04,3.95,3.44,3.42,2.19,2.49,3.68,4.06,3.98,3.58,4.36,3.29,2.85,2.94,3.52,1.79,4.74,3.64,3.15,3.91,1.98,2.71,1.51,3.22,2.26,3.74,3.49,3.36,2.07,2.32,1.83,3.09,2.26,4.5,2.04,1.85,3.12,5.73,4.96,4.89,4.49,4.41,4.59,6.99,3.14,3.68,2.47,3.63,4.55,4.47,3.88,3.91,3.49,3.59,2.8,4.13,3.57,3.28,3.47,3.82,4.35,2.79,3.36,3.28,1.96,4,3.86,1.66,4.12,2.41,3.85,5.05,4.41,3.13,4.43,2.82,3.18,2.97,3.6,2.28,4.13,2.1,4.75,2.75,3.61,3.29,3.06,4.79,3.11,3.97,1.43,3.93,1.72,5.87,3.83,2.87,1.91,1.87,1.56,2.95,1.46,1.49,4.23,2.96,1.41,2,2.96,5.37,5.51,4.73,4.49,4.52
"chr22",39349925,39385575,35651,"+","ENSG00000100321","ENST00000318801","SYNGR1",9.03,8.95,8.65,6.44,6.63,6.49,6.33,6.46,6.69,6.99,6.59,6.27,6.6,6.78,6.38,6.72,6.38,6.81,6.69,6.81,6.78,5.76,6,6.02,5.86,6.32,6.72,6.6,6.78,6.67,5.83,5.18,5.9,5.99,5.96,5.99,5.87,5.45,5.6,5.3,4.95,5.62,5.28,5.94,5.59,4.88,6.72,6.12,5.73,6.17,5.81,8.56,8.05,9.99,6.49,6.33,6.45,6.71,7.14,6.97,6.65,6.46,6.64,6.23,6.21,5.85,6.8,6.48,7.14,6.19,6.33,5.9,6.41,6.65,6.25,6.98,6.71,6.64,7.01,7.33,8.26,6.17,6.32,6.21,7.67,7.23,5.47,6.72,6.69,6.88,5.78,5.85,6.13,6.13,6.65,7.97,6.36,6.35,7.05,6.69,6.37,7.43,8.12,7.37,5.62,5.57,5.69,5.28,5.63,6.33,5.8,5.73,5.76,5.8,6.29,6.24,6.45,6.53,5.55,5.59,6.02
"chr11",790475,798281,7807,"-","ENSG00000177542","ENST00000320230","SLC25A22",9.5,8.67,8.96,5.8,5.56,5.07,5.93,5.33,6.16,5.86,6.2,4.49,6.1,5.53,5.16,5.1,5.81,5.86,4.94,6.31,5.97,5.94,5.93,5.91,5.25,6.12,5.64,6.34,5.22,5.67,4.89,5.69,5.24,3.26,6.25,4.68,5.63,5.36,4.94,6.03,5.71,5.89,6.38,5.82,6,5.82,7.52,6.63,6.61,5.9,6.34,9.14,7.33,3.14,5.81,5.43,5.75,5.66,5.59,5.67,5.75,5.6,5.53,5.88,5.42,6.47,6.09,5.77,6.71,5,5.63,5.76,5.6,5.26,5.87,5.93,5.33,5.31,5.55,5.55,6.96,5.21,5.46,5.19,5.66,6.01,6.34,5.45,5.62,6.57,5.46,6.26,5.36,5.03,6.17,5.98,6.04,5.99,5.9,4.4,5.85,5.59,6.6,5.85,5.64,4.9,5.55,5.67,5.54,6.33,3.26,6.55,3.6,5.65,4.18,6.43,6.94,7.22,6.36,6.3,6.25
"chr22",38078134,38084093,5960,"-","ENSG00000100156","ENST00000320521","SLC16A8",6.18,6.52,7.12,4.67,1.93,4.52,3.64,1.85,3.38,3.71,2.04,1.26,1.58,2.17,4.04,2.51,4.18,2.79,2.17,4.09,2.17,3.04,2.46,3.92,2.91,2.1,4.81,3.81,1.49,2,2.89,2.49,3.56,2.96,3.04,4.9,3.31,2.93,3.02,3.22,2.77,3.67,2.98,2.79,3.55,3.67,6.25,5.24,4.76,4.58,4.36,6.07,6.48,9.37,2.46,4.17,3.84,3.14,3,3.38,2.26,3.2,4.54,2.1,2.07,4.04,3.14,2.1,1.89,1.96,3.7,3.77,2.17,3.87,3.81,2.77,2.23,2.14,2.74,1.85,4.34,4.1,2.54,1.89,3.05,4.28,5,1.2,3.91,2.07,3,3,2,2.1,2.04,1.89,2.94,3.74,3.42,1.68,2.29,2.35,4.31,1.81,5.83,2.46,4.63,2.68,4.52,5.7,2.96,3.02,3.1,3.42,3.39,5.26,5.88,6.13,4.77,4.34,4.55
"chr11",809965,812880,2916,"+","ENSG00000177600","ENST00000321153","RPLP2",17.16,17.41,17.12,5.8,6.6,4.67,6.14,4.53,6.02,3.79,4.4,6.55,5.09,4.62,5.76,5.07,5.89,4.84,5.07,4.59,6.5,6.7,6.76,6.24,6.95,6.1,6.33,6.19,3.19,4.96,4.49,3.71,3.86,4.29,5.17,4.55,3.9,4.02,4.15,3.39,3.79,2.29,2.79,4.01,3.81,3.38,4.22,3.94,4.02,3.82,4.09,17.49,17.71,17.51,5.5,5.09,6.37,4.66,5.23,6.39,5.1,4.24,5.7,5.17,3.8,7.28,3.71,5.8,3.14,6.65,5.29,6.9,4.24,4.27,5.6,4.96,4.9,4.27,4.49,4.48,4.13,4.35,5.44,4.73,4.17,6.18,6.79,3.74,2.55,4.03,6.68,7.41,3.68,1.35,5.41,3.63,5.19,5.77,6.73,5.38,5.59,4.25,3.66,3.79,4.05,2.85,4.06,3.75,3.15,4.66,2.57,3.69,4.55,4.97,4.39,2.09,4.14,4.18,4.14,3.94,3.88
"chr17",81035122,81117432,82311,"+","ENSG00000175866","ENST00000321280","BAIAP2",8.39,7.98,7.83,5.08,4.8,5.29,5.08,5.9,5.07,5.63,5.58,4.59,5.51,5.45,4.94,5.21,5.02,5.21,4.56,6.05,5.06,4.72,4.83,4.29,4.93,5.54,5.3,5.22,4.99,4.83,5.4,4.38,4.86,5.16,5,5.38,5.25,4.84,5.03,4.22,5.12,5.42,5.04,5.5,5,5.08,5.93,5.2,5.43,5.32,5.2,7.49,6.85,8.25,4.99,5.45,5.18,4.92,4.51,5.24,5.62,5.58,5.36,5.9,5.76,4.67,5.64,4.99,6.41,4.57,4.47,4.87,5.25,5.29,4.71,5.58,4.93,5.76,5.05,5.31,5.77,5.27,5.22,5.63,6.01,5.01,4.94,4.67,4.44,5.17,4.89,4.84,5,5.32,5.28,6,5.53,5.22,4.78,4.44,4.65,4.7,5.23,5.23,5.24,4.71,4.92,4.32,4.9,5.86,5.19,4.99,4.86,4.98,5.51,5.55,5.86,5.77,5.44,5.13,5.06
"chr11",837356,842529,5174,"-","ENSG00000177700","ENST00000322028","POLR2L",12.74,13.64,13.73,9.95,9.65,9.42,9.71,10.08,9.89,10.09,10.45,8.8,10.38,10.1,9.24,10.02,9.47,9.44,8.8,9.93,9.5,8.81,8.43,9.22,8.4,9.89,9.82,9.89,10.3,9.71,7.93,8.29,7.87,7.55,7,7.59,8.57,8.17,8.24,7.44,7.71,7.9,8.11,8.67,8.26,8.01,6.6,7.83,8.37,8.15,7.93,12.55,13.48,13.43,10,9.67,9.8,9.19,9.64,9.46,10.06,9.99,10.07,9.69,9.72,8.63,9.98,9.94,10.81,8.84,9.56,10.48,9.93,9.66,9.75,10.06,9.75,9.99,10.04,10.01,10.75,9.35,9.51,9.77,10.2,9.45,9.21,9.59,9.28,9.73,8.44,8.81,9.8,9.59,9.05,10.06,10.29,9.68,9.59,9.26,9.85,10.07,10.19,10.74,8.49,7.49,7.79,7.74,8.46,8.23,7.84,8.75,8.26,7.81,8.22,8.54,7.69,6.99,8.26,8.11,8.05
"chr17",80991598,81009517,17920,"+","ENSG00000176108","ENST00000325167","CHMP6",9.71,9.24,9.05,6.63,6.07,6.03,5.97,6.22,6.95,6.58,6.97,5.75,6.92,6.89,6.59,6.03,6.6,6.43,6.17,6.71,6.77,5.99,5.27,6.25,5.45,6.33,6.63,5.91,6.76,6.17,5.83,4.26,5.81,5.43,5.97,6.18,6.22,5.39,5.77,5.56,5.22,5.45,5.89,6.29,6.16,6.37,6.79,5.8,5.82,5.82,6.02,8.97,8.31,10.47,6.67,6.77,6.42,6.72,6.36,6.55,6.26,6,6.7,6.89,6.68,5.5,6.71,6.56,7.22,6,6.24,6.73,6.68,6.67,6.43,6.38,6.7,6.74,6.79,6.99,7.26,6.33,6.45,6.71,6.84,5.85,4.29,6.48,6.52,6.47,5.12,6.26,6.68,6.46,6.73,6.74,6.67,6.25,6.89,6.38,6.7,6.23,6.7,6.98,5.74,5.5,4.97,4.89,5.19,5.8,6.05,5.96,6.22,6.13,6.58,6.78,6.62,6.8,6.45,5.92,5.71
"chr22",39499432,39518132,18701,"+","ENSG00000100335","ENST00000325301","SMCR7L",10.12,9.52,10.02,6.51,6.89,6.55,6.87,6.5,6.98,6.47,6.66,6.61,6.59,6.48,6.54,6.74,6.69,6.72,6.71,6.6,7.01,6.82,6.92,6.87,6.87,6.07,6.88,6.67,6.55,6.75,6.48,6.56,6.94,7.23,6.83,7.03,6.47,6.56,6.65,6.72,6.4,6.94,6.56,6.41,6.76,6.62,5.26,5.58,5.42,5.79,6.02,10.1,10.24,8.77,6.88,6.71,6.48,6.65,6.56,7.04,6.59,7.06,6.55,6.81,6.68,6.82,6.84,6.8,6.69,6.55,7.13,6.28,6.42,6.58,6.91,6.77,6.71,6.88,6.91,7.13,7.51,6.94,6.69,6.98,6.82,7.13,6.88,6.38,6.38,6.17,6.86,6.97,6.67,6.64,6.48,7.12,6.43,6.92,6.9,6.92,6.38,6.76,6.97,6.58,6.53,6.85,6.92,6.88,6.82,6.96,6.71,6.29,7.07,7.35,7.12,7.21,5.91,5.29,6.15,5.85,6.44
"chr17",82101460,82212830,111371,"-","ENSG00000176155","ENST00000327026","CCDC57",6.17,7.36,6.61,3.44,4.76,3.87,4.84,3.98,4.94,3.44,3.9,3.76,4.19,4.17,4.48,4.08,4.08,3.38,4.34,4.35,4.36,4.24,4.73,4.54,4.09,4.53,4.16,4.51,4.32,4.08,3.66,4.43,2.63,2.51,2.41,3.26,1.77,2.83,2.46,1.63,1.54,3.29,5.02,2.43,4.55,2.87,5.9,5.04,4.96,4.93,4.85,6.13,6.81,8.79,4.36,4.46,3.18,4.73,4.14,4.64,3.7,3.66,4.26,3.85,4.47,4.75,4.09,4.13,4.26,3.8,4.66,3.53,4.37,4.37,3.77,4.02,4.19,3.53,3.2,4.66,4.17,3.9,3.95,4.34,4.57,4.28,4.51,4.32,3.51,4.3,4.29,5.17,4.13,3.81,4.42,4.3,3.58,3.96,4.29,4.17,3.88,4.17,4.16,3.4,3.73,2.46,4.04,2.29,2.2,3.47,1.93,4.39,3.56,2.1,5.35,4.31,5.55,5.77,4.95,4.81,4.94
"chr17",81683326,81703138,19813,"+","ENSG00000185359","ENST00000329138","HGS",12.44,11.96,12.12,7,6.89,6.75,7.48,7.54,6.78,7.56,7.95,6.67,7.62,7.78,7.42,7.62,6.91,7.14,6.98,7.68,7.53,6.61,6.36,6.62,6.76,7.2,6.78,7.2,7.42,7.23,8.11,6.95,7.51,7.93,7.33,7.96,8.39,7.83,7.8,7.04,7.1,8.2,8.3,8.24,7.95,7.92,7.94,8.15,8.3,8.53,8.1,12.21,11.48,10.62,7.27,7.52,7.1,7.38,7.25,6.92,7.71,8,7.29,8.08,7.93,6.38,7.91,7.57,7.95,6.59,7.35,6.91,7.43,7.25,6.62,7.33,7.35,7.02,7.13,8.41,7.93,7.7,7.34,8.17,7.59,7.15,6.71,7.14,7,7.77,6.74,6.81,7.07,7.21,7.6,7.52,7.77,7.15,7.1,6.82,7.24,7.62,7.93,8.15,7.78,7.11,7.45,7.02,8.04,8.45,7.67,8.33,7.68,7.6,7.79,7.91,8.39,7.95,8.84,8.27,7.75
"chr17",82389210,82418637,29428,"-","ENSG00000181396","ENST00000329197","C17orf101",10.82,10.75,10.46,7,6.72,6.43,6.89,7.11,6.9,7.06,7.31,6.72,7.36,7.32,6.84,7.19,6.65,6.58,6.6,6.37,6.89,6.48,6.67,7.05,6.83,6.6,6.84,6.66,7.16,6.56,6.15,5.84,6.02,5.52,6.2,6.22,6.07,5.64,6.14,6.64,5.77,5.85,5.23,4.93,6.09,6.07,5.47,5.17,5.4,5.32,5.61,10.33,9.57,10.09,7.15,6.53,6.45,6.35,6.58,6.08,6.17,5.86,6.48,6.31,6.62,6.16,6.54,6.7,7.73,6.93,6.96,6.74,7.02,7.04,6.83,7.27,6.79,6.89,6.59,6.23,6.26,6.09,6.3,6.42,7.17,6.97,6.65,6.28,6.13,6.12,6.14,5.57,6.81,6.39,6.33,7.3,6.43,6.71,6.43,6.73,6.55,5.84,6.41,7.59,5.6,5.44,5.6,5.63,6.07,5.85,5.84,5.52,5.66,5.25,5.78,5.75,5.2,5.19,5.55,5.19,5.27
"chr17",81932384,81942412,10029,"-","ENSG00000183010","ENST00000329875","PYCR1",10.08,9.53,9.37,5.79,5.33,6.04,5.17,5.89,6.57,5.36,6.2,5.31,6.26,5.05,5.27,5.63,6.6,6.1,5.41,6.27,6.48,6.07,6.46,6.45,5.4,5.65,5.94,6.26,6.25,5.84,5.46,5.84,5.26,4.87,6.68,6.24,6.84,5.46,5.91,6.99,5.35,5.73,6.6,6.83,6.1,6.57,7.04,6.27,6.29,5.82,6.4,12.21,12.61,6.78,6.09,7.07,7.24,7.11,7.72,6.69,7.7,7.58,7.57,6.53,6.76,6.75,7.36,6.78,7.51,5.49,7.53,7.38,6.47,6.07,7.04,7.06,7.72,7.56,4.82,6.04,6.68,6.5,6.11,6.42,6.38,6.71,6.5,7.2,6.75,7.69,6.13,6.84,6.37,5.8,6.54,6.35,7.58,6.26,7.12,5.76,6.17,6.11,6.16,7.07,5.85,6.31,6.82,5.9,6.69,6.49,6.15,7.27,7.32,6.74,7.22,7.9,6.9,6.94,6.13,6.61,6.73
"chr11",787115,790113,2999,"-","ENSG00000184524","ENST00000330106","CEND1",8.12,7.56,7.93,4.67,1.07,4.78,2.83,4.56,5.92,4.47,2.23,2.58,4.22,4.78,3,4.41,4.29,4.1,3.8,5.59,5.53,5.75,3.41,6.05,5.56,4.35,4.34,3.43,4.02,1.49,5.36,5.28,5.24,4.92,5.97,5.13,5.24,5.18,5.47,5.58,4.7,6.23,5.39,3.94,6.26,6.23,7.35,6.6,6.6,5.78,5.68,7.76,11.11,9.38,4.21,5.54,5.96,4.95,4.71,3.78,5.31,5.69,5.19,5.45,5.09,5.71,4.19,5.98,4.47,4.61,5.35,2.77,4.92,4.19,5.83,5.27,5.83,5.54,3.78,2.98,4.66,4.81,4.95,2.96,4.18,6.26,5.91,3.56,4.97,5.29,6.1,6.64,4.23,4.8,4.63,4.52,5.49,4.39,5.03,4.24,3.38,4.74,4,4.88,4.9,4.19,6.05,5.13,5.31,6.15,5.7,6.03,7.2,6.47,6.47,6.32,6.58,6.99,6.12,6.28,5.92
"chr17",78356778,78360077,3300,"-","ENSG00000184557","ENST00000330871","SOCS3",8.7,11.67,7.57,8.55,4.55,7.03,5.85,4.7,8.33,6.75,5.13,5.91,5.01,4.31,6.87,7.6,6.25,6.18,5.76,4.93,4.18,8.97,5.36,6.03,4.3,10.78,7.61,9.92,6.03,6.31,4.43,3.7,3.13,4.18,4.08,5.15,4.92,5.95,4.01,3.46,4.76,7.47,6.81,7.69,5.08,5.59,5.24,5.73,4.69,4.79,4.35,8.34,7.48,5.94,7.31,6.03,5.02,4.1,3.79,4.37,4.64,6.01,4.71,4.05,4.18,4.8,3.76,4.83,4.24,5.13,4.3,4.72,5.3,4.19,4.61,8.77,5.66,5.31,6.96,6.58,4.64,5.39,5.05,4.07,5.62,5.54,5.04,4.58,4.75,4.58,5.85,5.77,4.83,3.6,9.75,6,5.54,7.21,5.42,6.13,7.06,5.19,5.35,6.87,4.3,3.47,2.54,4.62,3.81,4.86,4.73,5.46,5.34,4.19,5.04,4.96,5.11,5.2,4.68,4.58,4.54
"chr17",81650459,81663112,12654,"-","ENSG00000185527","ENST00000331056","PDE6G",2.56,3.63,4.19,2.17,2.35,2.68,2.98,2.14,3.5,2.58,2.91,2.51,2.85,2.17,2.54,2.07,1.81,2.17,1.72,3.47,2.1,3.61,3.88,3.97,3.2,2.77,2.2,2.07,1.2,2.54,3.51,2.83,3.36,3.62,3.95,3.2,3.38,3.42,2.96,2.94,3.19,3.94,3.73,4.01,3.61,3.25,6.63,5.49,5.29,5.1,4.99,2.77,4.88,3.14,2.17,3.05,2.04,2.04,2.79,2.38,2.63,3.02,2.29,2.49,2.83,3.28,2.38,2.46,2.38,2.29,2.83,2.46,2.7,1.77,2.49,2.85,2.56,2.43,2.46,2.49,3.09,2.29,1.63,2.68,3.29,3.94,3.55,1.54,2.2,3.28,3.49,3.7,2,2.04,2.63,1.14,2.87,3.15,2.66,1.96,1.85,2.85,3.07,3.07,3.04,2.2,3.51,3.46,3.25,4.15,2.81,3.39,4.1,3.87,3.91,4.07,6.04,5.73,5.46,5.14,5.03
"chr17",81556887,81648465,91579,"-","ENSG00000182446","ENST00000331134","NPLOC4",9.51,9.85,9.39,7.73,7.34,7.07,7.65,7.77,7.94,7.63,8.13,7.08,8.12,7.96,7.41,7.68,7.92,7.89,7.61,7.79,7.77,7.24,7.04,7.42,7.32,7.94,7.87,7.94,8.12,7.88,7.5,7.04,7.1,7.42,7.33,7,7.43,7.03,7.06,6.14,6.91,7.48,7.98,7.87,7.76,7.43,7.18,7.35,7.97,7.61,7.39,10,9.15,9.31,7.74,8.04,7.99,7.74,7.91,7.85,7.85,8.34,8,8.02,8.15,7.67,7.89,8.29,8.05,7.37,7.64,7.71,7.98,7.69,7.73,8.15,7.92,7.96,7.69,8.37,8.07,8.1,7.86,8.29,7.85,7.39,7.58,7.82,7.53,7.37,7.59,8.02,7.98,7.71,7.86,7.82,8.16,7.67,8.03,7.64,7.83,8.23,8.13,8.58,7.34,6.43,6.64,6.73,6.86,7.44,6.95,7.68,7.46,7.61,7.2,7.3,7.55,7.65,7.9,7.61,7.71
"chr11",2268495,2270952,2458,"-","ENSG00000183734","ENST00000331289","ASCL2",7.43,6.87,7.76,2.8,3.77,2.32,0.58,0.26,1.94,2.38,3.36,3,3.53,4.1,3.54,3.79,0.43,1.32,3.92,1.63,1.94,0.81,-0.15,0.63,1.07,0.85,2.47,3.12,2.67,1.32,-1,-1,-1.74,-1.32,-0.51,-1.74,-0.51,-1.32,2,-3.32,-1.32,-0.74,2.26,-2.32,-1,-2.32,3.46,3.36,3.42,3.45,3.5,6.74,6.22,7.89,2.97,3.89,2.95,2.91,2.38,2.87,2.8,1.1,1.35,2.94,1.66,1.81,2.71,0.63,2.6,0.32,2,2.14,0.63,2.72,0.43,0.77,1.17,2.45,2.41,3.19,0,1.43,1.23,1.29,0.77,0,0.07,2.12,0.26,2.7,1,3.49,2.7,3.42,1.23,2.54,3.3,3.05,2.32,-1.15,0.77,0.38,3.17,3.35,-0.51,-1,-1,2.2,1.77,2.1,0.14,-1.32,0,1.54,-2.32,0.38,3.49,3.54,3.36,3.41,3.41
"chr17",81712236,81721016,8781,"+","ENSG00000183048","ENST00000331531","SLC25A10",5.78,2.51,3.14,3.29,4.29,3.8,4.15,4.76,4.1,4.3,4.34,3.43,4.51,4.12,3.74,4.64,3.88,2.72,5,5.44,3.38,0.85,4.36,3.99,3.25,1.63,3.84,4.98,4.18,3.39,4.21,4.52,2.32,4.87,5.01,4.94,4.56,4.69,3.15,4.94,3.55,5.05,3.47,3.68,2.26,4.04,5.75,5.27,5.22,5.37,5.35,4.8,2.68,3.14,1.85,4.23,4.41,4.14,4.85,4.47,3.6,4.36,2.7,1.96,2.94,2.17,4.9,4.24,4.5,2.32,4.3,4.12,1.07,4.02,4.09,4.58,1.72,2.96,1.32,2.23,4.22,2.81,2.54,4.44,4.78,2.23,4.43,4.38,4.77,4.69,0.93,2.07,0.58,4.1,2.58,2.87,4.34,1.68,3.8,4.26,3.66,4.18,4.35,4.61,4.89,3.07,3.17,3.63,4.03,4.4,4.66,3.05,3.98,4.83,4.56,4.86,5.35,5.91,5.34,5.27,5.29
"chr11",392614,404908,12295,"+","ENSG00000184363","ENST00000331563","PKP3",9.19,7.85,7.04,3.96,4.33,3.99,4.69,4.08,3.31,4,4.2,4.04,4.4,4.23,4.13,3.59,4.3,4.99,4.03,3.77,4.49,4.89,5.11,4.89,4.84,4.07,4.45,4.47,3.81,3.84,4.55,4.41,4.47,4.44,5.63,5.14,4.33,4.85,4.78,5.34,3.93,6.02,4.87,5.43,6.02,5.22,6.58,5.57,5.41,5.34,5.65,5.19,5.24,7.97,4.01,2.93,3.26,4.26,4.88,4.86,4.63,5.33,4.16,4.3,4.69,5.85,4.98,4.33,4.42,4.16,4.28,4.07,4.13,3.72,3.75,3.99,3.04,3.96,3.82,3.31,4.65,3.94,4.15,3.77,4.34,4.86,5.1,3.16,3.8,4.66,5,5.27,4.47,3.14,3.61,3.52,5.25,4.33,4.37,3.37,4.27,4.66,4.74,4.46,4.49,3.6,4.69,4.34,4.89,4.94,5.48,5.16,5.3,5.71,5.12,5.26,6.13,5.97,5.4,5.12,5.14
"chr22",38818452,38844028,25577,"-","ENSG00000221890","ENST00000333039","NPTXR",8.11,6.96,7.11,4.49,5.07,4.56,4.85,4.64,5.04,4.81,5.57,4.85,5.4,5,4.73,4.38,5.15,5.15,5.01,5.69,5.52,4.6,4.91,5.42,4.47,4.53,4.83,4.97,4.67,5.26,5.1,4.01,4.06,3.6,3.57,2.94,4.54,4.77,4.9,4.59,3.84,5.96,5.43,4.88,5.67,5.16,6.19,5.47,5.33,5.09,5.19,7.63,6.49,8.24,4.9,5.52,5.68,5.27,5.49,4.18,5.41,5.6,5.91,5.47,5.85,5.22,4.26,5.15,5.59,3.61,4.52,5.29,4.68,5.11,5.51,5.23,5.48,5.12,5.95,5.66,6.32,4.41,4.76,4.77,5.71,4.98,4.8,5.33,5.05,5.29,5.21,5.19,3.42,4.17,5.51,5.74,5.44,5.19,5.37,4.01,5.07,5.92,6.58,6.19,5.27,4.1,4.33,4.44,5.09,5.25,5.48,4.95,4.86,5.16,5.77,5.21,5.8,5.89,5.42,5.32,5.47
"chr17",81703367,81707517,4151,"+","ENSG00000262814","ENST00000333676","MRPL12",9.49,8.6,10.56,6.22,6.23,5.46,5.96,6.06,6.43,6.5,6.51,5.2,6.61,6.23,5.92,5.7,6.5,6.05,5.99,6.01,5.75,5.32,5.64,6.11,4.66,6.1,6.38,6.07,6.46,6.02,5.98,5.63,5.49,4.95,5.63,6.47,5.91,5.73,6.14,5.58,5,6.08,6.5,6.57,6.39,6.26,5.89,5.76,6.21,6.03,6.7,9.58,10.09,8.81,6.28,6.74,6.67,6.36,6.76,6.12,6.62,6.62,6.88,6.32,6.64,5.52,6.44,6.62,7.07,5.12,6.15,7.11,6.65,6.46,6.81,6.76,6.76,6.64,6.28,6.13,6.99,6.16,6.01,6.23,6.89,5.9,5.98,6.22,6.63,7.05,5.14,5.54,6.38,6.18,5.87,6.84,6.61,6.28,6.4,6,6.34,6.09,6.67,6.84,6.59,5.55,6.14,5.92,6.27,6.49,5.78,6.86,6.49,6.53,7.13,7.24,5.96,5.92,5.84,6.44,6.39
"chr22",40044817,40335808,290992,"+","ENSG00000100354","ENST00000335727","TNRC6B",9.44,10.21,10.83,6.35,7.31,7.03,7.3,6.3,7.12,6.84,5.72,6.58,6.17,6.64,6.83,7.52,6.93,6.69,6.9,6.33,7.44,6.98,6.94,6.59,7.1,6.93,7.51,7.49,6.03,7,5.97,6.22,6.73,6.6,6.08,5.96,6.06,6.54,5.98,6.19,6.58,7.16,7.12,7.56,7.19,7.3,6.51,5.8,5.21,5.63,5.89,10.01,10.99,11.15,7.46,7.58,6.87,6.79,6.96,7.36,6.53,7.63,6.73,6.71,6.27,7.04,6.26,6.48,6.19,6.62,7.74,6.43,6.12,6.64,6.98,6.93,6.91,6.92,6.84,7.28,7.29,7.27,6.83,7.36,6.51,6.96,6.71,6.19,6.39,6,7,6.26,6.37,6.33,7.35,7.17,6.19,7.36,7.4,8.05,6.71,6.82,6.67,6.23,6.14,6.3,7.19,6.25,6.4,5.92,6.18,6.79,7.28,7.24,7.3,7.3,6.28,6.33,5.73,6.06,5.72
"chr22",39519695,39522685,2991,"+","ENSG00000128272","ENST00000337304","ATF4",14.96,15.67,15.44,11.66,11.51,11.69,11.45,11.77,12.02,11.65,11.97,11.26,11.97,11.72,11.47,11.43,11.3,11.53,11.22,11.61,11.54,10.93,10.33,11.26,11.14,11.75,11.59,11.69,11.75,11.62,10.35,10.15,10.18,10.27,9.9,9.61,10.63,10.34,10.26,9.35,9.52,10.41,10.43,10.87,10.1,10.27,9.12,10.08,9.33,10.2,9.74,15.08,15.25,12.63,11.47,11.51,11.67,11.32,11.79,11.67,11.39,11.33,11.45,11.67,11.67,11.16,11.02,11.66,11.54,11.39,11.29,10.72,11.55,11.36,11.61,11.77,11.83,11.69,11.1,11.27,11.35,11.49,11.65,11.48,11.91,10.87,11.15,11.82,11.71,11.45,11.41,11.18,11.68,11.69,11.77,11.61,11.31,11.5,11.76,10.96,11.66,11.57,11.6,11.43,10.09,10.43,10.22,9.92,10.01,10.3,10.26,10.34,10.63,10.36,10.58,10.67,9.91,9.87,9.73,10.04,10.36
"chr17",79022814,79049788,26975,"+","ENSG00000173918","ENST00000339142","C1QTNF1",8.06,7.14,6.42,5.86,5.33,5.78,6.25,5.88,5.78,5.85,6.13,5.2,5.58,5.78,5.06,5.98,4.81,6.52,5.09,6.53,5.46,5.77,6.26,6.17,5.38,6.02,5.81,5.85,5.38,5.36,7.23,6.64,6.59,6.9,6.45,6.75,6.94,6.49,6.66,5.31,6,7.01,6.4,6.8,6.72,6.92,6.98,7.56,6.44,7.06,6.57,6.16,4.49,6.05,5.67,5.16,5.3,4.7,5.39,5.22,5.69,5.69,5.44,5.69,5.61,5.28,5.77,4.5,5.4,5.19,5.54,4.77,5.75,5.38,4.99,6.23,5.11,5.82,4.99,5.2,4.73,5.86,5.72,5.9,5.41,6.13,5.89,5.61,5.03,6.01,5.47,6.46,5.61,4.93,5.4,4.46,5.77,5.52,4.21,4.36,5.22,5.14,5.14,5.7,6.76,6.58,6.21,6.27,6.78,7.06,3.34,5.87,6.69,6.4,7.26,7.4,6.81,6.76,6.72,6.14,6.55
"chr22",37805093,37807436,2344,"+","ENSG00000189060","ENST00000340857","H1F0",11.31,2.51,10.87,9.6,9.81,8.92,8.73,9.32,9.67,9.6,10.31,10.65,10.48,10.29,10.04,9.66,9.39,8.49,10.47,10.03,9.79,9.36,8.24,9.42,9.6,9.62,9.31,9.5,8.44,9.72,8.51,8.27,9.26,8.74,8.93,8.63,8.38,8.68,9.09,7.71,8.75,8.62,8.23,7.54,8.45,9.06,7.38,8.51,9.4,8.22,8.66,10.67,11.88,3.14,9.2,9.05,9.35,9.62,9.67,8.86,9.16,8.73,8.68,9.28,9.44,8.91,9.28,9.31,10.37,10.35,9.09,9.82,10.02,9.68,9.47,7.58,6.89,7.82,9.15,10.35,9.33,8.49,9.34,9.1,9.87,9.05,9.96,9.5,9,9.12,8.23,8.99,9.86,9.7,9.53,9.94,8.68,9.53,9.13,8.52,9.22,9.45,10.07,9.62,8.66,8.19,7.35,7.81,8.09,7.88,7.93,8.42,8.26,7.84,8.72,8.55,9.14,7.09,8.71,8.06,8.13
"chr22",39457012,39492194,35183,"+","ENSG00000128268","ENST00000341184","MGAT3",9.04,6.52,8.9,4.17,4.59,4.51,4.54,4.67,4.99,4.36,4.14,4.28,4.17,4.5,3.94,3.29,4.3,3.75,4.1,5.48,4.8,4.5,4.46,4.25,4.25,4.73,4.51,4.82,4.69,4.56,4.27,4.38,3.96,4.24,4.39,4.67,4.84,4.3,3.77,3.54,3.85,4.04,3.93,4.74,4.94,5.37,6.11,5.42,5.36,4.97,5.06,10.38,8.86,5.17,4.07,4.53,4.77,5.49,5.36,5.69,4.84,5.39,5.03,5.25,5.18,4.86,5.14,4.99,4.85,4.1,4.69,4.86,4.4,4.34,5.64,4.4,4.79,4.88,4.55,4.54,5.02,4.85,4.67,4.18,5.79,5.05,4.87,4.93,5.09,5.45,4.46,5.3,4.89,4.75,4.95,5.27,5.6,4.51,5.99,4.97,4.8,5.2,5.89,5.28,4.36,4.79,4.31,4.81,4.09,5.45,4.51,5.61,5.47,5.11,5.3,5.07,5.89,5.91,5.17,5.12,5.22
"chr17",80169992,80209331,39340,"+","ENSG00000141527","ENST00000344227","CARD14",4.16,5.44,5.14,2.58,2.14,2.47,2.73,2.22,3.71,2.83,2.36,2.75,2.4,2.47,2.54,2.73,2.54,3.29,2.33,3.32,2.24,3.77,3.46,3.43,3.13,2.36,3.38,3.97,1.32,3,3,1.91,3.66,2.54,3.01,2.69,1.85,2.12,1.54,3.56,3.22,4.78,3.84,3.7,5.25,3.57,5.77,4.87,5.13,4.93,4.75,4.75,4.74,4.87,1.74,2.87,2.53,2.06,2.87,3.16,2.4,2.83,2.47,2.36,2.64,3.98,2.78,2.45,2.92,2.79,2.05,2.23,1.77,2.35,2.15,2.64,2.87,2.42,1.87,2.24,3.55,2.85,1.3,2.27,3.16,3.9,3,2.16,3.07,3.01,3.5,3.39,2.77,1.99,2.41,2.74,3.52,2.83,2.42,2.26,1.31,3.73,4.8,3.65,2.34,0.93,1.54,4.26,2.12,3.14,2.26,2.62,4.67,4.39,4.7,4.88,5.49,5.87,4.95,4.89,4.83
"chr22",37697048,37776556,79509,"+","ENSG00000100106","ENST00000344404","TRIOBP",10.96,9.97,9.66,8.19,8.4,7.87,8.18,8.38,8.45,8.22,8.46,8.35,8.81,8.67,8.16,8.32,7.91,8.13,7.9,8.05,8.25,8.15,8.34,8.46,7.95,8.08,8.59,8.37,8.32,8.13,8.6,8.8,8.75,7.91,8.62,8.98,9.13,7.98,8.97,8.39,8.69,8.79,8.77,8.77,8.67,8.62,8.67,9.13,8.41,8.87,9.25,10.59,9.47,10.85,8.65,8.17,8.15,8.48,9.04,8.42,8.23,8.58,8.5,8.27,8.21,8.42,8.06,8.24,8.77,8.45,8.72,7.62,7.79,8.31,8.11,8.74,8.69,8.45,7.6,8.59,8.63,7.98,8.17,8.49,8.26,7.96,7.82,8.25,8.4,8.22,7.67,8.58,8.11,8.3,8.18,8.17,8.45,8.69,8.62,7.9,7.71,8.04,8.17,8.69,8.69,8.74,8.12,8.53,8.54,8.39,8.37,9.06,8.94,8.79,9.24,9.49,8.9,8.96,9.05,8.86,9.2
"chr22",37469063,37486401,17339,"-","ENSG00000100060","ENST00000356998","MFNG",10.66,9.54,10.03,5.07,5.14,5.26,5.44,5.87,5.37,5.73,6.04,4.54,5.42,5.71,5.58,5.93,5.14,5.05,5.11,5.8,5.51,5.24,5.08,5.62,5.46,5.16,4.79,5.73,5.54,5.52,5.58,4.89,5.05,5.37,5.69,5.55,4.76,5.19,5.08,4.14,4.94,5.17,5.26,5.1,5.93,5.75,5.52,5.09,4.92,4.94,4.72,9.91,9.81,10.2,4.97,4.52,4.88,4.72,4.92,4.72,5.07,4.66,4.42,4.79,4.61,5.2,5.53,5.35,5.03,5.56,5.27,5.55,5.69,5.33,4.75,5.39,4.2,5.53,4.75,5.03,4.23,5.58,5.42,5.89,4.7,5.23,5.38,4.55,4.74,4.83,5.34,5.88,4.96,5.26,5.35,4.96,5.15,5.41,4.82,4.99,5.02,5.5,4.88,5.8,4.69,4.93,4.91,5.28,5.12,5.48,4.61,5.28,5.63,5.2,5.15,5.84,5.07,5.32,4.92,4.81,4.76
"chr17",81918270,81927735,9466,"-","ENSG00000197063","ENST00000357736","MAFG",11.63,12.57,11.91,6.54,6.64,6.35,6.66,6.75,6.84,6.86,6.43,6.33,6.84,6.57,6.41,6.76,6.17,6.79,6.19,6.94,6.5,5.89,5.98,6.37,5.71,6.37,6.68,6.2,6.84,6.62,5.8,5.7,5.7,5.89,6.61,6,5.98,5.78,6.15,4.81,5.64,6.4,5.76,6.61,6.41,6.18,6.24,6.08,6.46,6.14,5.79,11.91,12.38,12.99,6.95,6.5,6.54,6.75,6.82,6.85,6.18,7.09,6.49,6.81,6.44,6.27,6.6,6.34,6.68,6.62,6.45,6.28,6.52,6.92,6.6,7.31,7.07,7.02,6.31,6.94,6.8,6.98,6.8,6.97,6.54,6.65,6.16,6.23,6.37,6.31,6.42,6.53,6.71,6.85,6.77,6.67,6.32,6.7,7.42,6.57,6.24,6.95,6.58,6.74,6.37,5.98,6.19,5.75,6.19,6.8,6.72,6.06,6.16,6.88,6.66,6.57,6.18,6.26,6.48,6.25,6.22
"chr12",66347431,67069162,721732,"-","ENSG00000155974","ENST00000359742","GRIP1",2.74,6.38,3.51,0,3.74,3.92,3.34,2.6,3.13,3.7,2.85,3.6,3.12,3.22,3.89,3.73,2.72,3.54,3.45,3.08,3.24,4.3,4.68,3.9,3.69,3.74,4.16,3.99,2.14,3.11,0.58,-0.51,-0.32,0.49,1.38,1.43,0.49,0.77,0.14,0.77,-0.51,2.68,1,1.68,0.14,1.32,4.49,3.98,3.91,3.8,3.74,5.21,5.29,6.42,2.86,3.48,3.41,4.09,4.64,3.46,4.03,3.6,4.1,3.74,3.71,4.51,3.94,3.72,3.63,3.15,4.49,3.53,4.06,2.62,2.67,3.76,4.49,2.97,6.4,3.98,5.12,2.8,2.94,3.16,3.61,4.18,5.18,4.22,4.63,4.11,4.42,2.2,4,3.41,4.25,2.68,3.15,3.19,3.5,4.52,1.07,2.36,3.69,0.49,0.49,1.43,0.58,0,3.1,1.14,0.14,0,1.38,2,1.68,1.68,4.36,4.23,3.91,3.79,3.68
"chr17",78674048,78782297,108250,"-","ENSG00000108669","ENST00000361101","CYTH1",11.42,11.63,11.29,6.07,5.69,5.75,5.84,5.97,6.31,5.54,6.06,5.62,5.39,5.5,5.83,5.84,6.06,6.13,6.13,5.94,5.5,5.72,5.23,5.88,5.66,6.31,5.52,5.86,5.65,5.82,5.22,4.98,5.35,4.67,5.09,5.15,5.15,5.58,5.33,4.88,4.95,6.13,6.29,6.19,5.32,5.86,5.99,5.73,4.95,5.49,5.15,11.13,10.94,3.14,5.75,5.92,5.65,5.54,4.86,5.43,5.62,5.45,5.73,5.33,5.24,5.5,5.35,5.59,5.09,5.98,5.28,5.09,6.04,5.86,5.71,6.09,5.17,5.57,5.48,5.29,5.79,5.85,5.84,5.68,5.28,5.21,5.13,4.81,5.45,5.7,5.83,6.27,5.99,5.79,5.86,5.4,5.81,5.47,5.57,5.28,5.83,5.95,5.72,6.08,4.78,5.21,4.39,3.34,5.14,4.67,4.07,4.84,5.33,4.92,5.38,5.42,5.45,5.64,5.49,5.22,5.09
"chr22",39014257,39020352,6096,"+","ENSG00000244509","ENST00000361441","APOBEC3C",9.59,10.27,10.26,7.36,5.84,6.88,6.45,6.93,6.38,7.06,8.43,6.42,8.13,7.55,7.15,7.72,7.34,7.82,6.33,7.08,7.61,6.7,7.57,7.16,6.49,6.78,6.66,6.89,7.39,6.7,6.1,4.64,5.2,5.98,5.87,6.04,6.34,5.39,6.17,5.43,5.26,6.51,7.48,7.06,6.76,6.82,6.84,6.64,6.42,6.7,6.89,9.61,9.4,8.58,7.03,7.2,7.19,7.76,6.69,6.66,8.73,7.87,8.11,7.76,7.66,6.68,7.52,7.81,8.37,6.8,7.32,6.02,7.91,8.14,7.18,7.41,6.76,8.14,7.14,7.27,7.64,7.39,7.18,6.98,7.64,7.87,7.14,7.38,7.64,7.95,6.76,7.12,6.73,6.59,6.44,8.01,8.48,7.08,6.92,6.39,7.29,7.81,9,8.01,6.13,6.18,5.33,5.56,5.73,6.41,6.61,7.36,6.55,6.9,7.24,7.45,6.5,6.87,6.31,6.38,6.74
"chr22",38219291,38273010,53720,"-","ENSG00000198792","ENST00000361684","TMEM184B",14.18,13.99,13.53,7.43,7.41,7.49,7.81,7.96,7.83,7.14,7.27,7.39,7.5,7.5,7.18,6.84,7.09,7.74,7.21,7.94,7.51,7.26,7.42,8.06,7.64,7.6,7.44,7.23,7.64,6.73,6.93,6.55,6.54,6.62,7.23,6.75,7.6,6.26,6.83,6.94,6.74,7.31,7.66,7.3,6.87,6.98,7.16,7.92,6.89,7.67,8.08,14.03,13.37,14.07,7.51,7.47,7.38,7.2,7.23,7.68,6.96,7.23,7.68,7.5,7.11,7.8,7.2,7.31,7.7,7.32,7.26,7.12,7.34,7.43,6.36,7.28,7.53,7.25,7.09,7.48,5.91,7.44,7.49,7.44,6.53,7.48,6.98,7.58,5.99,7.41,7.61,7.95,6.92,7.33,7.42,7.09,7.6,7.79,6.58,7.15,6.48,7.65,7.1,7.8,7.23,6.8,6.85,5.65,6.82,6.87,5.78,7.05,6.92,7.09,6.83,7.19,7.2,7.23,7.74,7.7,7.71
"chr17",81117295,81166221,48927,"-","ENSG00000181409","ENST00000374792","AATK",6.32,6.69,6.02,5.63,5.95,5.88,5.33,5.96,7.01,6.38,5.88,5.19,5.66,5.24,5.74,5.72,5.62,5.57,5.63,5.67,5.76,5.65,5.76,5.94,5.46,4.41,5.87,6.39,6.27,5.14,6.04,5.06,5.93,6.24,6.17,5.95,5.89,6.2,5.37,4.1,4.67,6.21,6.67,6.33,6.52,5.8,6.06,5.54,5.71,5.46,5.26,6.43,4.11,7.11,5.75,5.38,5.25,4.04,5.94,5,5.8,5.64,5.61,5.4,5.82,5.58,5.57,4.36,5.58,6.04,5.46,5.99,4.83,5.48,5.2,6.12,4.82,5.55,5.86,3.67,6.8,5.55,5.37,5.9,5.03,5.68,5.94,5.26,5.32,5.77,5.75,6.21,5.18,5.29,5.41,4.79,5.69,5.63,6.3,5.46,4.81,5.9,5.77,5.54,5.74,5.58,5.56,3.15,5.75,6.37,3.5,6.17,5.5,6.05,5.61,4.05,5.75,6.22,5.58,5.35,5.5
"chr11",2295645,2303049,7405,"-","ENSG00000110665","ENST00000381153","C11orf21",3.92,2.51,2.56,4.36,4.37,4.13,3.69,3.52,5,4.63,4.51,4.49,4.49,4.4,4.61,4.18,4.57,3.5,4.27,2.85,4.39,5.04,5.15,4.66,4.69,4.96,4.69,4.54,3.94,4.71,5.65,5.1,5.3,5.28,5.7,5.37,5.22,5.33,5.28,4.38,4.31,5.1,4.71,5.43,5.31,5.56,4.55,4.26,4.54,4.31,4.31,5.15,2.73,4.48,4.3,3.89,4.6,3.55,4.26,4.12,3.28,3.06,2.57,3.05,4.46,5.48,4.34,4.18,4.13,3.91,3.27,2.39,4.58,3.21,4.19,4.56,2.43,4.46,4.61,4.44,4.5,4.47,3.96,4.39,4.53,5.29,4.84,2.74,3.94,4.4,5.09,5.57,4.72,3.8,4.44,4.36,3.76,4.36,3.9,3.66,4,4.5,4.39,3.99,5.79,5.24,5.71,4.82,5.78,5.61,5.23,4.1,5.92,5.79,5.65,5.47,4.87,4.53,4.47,4.18,4.19
"chr11",1947278,1984522,37245,"+","ENSG00000214026","ENST00000381519","MRPL23",10.49,6.71,11.08,7.17,6.97,7.04,6.87,7.1,7.34,7.18,7.31,6.4,7.16,7.22,6.89,6.75,7.54,7.13,6.63,7.3,7.07,6.17,6.31,6.38,5.87,6.96,6.93,7.3,7.8,6.94,6.69,6.2,6.83,6.27,6.97,6.99,7.45,6.54,6.81,7.08,6.52,6.92,7.34,7.54,6.94,7.03,6.06,6.66,7.28,6.93,7.59,10.04,11.54,3.14,6.66,7.11,7.66,7.13,7.73,7.51,7.29,7.19,7.22,6.87,7.3,6.28,7.48,6.97,7.47,5.93,6.77,7.81,7.32,7.52,7.75,7.16,7.48,7.6,6.56,7.09,7.22,6.86,6.75,6.57,7.83,6.79,6.05,7.27,7.24,7.16,6.11,6.89,7.22,6.82,7.08,7.55,7.29,6.77,7.48,7.09,7.45,7.04,7.16,7.73,6.76,6.64,6.85,6.59,7.23,7.44,7.22,7.82,7.11,7.11,7.15,7.86,6.66,6.91,6.99,7.25,7.59
"chr11",1838981,1841680,2700,"+","ENSG00000130598","ENST00000381906","TNNI2",6.01,5.69,9.81,1.07,0.93,0.85,1.68,1,3.25,1.43,0.85,1.38,0.93,1.38,0.49,0.85,0.58,1,1.2,2.17,1.07,0.49,1.32,2.23,0.49,1.85,0.58,1.2,0.77,1.81,0.58,0.68,0.93,1.63,3.55,2.87,1.85,0.49,0.26,0.77,0.49,1.58,2.49,2.32,3.19,1.43,5.23,4.41,4.61,4.56,4.34,5.74,4.43,7.14,1.14,1.72,1.14,0.68,1.93,1.96,0.85,1.49,0.68,1.49,1,0.68,0.93,1,0.14,1.2,1.14,1.2,0.77,0.49,1.32,1.07,1,0.85,1.07,1.26,1.77,0.58,0.38,0.49,1.49,1.63,0.93,0.38,0.49,1.38,1,2,0.38,0.38,1.2,0.68,1.93,0.85,0.93,0.93,1.32,0.77,1,1.26,1.2,0.14,-0.15,1.32,0.58,1.58,0.38,1.72,1.38,2.38,1.54,1.85,4.94,5.07,4.49,4.47,4.52
"chr11",167784,207428,39645,"-","ENSG00000177951","ENST00000382762","BET1L",8.69,8.31,7.83,6.29,6.01,5.91,6.37,6.28,6.14,6.35,6.76,6.19,6.36,6.44,6.6,6.42,6.2,6.36,6.69,6.62,6.36,6.23,6.26,6.35,5.97,6.09,6.03,6.42,5.99,6.23,2.38,3.95,1.96,3.17,3.75,2.49,2.04,4.02,3.84,3.57,1.77,3.78,4.54,5.34,4.17,4.31,5.9,5.22,4.88,4.73,4.67,8.64,7.45,9.4,6.17,6.45,5.97,6.16,6.04,6.15,6.69,6.61,6.33,6.73,6.17,6.41,6.41,6.28,7.01,6.45,6.45,6.33,6.36,6.18,6.14,6.2,6.29,6.1,6.3,6.91,6.75,6.71,6.11,6.65,6.26,6.6,6.38,5.87,5.83,6.68,6.33,6.79,5.85,6,6.15,6.21,6.88,6.04,6.22,6.02,6.23,6.22,6.61,6.47,4.1,1.49,3.45,4.69,3.92,3.12,2.93,3.54,3.12,3.63,3.15,4.28,5.1,5.43,4.61,4.63,4.47
"chr17",78423697,78577394,153698,"-","ENSG00000187775","ENST00000389840","DNAH17",3.55,3.34,4.79,2.84,3.32,3.74,2.71,2.75,5.01,2.55,3.52,3.78,2.74,3.36,1.04,2.69,3.52,2.64,3.09,3.7,2.28,3.73,3.87,4.04,3.5,4.51,3.18,3.17,2.19,3.08,4.27,3.22,3.52,4.98,5.61,5.06,4.43,4.4,4.72,1.72,4.41,5.04,4.06,3.72,3.98,4.08,4.82,4.48,4.36,4.33,4.13,2.62,2.98,3.14,2.54,3.03,3.68,3.57,1.56,3.93,2.7,1.23,3.94,2.71,3.7,3.39,2.12,3.34,3.47,3.63,1.46,3.8,2.49,3.18,2.17,3.9,3.31,2.66,2.29,2.1,3.5,3.19,3.62,2.56,3.26,4,3.15,3.56,3.81,4.31,3.06,3.79,2.29,1.77,3.56,3.42,3.33,3.55,3.19,2.02,3.63,2.14,3.34,4.01,2,3.2,4.4,5.38,3.2,2.49,4.6,2.2,4.81,4.31,4.61,5.58,4.78,4.68,4.19,4.31,4.23
"chr17",82614562,82648553,33992,"-","ENSG00000141580","ENST00000392325","WDR45L",13.17,13.8,13.71,9.44,9.37,9.6,8.94,9.27,9.37,9.63,9.62,9.78,9.74,9.52,9.23,8.87,9.24,9.61,9.35,9.21,9.45,9.55,9.23,9.57,9.26,9.45,9.36,9.41,9.12,9.31,8.64,8.53,8.42,8.68,8.96,8.47,8.4,8.44,8.88,8.31,8.7,8.41,8.82,8.5,8.63,8.67,6.52,8.14,8.31,8.12,8.46,13.53,13.57,13.91,9.5,9.43,9.29,9.87,9.25,9.4,9.67,9.04,9.35,9.62,9.73,9.2,10,9.54,9.77,9.53,9.11,9.72,9.42,9.44,9.5,9.59,9.81,9.51,9.27,9.32,9.4,9.44,9.31,9.46,9.72,9.12,9.16,9.54,9.43,9.5,9.17,9.17,9.5,9.51,9.39,9.43,9.43,9.18,9.22,9.22,9.63,9.49,9.75,9.66,8.73,8.47,8.46,8.44,8.5,8.63,8.74,8.33,8.89,8.45,8.35,8.1,8.24,8.19,8.47,8.59,8.34
"chr17",78110458,78132407,21950,"-","ENSG00000141524","ENST00000392467","TMC6",6.31,7.45,6.46,5.32,5.65,5.37,5.52,6.01,5.45,5.72,5.88,4.86,5.29,5.66,5.55,5.53,5.57,5.8,5.19,5.32,5.83,4.7,5.23,6.09,5.35,5.63,5.42,5.81,5.33,5.23,4.52,4.52,3.92,4.82,3.8,5.18,5.22,5.04,4.46,5.01,5.11,6.24,5.64,6.16,6.15,5.96,6.25,5.39,5.31,5.3,4.91,5.97,5.44,7.53,5.43,4.89,4.85,4.58,5.11,5.68,5.43,5.04,5.41,4.8,4.65,4.78,5.36,5.34,5.03,4.86,5.03,5.15,5.57,5.1,5.01,5.61,4.55,5.43,4.71,5.29,5.16,5.25,5.09,5.39,5.4,4.97,5.06,4.5,5.02,5.23,5.55,5.97,5.31,4.83,5.69,4.62,5.46,5.4,5.34,4.91,4.33,5.04,5.51,6.25,5.13,4.82,4.15,4.08,4.53,4.93,4.21,6.2,6.11,5.99,5.99,5.59,5.45,5.65,5.44,5.21,5.01
"chr22",37970686,37987422,16737,"-","ENSG00000100146","ENST00000396884","SOX10",2.99,4,2.87,2.09,3.41,2.66,3.93,3.19,4.28,4.38,4.39,1.46,4.01,4.17,1.61,4.22,1.98,2.29,3.61,4.27,3.47,3.99,3.43,4.57,4.65,3.5,4.34,4.15,2.94,2.28,2.73,2.29,2.93,2.88,3.96,2.39,3.17,3.08,3.59,2.86,2.97,3.62,2.84,4.3,2.91,4.72,6.19,5.44,5.55,5.29,5.04,3.14,4.16,6.21,3.26,3.28,3.41,4.19,2.46,2.73,2.34,3.41,3.79,3.8,2.61,3.76,2.83,3.68,3.81,3.17,3.27,2.68,3.45,2.41,2.89,4.56,3.64,2.45,3.57,2.47,3.22,3.79,3.39,2.23,4.12,4.27,3.58,2.41,2.54,1.79,3.19,4.56,3.37,2.2,2.62,2.38,4.61,3.93,4.21,2.57,2.14,3.34,2.75,2.32,2.52,2.5,3.04,4.44,3.83,3.84,2.63,3.69,4.33,3.63,4.54,4.79,5.85,5.89,5.31,5.17,5.29
"chr11",2159779,2161341,1563,"-","ENSG00000254647","ENST00000397262","INS",5.21,7.04,5.14,-0.15,0.14,0.14,1,0.26,1.93,-0.51,0.93,-0.74,1,-0.74,0.77,0.93,1.2,0.26,-0.15,2.77,0.77,0.49,0.38,1.81,1.14,1.93,1.63,2,1.58,0.38,-0.32,0.14,1,0.14,1.07,1,1.07,0.68,0.38,-0.32,0.14,1.32,2.56,0,1,0.85,4.78,4.32,4.13,4.07,3.94,4.48,5.44,7.36,0,-0.51,2.41,-0.32,0.38,0.58,-0.32,0.26,0.68,0.38,0.14,1.54,0.49,1.07,0.26,-0.15,0.93,1,1.58,-1,-0.51,0.77,0.77,0.68,-0.15,0.68,-0.32,0.77,0.26,-0.15,0.77,1.63,1,0.77,0.68,0,1.49,1.2,0.85,0.68,0.14,-0.15,0.93,0,1.07,-1,-0.32,0.49,0.49,-0.51,0.14,0.68,0.14,1,1.2,1.32,0.77,1.93,1.38,1.54,1.26,1.49,4.48,4.65,4.15,4.15,4.19
"chr17",82239023,82273731,34709,"-","ENSG00000141551","ENST00000398519","CSNK1D",12.76,13.03,11.7,8.32,7.89,7.94,7.87,8.27,8.25,8.16,8.66,8.27,8.66,8.12,7.98,7.87,7.8,7.98,7.98,8.26,8.39,7.52,7.43,7.71,7.45,7.92,8.11,7.71,8.44,8.34,6.41,6.77,6.39,6.27,6.82,6.33,6.62,6.53,6.87,6.28,6.88,7.26,7.93,7.7,7.6,7.59,6.43,7.31,7.7,7.36,7.48,12.95,11.99,12.52,8.28,8.11,8.04,7.98,7.99,7.86,8.41,8.48,8.24,8.46,8.39,7.34,8.34,8.33,8.85,8.06,7.96,8.07,8.19,8.15,8.16,8.19,8.05,8.05,8.12,8.42,8.46,8.18,8.09,8.25,8.57,8.02,7.84,7.87,7.73,7.99,7.46,7.35,8.12,8.12,7.74,8.51,8.46,8.08,7.99,7.96,8.17,8.38,8.3,8.4,6.91,6.73,6.35,6.47,6.33,6.43,6.47,7.65,6.95,6.59,7.25,7.26,7.11,6.87,7.74,7.09,7.62
"chr22",38291918,38398522,106605,"-","ENSG00000283900","ENST00000400206","CSNK1E",14.19,12.06,14.46,5.69,5.7,5.43,5.91,6.29,6.02,6.32,5.88,4.91,5.53,6.2,5.82,6.2,5.72,6.35,6.06,5.8,4.99,4.87,5.35,5.12,5.91,6.65,5.45,6.87,5.58,5.89,2.35,3.96,3.09,2.54,3.29,2.89,3.28,2.58,3.32,2.91,3.52,4.43,4.4,4.07,3.88,4.03,7.16,6.65,6.22,6.11,6.36,13.71,13.57,9.44,6.03,5.63,5.69,5.69,5.75,5.06,6.09,6.38,5.75,6.13,6.24,5.1,5.94,5.91,6.22,5.2,6,4.83,5.8,5.82,5.33,5.96,6.45,5.76,5.45,6.16,5.4,6.06,5.87,6.06,5.31,5.39,3.41,6.18,6.47,5.87,5.02,6.17,6.06,6.3,7.11,5.32,6.28,5.69,5.19,5.38,5.3,5.74,6.18,6.82,2.54,2.32,3.15,2.89,3,3.77,3.43,5.11,3.67,3.45,3.19,4.63,6.89,6.89,6.5,6.41,6.29
"chr17",81867721,81871378,3658,"-","ENSG00000141522","ENST00000400721","ARHGDIA",9.39,10.09,9.82,7.54,7.5,6.88,7.36,7.56,7.74,7.6,8.39,6.74,7.83,7.32,7.11,7.07,7.18,7.84,6.98,7.86,7.78,6.85,6.74,7.58,6.78,7.6,7.43,7.18,7.29,7.31,7.46,6.46,6.92,7.07,6.74,7.85,8.51,6.78,7.86,6.5,6.8,8.03,8.22,8.29,8.22,8.01,7.55,8.38,7.43,7.51,7.4,8.82,8.95,9.94,7.37,7.25,7.54,7.46,7.59,7.41,7.88,8.05,7.23,7.43,7.53,7.18,7.29,7.21,8.32,7.23,7.2,6.82,7.91,7.11,7.31,7.83,7.57,7.71,6.79,7.94,7.57,7.63,7.27,7.72,7.66,7.8,7.21,7.31,7,7.75,6.87,7.05,7.05,6.91,7.65,7.49,7.61,7.41,7.56,6.47,7.21,7.5,7.24,8.06,6.95,6.39,7.02,6.72,7.19,7.86,7.09,8.42,8,7.64,7.51,7.64,7.87,8.02,7.56,7.3,7.54
"chr17",81804132,81814008,9877,"+","ENSG00000215644","ENST00000400723","GCGR",3.12,6.92,3.9,4.55,3.25,2.61,3.28,3.91,4.95,4.22,4.46,1.14,3.6,2.79,1.77,2.89,3,3.02,2,5.39,2.68,0.85,1.96,2.54,2.85,2.72,2.1,1.07,2.7,3.93,1.26,1.14,1.43,1.26,1.63,1.2,1.77,1.63,0.38,0.68,2.54,2.17,2.54,2.66,2.29,2.23,6.71,5.8,5.79,5.58,5.37,3.87,4.02,7.88,2.7,2.81,4.46,4.31,2.85,1.58,3.17,2.74,2.89,3.89,2,1.14,3.35,4.8,3.79,2.58,2.29,0.38,2.49,4.79,4.4,2.89,2.58,3.56,2.49,2.7,2.74,4.63,4.93,2.41,2.63,2,1.54,3.7,2.7,4.66,0.49,1,0.26,2.56,2.93,5.26,2.17,2.93,3.12,2.07,1.26,2.43,2.41,0.85,1.81,1.49,1.26,2.26,1.54,1.81,2.23,1.63,2.81,2.58,3.35,3.14,6.39,6.49,5.76,5.51,5.6
"chr22",38111495,38205690,94196,"-","ENSG00000184381","ENST00000402064","PLA2G6",8.13,8.04,9.28,5.79,6.2,6.26,6.32,6.42,6.5,6.61,6.75,6.17,6.2,6.85,6.89,6.22,6.18,6.38,6.6,6.79,6.61,6.57,6.43,6.39,6.36,6.14,5.94,6.57,5.97,5.99,6.68,5.56,6.4,6.58,6.73,6.67,6.21,6.13,6.26,6.12,6.32,6.84,6.59,6.44,6.65,6.87,7.37,6.32,6.53,6.43,6.36,7.53,8.82,9.67,6.05,5.96,6.33,6.67,6.67,6.34,6.48,6.16,6.25,6.9,6.84,6.72,7.23,6.43,6.46,5.94,6.38,5.48,6.46,6.17,5.98,6.45,6.24,5.75,6.07,6.6,6.85,6.25,6.33,6.58,6.52,6.81,6.38,6.4,6.62,6.53,6.34,7.44,6.24,6.23,6.86,6.2,6.8,6.22,6.5,5.84,5.89,6.26,6.69,5.96,6.19,5.89,6.57,6.65,6.03,6.47,6.5,6.29,7.53,6.92,7.26,7.29,7.24,6.95,6.5,6.22,6.31
"chr12",65824131,65966295,142165,"+","ENSG00000149948","ENST00000403681","HMGA2",2.88,2.85,2.71,2.26,2.42,2.23,3.06,2.88,4.58,3.15,2.6,3.05,2.33,3.04,2.53,3.07,3.19,2.25,2.91,3.67,3.29,3.96,3.97,4.17,3.44,3.39,3.36,2.99,2.2,2.96,4.61,4.25,5.61,4.97,5.09,5.02,4.26,4.42,4.16,4.58,4.33,5.62,4.46,3.54,3.69,4.55,4.5,4.02,4.29,4.02,4.38,2.67,2.57,4.96,2.39,3.11,2.67,2.37,2.77,2.98,3.26,3.72,3.04,3.22,2.69,4.15,3.04,2.83,2.34,1.69,2.88,7.46,2.69,2.68,2.82,2.89,3.14,2.69,7.25,7.38,6.3,2.08,1.98,2.64,3.59,4.51,4.09,2.96,2.32,3.48,3.68,4.54,2.72,1.87,3.48,4.33,3.9,2.52,4.02,1.96,2.6,2.73,2.96,3.06,5.22,3.54,5.49,5.17,4.5,5.33,5,4.16,4.63,5,5.06,5.36,9.25,4.43,4.29,4.41,4.01
"chr22",38056311,38075701,19391,"+","ENSG00000100151","ENST00000404072","PICK1",6.3,5.03,4.49,5.1,4.77,4.87,6.03,6.19,4.64,5.58,5.5,4.99,5.98,6.4,5.94,6.07,5.82,5.31,6.11,5.09,5.65,5.52,6.18,6.03,5.77,6.24,5.9,5.99,5.75,5.22,5.61,4.93,5.21,4.99,4.32,5.04,5.34,4.48,4.63,4.55,4.31,6.33,6.86,5.8,6.35,5.28,6.81,6.04,6.16,6.18,5.98,6.57,4.6,4.85,5.33,6.02,5.2,5.29,6.4,6.19,5.71,5.46,6.26,5.41,6.07,5.96,5.65,5.45,5.06,4.35,5.05,4.76,6.19,5.75,5.36,5.47,5.53,5.49,5.45,5.49,6,5.57,5.19,5.74,5.15,6.2,5.31,6.01,6.08,5.57,5.9,6.45,5.96,5.86,5.89,5.72,6.1,5.67,6.6,5.81,5.73,5.57,6.07,5.77,4.79,4.59,4.93,4.28,4.54,5.89,4.6,5.53,5.69,5,5.16,5.78,6.63,6.55,6.02,5.72,6.09
"chr22",40410281,40636719,226439,"-","ENSG00000196588","ENST00000407029","MKL1",10.68,10.81,10.49,5.71,5.36,5.62,5.81,5.63,6.06,5.28,5.97,5.52,6.07,5.43,5.37,5.49,5.29,5.38,4.52,5.72,5.81,5.31,5.57,5.41,5.3,5.71,5.51,5.6,5.29,5.36,5.3,4.46,4.9,4.69,5.02,4.97,5.36,4.52,5.6,4.1,5.53,5.36,5.36,5.58,5.51,5.54,5.91,5.88,5.31,5.67,5.5,9.37,8.66,10.37,5.88,5.86,5.19,5.05,5.11,4.94,5.74,5.62,5.77,4.98,5.22,4.83,5.12,4.9,6.37,5.53,5.38,4.2,5.3,5.41,5.58,5.61,4.77,5.54,4.95,5.47,5.08,5.56,5.37,5.42,4.88,4.98,4.59,5.05,5.02,5.37,4.69,5.33,5.06,5.26,5.62,4.76,5.37,5.56,5.23,4.95,5.31,5.09,5.16,5.6,5.55,4.62,4.85,5.03,4.84,5.52,4.89,5.1,5.45,4.49,5.52,5.64,5.73,5.92,6.01,5.25,5.38
"chr22",38468078,38483447,15370,"+","ENSG00000100196","ENST00000409006","KDELR3",7.94,7.73,7.19,7.66,6.57,7.46,6.48,6.82,7.73,6.45,7.28,6.85,7.16,6.35,5.94,6.47,7.54,7.13,6.58,7.06,7.34,7.23,7.1,8.13,6.26,7.18,7.75,7.05,7.06,7.21,5.85,6.32,6,5.84,6.93,6.54,6.92,6.05,6.52,7.29,6.28,7.03,6.78,7.36,7.14,6.76,5.07,5.51,4.84,5.12,6.11,8.11,8.39,9.75,7.47,7.84,8.3,6.98,7.55,7.42,8.66,8.18,8.53,7.62,7.51,8.83,7.61,7.81,8.77,7.9,7.81,7.61,7.73,7.02,8.22,7.58,7.94,8.26,7.13,6.8,6.66,7.75,7.64,7.23,7.83,8.6,7.54,7.12,6.95,8.02,7.45,7.81,7.06,6.74,7.13,8.04,8.53,7.81,7.91,6.68,6.98,7.74,7.97,8.49,6.49,6.47,6.97,6.88,7.42,7.09,6.96,6.86,7.08,7.1,7.74,7.67,5.26,5.12,4.6,6.71,6.54
"chr11",2163929,2171877,7949,"-","ENSG00000180176","ENST00000416223","TH",5.71,4.73,6.89,2.66,0,3.22,1.26,2.58,3,2.85,1,-0.74,3.73,3.39,1.07,2.89,4.06,1.14,0,1.81,0.38,3.32,3.51,0.85,1.32,4.46,1.2,-0.15,2.26,-1.74,4.2,3.88,3.88,1.93,3.66,4.56,0.68,3.7,4.7,4.19,3.15,0.58,5.07,1.49,4.19,4.31,4.08,3.96,3.87,3.8,3.94,5.22,6.34,6.92,-0.32,3.68,4.36,5.06,4.36,4.04,5.2,5.48,4.58,4.83,4.85,3.86,4.29,3.62,3.56,-0.32,4.17,3.12,0.85,3.04,0.77,3.42,5.7,4.89,-0.51,2.35,2.7,2.68,0.38,3.38,2.74,2.46,1.14,6.34,6.46,6.05,1.49,1.32,4.42,-0.51,3.62,2.32,5.23,2.87,3.26,2.41,1.43,1.07,0.49,1.14,4.07,3.87,3.12,0.14,3.17,5.55,4.63,3.8,3.04,3.15,5.6,5.14,4.27,4.11,4.04,4.22,4.2
"chr17",81528396,81537130,8735,"+","ENSG00000186765","ENST00000417245","FSCN2",4.55,5.1,4.25,2.43,2.26,0.77,1.68,3.31,1.32,4.24,4.06,0.38,1.43,3.15,2.68,2.98,1.07,2.81,1.2,1.96,3.96,2,0.58,0.93,2.43,1.81,3.71,1.58,2.61,0.77,0.68,2.91,0.26,-1.32,3.75,1.38,3.46,0.14,3.29,-0.51,2.61,0.77,0.93,1.2,0,-1,4.15,4.01,3.95,3.88,3.94,4.26,4.05,7.98,-0.15,3.54,3.88,4.19,3.77,0.93,-0.15,2.14,2.72,3.32,3.31,1.32,3.57,3.98,3.04,-0.32,3.07,-0.15,2.04,3.56,3.32,1.38,3.86,3.1,2.41,1.85,1.2,4.65,2.83,3.43,0.58,1.68,0.38,3.25,3.19,3.14,1.14,4.53,4.22,4.5,2.29,2.87,2.54,3.9,3.94,2,0.85,3.25,2.26,3.26,-0.74,1,-1.74,1.07,0.38,1.93,-0.15,1.68,1.2,1.63,0,1.63,3.98,4.1,4.04,3.98,3.99
"chr22",39901082,39973721,72640,"+","ENSG00000100351","ENST00000420971","GRAP2",3.22,4.04,3.76,1.32,1.77,1.93,1.07,1.49,2.26,0.38,1.14,1.38,3.49,3.28,0.49,3.75,3.9,1.85,1.32,1.72,2.17,1.26,2.94,2.54,3.56,1.93,4.33,2.51,2,1.81,0.85,1.26,3.73,1.2,2,2.85,1,3.92,1.72,0.85,1.26,2.29,2.61,1.38,2.41,2.17,6.08,5.17,5.07,5.01,4.65,2.96,3.43,3.95,1.38,3.71,1.32,0.26,0.93,1.96,0.77,2.14,0.85,1.2,1.2,2.35,1.58,1.07,0.38,0.49,1.2,0.68,3.51,1.07,2.35,0.58,0.68,2.07,0.49,3.62,3.64,1,1.26,1.43,1.49,3.02,1.49,0.85,1,2.2,1.14,1.96,0.38,0.38,2.23,1.49,1.26,0.93,1.43,1,1,2.51,1.14,0.68,3.57,2.68,0.49,1.85,2.7,1.89,2.51,3.39,2.43,1.81,2.46,2.2,5.68,5.44,5.04,4.64,4.74
"chr22",37675636,37679802,4167,"+","ENSG00000100097","ENST00000425542","LGALS1",17.09,17.15,17.11,12.91,13.12,12.79,13.09,13.35,13.43,12.85,13.09,12.98,13.3,12.97,12.64,12.93,13,13.19,12.42,13.08,13.25,12.8,13.08,12.82,12.46,13.55,13.42,13.55,13.01,13.12,12.06,12.08,12.18,11.45,12.12,11.56,12.4,11.92,12.68,12.11,12.11,12.08,12.99,12.64,12.09,12.09,10.83,11.92,11.28,12.26,12.23,16.18,16.78,16.63,13.12,13.4,13.21,12.58,12.99,13.56,13.06,13.1,13.29,12.93,12.79,13.25,12.78,13.18,12.74,13.25,12.64,12.82,12.82,12.75,13.02,13.25,13.11,13.17,12.14,13.01,13.11,12.95,12.84,12.99,13.13,12.61,12.81,13.19,13.14,13.7,12.66,13.07,13.07,12.78,13.1,12.9,13.24,13.34,13.67,12.49,13.12,12.9,12.61,13.04,12.74,11.91,12.1,13.19,12.54,12.36,13.3,12.79,12.46,12.37,12.87,13.22,11.5,11.65,11.07,12.23,12.37
"chr22",38518948,38570204,51257,"-","ENSG00000100206","ENST00000428462","DMC1",3.39,4.1,4.32,3.07,3.35,3.72,3.38,2.41,4.51,3.22,3.83,3.78,3.47,3.43,3.63,3.1,3.87,3.03,4.1,3.88,3.37,4.44,4.46,5.25,4.21,3.49,3.47,3.85,3.08,2.94,5.18,4.82,5.15,5.63,6.22,5.35,5.1,5.01,4.63,4.47,3.9,5.61,4.71,4.2,5.13,4.65,4.33,3.78,3.77,3.66,3.72,3.73,3.53,5.33,3.52,3.91,3.47,2.96,3.61,3.8,3.64,3.57,3.69,3.59,3.6,5.06,3.49,4.21,2.85,3.13,3.05,3.68,3.36,3.02,3.32,3.71,3.12,3.39,3.36,4.21,3.81,3.49,3.49,3.97,2.41,3.9,4.97,3.21,3.49,4.77,4.63,4.91,3.26,2.7,4.24,3.17,4.07,3.64,3.73,3.17,4.02,1.68,3.14,3.44,4.71,4.79,4.31,5.31,4.19,5.4,5.2,4.43,4.87,5.24,4.81,5.31,4.14,3.97,3.78,3.66,3.67
"chr17",82047902,82051831,3930,"-","ENSG00000169733","ENST00000429557","RFNG",8.78,9.56,10.13,7.06,7.14,7.08,6.96,7.51,7.4,7.43,7.82,6.41,7.5,7.44,7.17,7.48,7.04,7.17,6.75,7.7,7.35,6.44,6.19,6.35,6.52,7.17,7.37,6.92,7.73,6.96,6.67,5.81,6.58,6.35,6.7,6.67,7.03,6.42,6.63,5.76,5.74,6.88,6.84,6.96,6.64,6.22,6.29,6.38,6.24,6.55,6.55,8.51,10.01,10.81,7.55,7.53,7.18,7.44,7.12,7.68,7.18,7.1,7.14,7.07,7.47,5.68,7.24,6.88,7.57,6.03,6.86,7.24,7.39,7.56,6.64,7.08,7.36,7.47,7.03,7.64,7.22,7.32,6.95,7.13,7.4,6.57,6.4,7.47,7.34,7.55,6.07,6.48,7.57,7.13,7.05,7.2,7.05,7.46,7.45,7.07,7.14,7.31,7.81,8.16,5.98,5.94,6.18,5.82,6.35,6.8,6.66,7.06,6.7,6.69,6.79,7.08,6.9,6.17,6.39,6.33,6.31
"chr11",560404,564025,3622,"+","ENSG00000099849","ENST00000431809","RASSF7",7.15,6.71,8.33,4.88,6.02,5.56,6.2,6.05,6.33,5.75,6.57,6.16,6.1,6.53,6.13,6.4,6.47,5.77,5.86,6.22,6.85,6,6.44,5.97,5.75,5.7,5.56,5.96,5.97,5.7,6.65,6.02,5.55,6.34,6.49,6.83,6.26,6.35,6.24,6.76,6.17,6.99,6.88,5.87,6.89,6.61,7.95,6.83,6.84,6.54,6.81,7.29,6.54,8.42,6.34,5.88,5.92,6.94,6.08,5.87,6.05,6.13,6.12,6.65,6.86,5.79,6.36,5.65,6.18,5.26,6.16,6.22,6.19,5.79,5.85,5.59,5.89,5.89,5.59,5.92,6.33,6.09,5.77,6.32,5.49,6.15,6.21,6.36,5.88,6.6,6.43,6.47,5.82,6.18,5.51,5.61,6.23,6.11,6.14,6.42,5.77,5.61,7.4,6.61,5.81,5.66,6.4,6.44,6.12,6.59,6.55,6.33,6.99,6.75,6.95,7.13,7.69,7.27,6.74,6.63,6.62
"chr22",38483438,38507660,24223,"-","ENSG00000100201","ENST00000432525","DDX17",9.87,11.3,11.14,9.91,10.27,10.08,10.27,10.23,10.22,10.16,10.07,10.58,10.15,10.23,10.21,10.31,10.24,10.12,10.22,10.07,10.31,10.35,10.56,9.82,10.15,10.31,10.25,10.5,10.15,10.05,9.69,9.39,9.65,9.88,9.96,9.45,8.93,9.13,9.32,9.69,9.54,10.38,10,9.6,9.58,9.63,9.05,9.8,9.81,9.33,9.93,10.49,11.62,12.48,10.21,10.35,10.07,10.05,10.13,10.44,9.8,9.58,10.09,10.27,10.06,10.47,10.15,10.05,9.95,10.53,10.05,9.71,9.98,9.95,9.9,10.04,9.92,9.55,9.54,10.27,10.26,9.92,9.89,10.12,10.12,9.95,10.24,10.32,10.18,10.54,10.23,10.3,10.12,10.04,10.34,10.15,10.08,10.42,10.56,10.06,10.15,10.07,10.01,9.91,9.51,9.6,9.27,9.82,9.23,9.11,9.77,9.7,9.61,9.76,9.73,9.77,9.91,9.91,10.21,9.22,9.18
"chr11",2140501,2148666,8166,"+","ENSG00000099869","ENST00000445504","IGF2-AS",6.29,7.79,7.74,2.07,2.46,2.17,2.04,2.89,4.47,2.29,0.68,1.58,1.72,1.38,2.07,2.32,2.29,2.2,2.07,3.23,2.07,2.81,2,2.26,1.07,3.6,2.1,1.2,3.39,2.51,1,1.93,1.2,2.85,2.04,2.32,1.49,3.12,2.26,3.46,2.2,1.49,2.93,3.23,1.38,2.98,6.44,5.31,5.51,4.94,5.09,9.83,9.54,10.05,2.07,2.17,4.39,2.56,0.93,2.2,2.96,4.1,4.01,4.6,4.43,2.7,4.75,1.54,2.04,4.34,3.96,3.81,2.14,1.93,2.17,2.32,2.46,2.07,1.43,1.32,2.68,1.38,1.85,3.57,3.52,2,1.85,2.07,1.43,2.94,2.58,2.77,2.23,1.85,2.63,4.48,3.81,2.23,2.74,0.77,2.14,2.04,2.54,2.77,2.2,0.68,1.26,3,1,1.77,2.74,2.96,2.23,2.41,3.1,3.41,6.3,6.31,5.2,5.25,5.12
"chr12",66116555,66130750,14196,"-","ENSG00000139233","ENST00000446587","LLPH",9.84,10.85,9.82,6.87,6.92,6.83,6.67,6.91,6.52,6.78,6.75,6.93,6.89,6.73,6.97,6.76,6.61,6.42,6.77,6.91,6.68,6.75,6.5,6.67,7.11,6.83,6.73,6.54,6.81,6.77,3.95,3.95,4.39,4.92,5.24,4.03,3.32,3.89,4.19,2.68,3.26,5.46,5.21,4.56,4.87,4.34,5.51,4.33,4.44,4.31,4.41,9.43,9.39,10.42,6.49,6.39,6.59,6.26,6.37,6.48,6.7,6.68,6.75,6.56,6.73,6.75,6.79,6.56,6.85,7.18,6.52,7.23,6.61,6.6,6.89,6.55,6.33,6.58,6.3,6.12,5.86,6.85,6.83,6.52,6.63,6.28,6.91,6.45,6.45,5.86,6.82,6.61,7.03,6.79,6.56,6.72,6.51,6.53,6.6,6.53,6.9,6.96,6.48,6.95,4.64,3.69,3.58,4.49,4.19,3.77,3.94,4.37,3.92,4,5.08,4.52,5.04,4.77,4.55,4.22,4.25
"chr11",2400488,2403878,3391,"+","ENSG00000184281","ENST00000451491","TSSC4",11.01,10.71,10.82,6.53,6.21,5.75,6.47,7.23,5.88,7.07,7.6,4.14,7.3,7.15,6.84,6.68,6.21,6.31,6.6,6.72,6.8,5.64,3.14,5.33,5.55,6.91,6.41,6.73,7.37,7.09,6.66,5.33,6.13,5.77,5.45,6.28,6.45,5.17,5.93,5.56,5.49,5.94,6.56,6.62,6.17,6.18,6.15,5.94,5.86,6,6.02,11.32,10.17,11.28,6.82,6.57,6.71,7.18,6.94,7.11,6.99,6.85,6.76,7.22,7.09,3.96,7.23,7.52,8.15,5.66,6.56,6.96,7.56,7.08,5.98,7.32,7.07,7.38,6.53,7.71,6.88,6.99,6.62,6.85,7.45,5.59,6.05,6.86,6.51,6.86,5.5,3.7,6.72,6.17,6.84,7.83,6.65,6.66,7.07,6.64,6.65,6.49,7.15,7.33,5.79,6.41,5.77,5.07,6.21,6.66,2.96,6.48,5.85,6.52,6.26,6.38,6.16,6.28,6.81,5.88,6.03
"chr22",37282027,37315341,33315,"+","ENSG00000100055","ENST00000462927","CYTH4",7.86,8.11,5.94,5.06,5.34,4.81,5.33,5.01,6.1,5.08,5.38,4.47,5.2,5.49,4.71,5.27,5.01,5.03,4.66,5.58,5.33,4.93,4.52,4.99,4.78,5.34,5.48,5.6,4.78,4.98,5.25,5.72,5.82,6.16,5.09,5.41,5.83,5.73,5.75,4.9,5.24,5.86,5.83,5.52,6.19,6.16,6.65,5.7,5.45,5.53,4.96,7.83,5.71,7.08,4.93,4.87,5.1,4.5,4.91,5.29,4.86,5.16,4.62,5.12,5.01,5.12,5.13,5.1,4.94,5.07,5.19,4.65,5.17,5.16,5.02,5.49,4.9,5.48,4.86,5.15,5.13,5.26,4.86,4.84,5.24,5.24,5.23,4.68,4.79,4.65,5.02,5.45,4.94,4.95,4.98,4.88,4.75,4.93,5.68,4.25,5.01,5.63,5.1,6.21,5.88,5.09,5.65,5.37,5.8,5.92,5.96,6.33,6.21,5.53,6.21,6.05,5.89,5.87,5.49,5.26,5.4
"chr11",2376177,2397419,21243,"+","ENSG00000110651","ENST00000468153","CD81",15.66,4.92,15.71,12.4,12.31,12.34,12.42,12.58,12.43,12.4,12.84,12.22,12.72,12.41,12.25,12.44,12.31,12.32,11.92,12.54,12.51,12.33,12.21,12.38,12.15,12.52,12.3,12.35,12.34,12.31,11.48,10.83,11.42,10.98,11.06,11.1,11.66,11.18,11.62,10.9,11.16,11.67,11.78,11.93,11.64,11.79,10.44,11.33,11.69,11.31,11.13,16.14,15.51,3.14,12.48,12.56,12.4,12.14,12.15,12.27,12.42,12.28,12.47,12.5,12.42,11.79,11.94,12.53,12.49,12.24,12.02,12.54,12.42,12.25,12.37,12.62,12.39,12.56,11.71,12.53,12.68,12.31,12.41,12.35,12.28,12.17,12.2,12.4,12.3,12.42,12.34,12.04,12.15,12.26,12.17,12.4,12.33,12.29,12.28,12.04,12.4,12.21,12.42,12.55,11.68,11.16,11.15,11.51,11.51,11.51,12.11,11.69,11.47,11.5,11.56,11.71,11.27,10.85,11.02,11.06,11.19
"chr22",37681673,37693476,11804,"+","ENSG00000273899","ENST00000468597","NOL12",8.01,7.8,6.6,5.91,5.72,5.62,5.82,6.29,6,5.93,6.53,5.52,6.23,6.53,6.06,5.95,6.38,5.71,5.57,5.93,6.06,4.93,5.25,5.34,4.86,5.18,5.69,5.67,6.75,6.23,3.63,4.16,4.7,3.33,4,4.9,4.13,1.49,4.57,4.74,4.1,4.05,5.62,5.48,4.81,4.4,6.05,5.53,5.29,5.21,5.37,6.97,5.97,8.2,6.02,5.61,6.44,6.27,5.95,6.05,6,5.01,5.56,5.79,5.94,5.11,6.2,5.94,6.38,5.47,5.92,5.05,6.06,6.24,5.86,5.39,5.73,5.32,4.89,5.31,5.8,4.73,5.72,6.07,6.13,5.72,5.15,5.61,6.36,6.4,4,4.78,5.98,6.03,5.23,6.21,5.71,6.24,5.47,5.95,5.99,5.9,5.56,6.11,3.57,4.64,3.78,2.82,3.61,4.37,4.85,5.15,4.39,4.58,5.32,5.24,5.57,5.93,5.66,5.14,5.36
"chr22",40370591,40410289,39699,"+","ENSG00000100359","ENST00000470518","SGSM3",10.82,10.54,10.4,6.56,6.75,6.34,6.54,7.04,6.86,6.35,6.88,6.08,6.75,6.63,6.69,6.04,6.75,6.65,6.11,6.57,6.84,6.26,6.31,6.04,6.05,6.6,6.24,6.68,6.91,6.4,6.36,5.33,6.05,5.73,6.45,6.23,5.79,5.34,6.1,5.88,5.75,6.28,6.58,6.35,6.28,6.51,5.93,5.7,5.8,6.05,6.1,10.27,9.68,11.09,6.46,6.62,6.62,6.95,6.71,6.79,6.99,6.73,6.82,6.75,6.7,6.42,7.33,6.76,7.3,6.27,6.22,5.93,6.89,6.96,6.23,6.65,6.39,6.44,6.16,6.43,6.78,6.5,6.28,6.59,6.59,6.12,6.42,6.73,6.99,7.11,6.33,6.56,6.52,6.5,6.66,6.5,6.96,6.68,6.75,6.5,6.32,6.87,6.69,6.7,6.77,5.7,5.94,5.78,5.99,6.42,6.23,6.61,6.02,6.16,6.59,6.53,5.97,6.07,6.24,6.12,6.22
"chr17",82519713,82644662,124950,"+","ENSG00000141568","ENST00000473637","FOXK2",10.32,9.33,9.24,6.07,5.98,6.13,6.32,5.93,6.42,5.83,6.31,6.25,6.21,5.89,6.27,5.83,6.12,6.32,6.29,6.4,6.29,5.97,6.22,6.06,5.86,6.02,6.09,6.2,5.44,6.35,7.1,6.6,6.65,6.27,6.93,6.96,6.64,6.35,6.79,6.19,6.73,6.61,7.19,7.66,6.83,6.57,6.19,7.05,6.82,6.54,6.86,10.58,8.64,9.99,6.01,6.11,6.11,5.94,5.97,6.49,6.32,6.26,6.22,6.31,6.31,6.4,6.19,6.12,5.91,6.01,5.75,6.36,6.09,5.85,6.17,5.85,5.88,5.84,5.97,6.32,6.34,6.27,6.1,5.93,6.14,6.22,6.18,5.79,5.77,6.29,6.09,6.45,5.72,5.55,6.31,5.95,6.22,5.96,6.2,5.71,5.92,6.46,6.14,5.87,7.15,6.53,6.71,5.9,6.67,6.78,6.42,7.23,6.99,6.91,7.04,7.04,6.6,6.66,7.28,6.6,7.03
"chr11",289135,296107,6973,"+","ENSG00000142102","ENST00000474221","ATHL1",6.21,7.6,7.73,6.02,6.15,6,6.22,7.1,7.27,6.39,5.14,4.69,4.71,5.21,4.24,5.45,5.39,5.06,6.56,5.94,6.48,4.87,5.82,5.01,5.29,6.22,4.89,6.26,5.78,5.25,5.24,3.81,4.62,4.11,5.94,6.24,5.24,4.03,4.99,5.59,5.86,6.48,6.15,5.66,5.57,5.2,6.37,5.35,4.92,4.87,5.46,6.48,5.97,9.19,5.68,6.8,6.21,5.78,6.35,5.83,6.1,5.81,5.74,6.87,6.67,5.9,5.89,5.27,5.25,4.49,4.49,3.75,4.89,5.22,3.77,5.3,4.86,5.31,4.04,5.54,3.74,5.26,4.5,6.02,6.52,5.73,4.87,5.33,6.01,5.95,5.12,5.72,6.34,5.82,5.47,5.95,6.24,5.36,5.92,5.49,5.33,4.9,4.49,5.76,5.2,3.66,4.79,2.77,5.56,5.41,4.84,1.93,5.14,1.54,5.45,5.67,5.51,5.72,4.82,4.64,4.94
"chr22",37848868,37889407,40540,"+","ENSG00000100129","ENST00000477256","EIF3L",14.12,14.11,13.49,11.67,12.23,11.94,12.35,12.19,12.08,12.31,12.29,11.87,12.55,12.76,12.12,12.56,12.3,12.28,12.29,12.18,12.3,11.6,12.1,11.37,12.04,12.4,12.32,12.72,12.32,12.23,11.5,10.9,11.03,10.82,11.03,11.02,10.74,10.66,10.88,11.13,10.61,11.11,10.96,10.69,10.73,10.77,9.88,10.9,10.47,11.09,11.43,13.98,14.41,14.08,12.42,12.29,12.16,12.28,12.32,12.43,12.11,12.14,12.28,12.1,12.19,11.5,12.22,12.45,12.01,12,12.08,11.66,12.15,12.46,12.07,12.72,12.5,12.44,11.9,12.36,12.48,12,12.05,12.28,12.28,11.77,11.92,12.6,12.37,12.63,11.81,11.95,12.35,12.2,12.52,12.34,12.04,12.35,12.66,12.13,12.37,11.67,12.2,12.25,10.76,11.2,10.62,10.19,10.11,10.59,10.1,10.53,11.26,11.67,10.85,11.22,11.44,11.09,11.24,11.43,11.45
"chr22",39077067,39087743,10677,"+","ENSG00000239713","ENST00000480000","APOBEC3G",8.96,4.35,7.95,5.52,6.3,5.03,6.12,5.59,5.8,6.06,5.21,5.19,5.69,5.98,5.63,5.51,5.56,5.62,5.99,5.42,5.98,5.91,5.38,5.46,5.76,5.55,6.07,6.16,5.85,5.28,4.52,4.12,4.24,4.49,3.96,4.42,2.94,4.31,4.21,4.12,4.52,4.77,4.18,3.97,5.28,5.01,5.6,4.88,5.37,5.55,5.43,7.69,5.08,4.99,5.56,5.09,5.27,5.83,6.13,6.41,5.02,5.02,5.27,4.78,5.02,5.76,4.66,5.49,4.87,5.05,5.94,4.94,5.55,5.3,4.97,5.72,5.29,5.32,5.07,5.38,5.82,5.01,4.87,4.99,5.37,6,5.61,4.69,4.97,4.44,5.76,6.4,5.15,5.33,5.25,5.66,4.84,5.83,6.06,5.71,6.03,5.42,7.32,5.82,4.05,4.17,4.31,3.73,3.77,4.22,5.1,3.53,5.05,5.64,3.04,4.51,5.13,5.62,5.05,4.94,5.19
"chr22",40346500,40390463,43964,"+","ENSG00000239900","ENST00000480775","ADSL",9.84,10.98,9.07,8.54,8.58,8.2,8.47,8.65,8.6,8.65,8.91,8.38,8.64,9.05,8.42,8.6,8.64,8.72,8.81,8.66,8.52,8.37,8.48,8.58,8.52,8.45,8.59,8.31,8.74,8.66,7.65,7.82,7.65,8.13,7.59,7.73,7.81,7.81,7.74,7.86,7.49,7.92,8.02,7.71,7.94,7.74,6.83,7.71,7.64,8.52,8.7,10.25,11.03,11.82,8.59,8.62,8.76,9.09,9.43,9.09,8.86,8.94,9.05,8.77,8.83,8.63,8.91,9.12,8.92,8.58,8.81,8.24,8.46,8.81,9.02,8.74,9.21,8.76,8.68,8.86,8.97,8.47,8.62,8.79,8.94,8.73,8.81,9.01,9.2,8.66,8.68,8.98,8.82,8.71,8.85,8.76,8.74,8.69,8.99,8.74,8.6,8.84,9.27,9.16,7.78,8.3,8.23,7.85,7.77,7.75,8.01,8.09,8.34,8.49,8.12,8.15,7.79,8.03,8.34,8.95,9.24
"chr22",39312882,39320389,7508,"-","ENSG00000100316","ENST00000481985","RPL3",16.9,16.41,16.24,12.84,13.18,12.92,13.21,13.33,13.18,12.95,13.03,13.08,13.17,13.14,12.94,12.97,13.25,13.23,13.04,13.04,13.36,12.92,13.38,12.45,12.83,13.55,13.4,13.68,13.12,13.18,12.61,12.3,12.65,12.46,12.39,12.54,12.32,12.08,12.43,12.52,12.33,12.8,12.93,12.68,12.65,12.48,12.81,12.78,12.31,12.67,12.94,16.96,16.59,16.74,12.98,13.13,13.14,12.78,12.93,13.55,12.95,12.93,13.06,12.98,12.87,13.13,12.99,13.15,12.58,13.27,12.71,12.88,12.89,12.95,12.92,13.24,13.14,13.1,12.27,12.83,13.02,12.77,12.76,12.92,13.14,12.61,13.03,13.32,13.34,13.81,12.8,13.46,13.09,12.87,13.36,12.93,12.99,13.25,13.69,12.66,13.23,12.86,12.76,12.8,12.79,12.62,12.15,13.95,12.25,12.86,13.76,12.67,12.75,12.94,12.39,12.76,13.14,13.26,12.72,12.91,13
"chr22",38778508,38794198,15691,"-","ENSG00000100246","ENST00000486019","DNAL4",7.43,7.2,6.8,5.79,5.86,5.24,5.77,5.82,6.06,6.42,5.8,6,5.97,6.29,5.9,6.18,6.43,6.13,6.24,5.83,6.05,5.87,4.38,3.79,5.15,6.14,5.7,5.4,6.1,5.77,4.36,4.52,4.75,4.29,5.33,5.08,4.56,4.03,4.29,5.64,4.82,5.5,5.68,5.33,4.88,5.38,5.58,5.63,5.9,5.89,6.61,7.89,7.72,8.56,5.84,5.99,6.01,6.44,5.95,6.1,5.9,6.3,6.4,6.09,5.9,3.84,6.22,6.38,6.13,5.1,6.39,5.06,6.37,6.02,6.08,6.22,6.04,5.75,5.96,6.34,6.4,6.3,6.06,6,6.33,3,6.04,6.03,6.52,5.54,5.54,6.68,6.29,6.12,6.26,5.65,5.27,5.86,6.2,6.36,6.01,6.19,5.65,5.66,4.88,4.83,3.57,5.3,4.83,4.57,4.78,5.64,5.79,5.25,5.55,5.4,6.09,5.95,6.82,6,6.04
"chr11",695428,705028,9601,"+","ENSG00000177042","ENST00000492023","TMEM80",11.07,11.2,10.91,7.36,7.19,6.81,7.28,7.01,7.03,6.74,7.34,6.86,7.14,7.36,7.04,7.12,6.95,7.18,7.23,7.29,7.35,6.54,6.64,6.82,6.42,7.3,7.46,7.02,7.15,6.85,6.03,5.79,5.55,5.45,5.66,6.12,5.68,5.52,5.86,5.55,5.18,5.85,6.71,6.83,6.39,6.3,5.7,5.94,6.22,6.24,6.28,10.54,11.23,11.55,7.23,7.16,7.26,7.28,7.27,7.21,6.64,6.61,6.68,6.97,6.89,6.43,6.45,6.67,7.27,6.63,6.73,7.02,7.03,6.97,6.58,7.1,6.91,6.65,6.52,6.94,6.95,6.9,7.06,7,6.92,6.82,6.38,7.11,7.18,7.18,6.48,6.55,6.85,6.8,7.21,6.87,6.41,7.31,7.19,6.83,6.84,6.67,6.86,6.75,5.19,6.04,5.22,3.44,5.1,4.68,4.77,5.69,6.17,5.85,6.08,5.78,5.86,5.84,6.25,6.21,6.15
"chr22",37952607,38041915,89309,"+","ENSG00000100142","ENST00000492213","POLR2F",12.45,12.32,12.4,7.68,7.78,7.93,7.66,7.56,7.52,7.78,7.44,7.43,7.65,7.44,8.05,7.58,8.28,7.7,7.84,7.31,7.85,7.2,6.93,6.81,7,7.82,8.02,7.98,7.85,7.43,6.88,6.71,7.42,7.38,6.97,7.42,7.2,7.19,7.19,7.41,6.9,6.54,7.09,7.11,6.59,6.85,6.71,6.56,6.58,7.04,7.33,12.3,12.34,13.08,7.01,7.25,8.46,8.1,8.03,7.93,7.93,7.47,7.37,7.62,7.9,7.1,7.36,7.31,7.63,6.9,8,7.37,7.09,7.3,8.22,7.86,7.4,6.7,7.65,6.87,7.44,7.38,7.68,7.45,7.56,7.22,7.67,7.37,7.47,8.27,7.04,7.59,7.18,7.93,7.61,7.85,7.63,7.95,8.19,7.22,8.12,7.82,7.55,7.7,7.26,7.7,6.92,6.95,6.95,7.2,6.89,7.78,7.2,7.44,7.41,7.51,6.98,6.87,7.19,7.13,7.27
"chr22",38681957,38685421,3465,"+","ENSG00000100216","ENST00000492561","TOMM22",11.38,11.33,10.05,7.52,6.92,7.32,7.08,7.31,6.73,7.12,7.63,6.73,7.49,7.39,7.51,7.32,7.62,7.77,7.35,7.52,7.06,7.12,6.92,7.11,6.74,6.99,7.24,6.89,7.28,7.65,6.14,6.42,6.39,6.29,5.84,6.15,5.55,6.34,6.34,6.39,7.01,6.77,7.32,6.43,7.19,7.05,5.69,5.32,5.66,5.52,5.71,11.2,10.95,11.4,7.22,7.38,7.81,7.86,7.15,7.34,7.57,7.34,7.35,7.37,7.76,6.86,7.81,7.84,7.82,6.99,7.16,6.95,7.97,7.76,8.01,7.57,7.28,7.97,8.04,7.41,8.44,7.84,7.63,7.5,7.59,7.05,7.08,7.48,7.57,7.42,7.41,6.97,7.63,7.62,7.3,7.86,7.44,7.18,7.28,7.17,7.87,7.5,8.35,7.67,5.84,5.43,6.88,5.98,5.95,6.56,6.13,7.16,6.97,7.31,6.83,5.4,5.36,5.54,5.45,5.77,5.35
"chr11",1752755,1764573,11819,"-","ENSG00000117984","ENST00000497544","CTSD",9.86,8.82,8.29,7.33,7.24,6.96,7.45,7.44,6.9,7.73,7.78,5.64,7.36,7.58,7.37,7.56,6.73,7.24,6.99,7.68,6.99,6.27,5.12,6.7,6.02,7.35,7.17,7.11,7.29,7.25,7.33,5.77,6.16,6.34,6.3,6.66,7.41,7.02,6.64,6.08,6.2,6.74,6.99,7.79,7.1,7.01,6.89,6.88,6.81,7.3,6.86,9.2,7.69,9.62,7.14,7.89,6.65,7.25,6.96,7.01,7.3,7.19,7.01,7.52,7.58,4.86,7.33,7.38,7.93,6.71,7.09,6.8,8.23,8.15,6.42,7.45,7.16,8.05,6.6,7.57,7.56,7.61,7.42,7.82,7.47,6.8,5.74,7.55,7.09,7.37,5.69,6.46,7.41,7.37,7.2,7.77,7.2,7.22,7.23,6.95,6.88,7.49,7.95,8.98,7.09,5.83,6.72,6.93,7.1,7.71,7.33,7.02,6.69,6.11,7.07,7.09,6.59,6.4,7.34,6.72,6.16
"chr11",644233,706715,62483,"-","ENSG00000177030","ENST00000525904","DEAF1",11.05,10.03,10.86,5.43,5.41,6.19,6.2,6.7,6.03,6.14,6.5,5.9,6.31,6.22,6.47,5.59,6.67,6.3,6.03,6.44,6.2,5.5,5.49,5.5,5.37,6.12,6.03,5.97,6.24,5.72,5.55,5.34,6.13,5.63,5.85,6.35,6.37,6.21,5.75,5.33,5.45,6.78,6.81,7.4,6.47,6.22,5.5,5.68,5.8,5.74,6.07,10.85,9.13,8.87,5.2,6.05,5.96,6.18,5.77,6.11,6.37,6.3,6.23,6.59,6.63,5.19,6.32,6.67,6.61,5.59,6.49,6.95,6.63,6.25,6.47,6.17,5.91,5.94,6.32,6.35,6.8,5.89,6.29,6.24,5.82,5.92,5.87,5.87,6.5,6.07,5.28,5.94,6.23,6.18,6.32,6.21,6.53,6.35,5.51,6.2,6.57,6.32,6.25,6.91,6.25,6.15,5.76,6.62,6.28,7.15,6.55,6.82,6.58,6.14,6.63,6.83,6.11,5.55,5.97,5.52,6.19
"chr11",747415,765012,17598,"+","ENSG00000177156","ENST00000528070","TALDO1",13,12.27,12.81,9.49,9.39,9.11,9.25,9.51,9.71,9.47,9.98,8.95,9.91,9.75,9.32,9.65,9.73,9.4,9.19,9.34,9.58,8.81,8.32,9.04,8.89,9.22,9.4,9.37,9.86,9.49,8.25,8.11,8.55,7.96,8.04,8.21,8.76,8.19,8.42,8.17,8.09,7.82,8.89,8.43,8.06,8.09,7.46,8.91,9.34,9.4,9.52,12.66,12.53,12.85,9.6,9.32,9.71,9.35,9.81,9.61,9.72,9.47,9.66,9.25,9.41,8.95,9.7,9.75,9.61,8.35,9.39,10.03,9.35,9.82,9.87,9.94,9.74,9.63,9.19,9.97,9.44,9.28,9.25,9.42,9.67,8.85,9.21,9.58,9.55,9.58,8.85,9,9.59,9.55,9.11,9.32,9.56,9.53,9.68,9.38,9.13,9.37,9.24,9.93,8.42,8.21,8.33,8.49,10.11,9.58,10.32,8.74,8.27,8.16,8.23,8.45,8.75,8.44,9.44,9.17,9.87
"chr11",818914,825573,6660,"+","ENSG00000177666","ENST00000529255","PNPLA2",8.85,8.91,9.11,7.23,6.97,7.23,7.5,6.55,7.38,7.15,8.23,7.19,7.47,7.45,7.18,6.89,7.01,7.92,7.23,7.39,7.36,7.52,6.72,8.04,7.95,7.56,7.1,7.49,6.64,6.53,8.16,7.17,7.51,8,7.42,8.02,8.07,7.94,8.23,6.9,6.94,8.4,7.67,7.4,8.28,7.69,9.64,8.88,8.86,8.82,8.37,8.15,7.58,8.74,7.26,6.7,7.1,6.93,6.87,7.04,7.5,7.19,7,7.39,6.8,7.16,6.85,6.83,7.67,7.15,6.89,7.2,7.6,6.92,6.4,6.59,6.54,7.21,7.4,7.85,8.35,7.65,7.43,7.29,7.35,7.77,7.66,7.1,6.07,7.69,7.22,8.6,6.78,6.19,7.62,6.53,7.66,6.99,6.89,6.1,7.3,6.14,8.16,7.43,7.83,6.4,7.53,7.65,7.31,7.22,7.68,7.29,7.97,7.24,7.73,7.62,9.28,9.23,8.78,8.68,8.4
"chr11",215030,236931,21902,"-","ENSG00000142082","ENST00000529382","SIRT3",9.5,9.74,9.08,6.12,6.35,6.13,6.31,6.21,6.47,6.27,6.27,6.22,5.75,6.65,6.32,6.39,6.22,6.44,6.45,6.16,6.59,6.77,6.5,6.22,6.57,6.15,6.4,6.41,6.28,6.07,6.94,6.46,6.47,6.6,6.54,6.62,6.3,6.44,6.44,6.15,6.14,6.88,6.46,6.7,7.2,6.62,7.36,6.68,6.87,6.37,6.38,9.77,8.99,8.69,6.34,6.4,6.11,6.76,6.56,6.53,6.42,6.41,6.46,6.5,6.57,6.46,6.65,6.47,6.21,5.91,6.39,6.52,6.37,6.37,6.24,5.99,6.31,6.23,7.01,6.94,7.23,6,6.22,6.37,6.91,7.21,6.39,6.28,6.19,6.42,6.44,6.78,6.32,6.18,6.64,6.95,6.76,6.25,6.29,5.93,6.33,6.86,7.34,6.45,6.37,6.27,6.55,6.54,6.21,6.71,6.93,6.45,6.86,6.81,6.97,7.16,7.33,7.03,6.45,6.39,6.67
"chr11",694438,727727,33290,"+","ENSG00000177106","ENST00000530636","EPS8L2",8.32,7.33,6.96,4.58,4.38,4.95,5.14,4.73,5.45,4.82,4.97,4.04,5.08,4.46,4.14,4.95,4.97,3.63,3.73,4.66,4.52,3.18,4.43,4.7,3.85,4.98,4.33,5.12,4.04,4.8,5.18,4.87,4.75,4.88,5.39,4.26,5.62,5.57,3.68,5.52,5.57,6.22,4.06,2.72,5.44,5.07,6.09,5.48,5.95,5.61,5.84,7.58,4.67,5.23,4.79,4.5,5.14,4.93,5.01,5.38,4.9,4.69,4.87,4.53,4.43,3.01,2.87,4.21,4.91,4.8,3.82,4.33,4.89,4.43,5,4.84,3.19,4.2,3.93,5.34,3.62,3.49,4.24,4.3,5.21,4.36,4.08,3.69,2.89,3.2,3.69,3.04,4.21,4.39,4.99,5.17,5.04,1.87,5.15,3.72,4.17,4.92,4.74,4.82,5.09,5.15,5.52,5.22,5.52,5.8,2.61,2.72,3.05,3.34,4.43,2.98,6.27,5.7,5.46,5.25,5.08
"chr11",616565,626078,9514,"-","ENSG00000099834","ENST00000531177","CDHR5",2.67,3.15,2.56,0.55,-0.1,2.09,1.34,1.69,3.94,0.42,0.42,0.85,0.79,1.38,0.95,0.68,1.72,1.2,0.38,1.74,1.28,0.87,1.18,2.21,0.58,1.9,0.85,0.93,0.38,1.12,1.5,1.95,0.93,0.74,2.25,2.15,1.96,1.71,0.55,-0.05,0.65,1.78,2.87,2.17,1.09,0.77,5.47,4.89,4.62,4.57,4.48,2.54,2.87,5.8,1.36,0.55,1.22,0.98,1.32,0.85,1.22,1.07,1.38,0.18,0.58,1,1.2,1.02,0.49,0.95,1.07,1.68,0.42,0.68,0.55,1,0.3,0.55,-0.21,1.28,0.68,0.14,0.49,0.22,0.74,0.82,0.85,1.54,0.22,2.55,0.62,1.57,1.09,0.95,1.07,0.49,1.79,1.07,1.4,-0.05,0.82,1.42,0.58,0.93,1.55,1,0.98,1.65,1.52,2.79,1.49,1.77,1.96,1.98,2.41,2.34,5.22,5.35,4.53,4.56,4.52
"chr11",405716,417455,11740,"-","ENSG00000185187","ENST00000531205","SIGIRR",11.03,11.64,11.85,7.79,7.29,7.13,7.4,7.87,8.07,7.63,8.18,6.85,8.12,7.9,7.53,7.46,7.65,7.6,7.35,7.8,7.6,6.77,6.8,6.99,6.52,7.43,7.5,7.63,8.15,7.49,6.49,6.36,6.77,6.44,5.59,6.17,7.06,6.23,6.14,5.77,6.06,7.21,7.32,7.23,7.32,7.13,6.31,6.51,6.17,6.58,6.52,10.58,9.9,10.72,7.55,7.76,8.58,7.49,7.55,7.4,7.8,7.91,7.83,7.5,7.58,7.41,7.42,7.64,7.62,6.99,7.25,6.63,7.64,7.45,8.15,8.09,7.35,7.63,5.07,6.83,4.81,7.09,7.49,7.21,6.33,5.64,7.23,7.66,7.29,8.22,6.53,6.87,7.53,7.25,7.2,6.09,7.46,7.39,7.53,6.87,8.04,6.2,5.5,6.51,5.5,5.68,6.27,4.06,5.7,5.72,5.41,7.65,6.3,6.56,6.82,6.82,5.98,6.39,5.57,6.07,7.53
"chr11",319676,327537,7862,"-","ENSG00000142089","ENST00000531688","IFITM3",15.26,15.74,15.78,12.48,12.38,12.36,12.43,12.75,12.55,12.32,12.69,12.23,12.88,12.58,12.17,12.58,12.18,12.75,11.7,12.36,12.68,11.85,12.38,11.93,11.28,12.81,12.8,12.84,12.42,12.46,10.85,11.01,10.98,10.67,10.01,10.66,11.38,10.47,11.38,10.72,10.63,11.29,12.19,12.54,11.78,11.9,10.58,11.73,10.67,11.44,11.41,14.38,14.25,13.61,12.66,12.76,12.77,11.78,11.93,12.16,12.69,12.55,12.85,12.38,12.33,12.22,11.92,12.34,12.44,12.78,11.95,12.16,12.13,12.22,12.07,12.98,12.73,12.74,11.53,12.46,12.05,12.19,12.27,12.31,12.39,11.83,12.04,12.46,12.46,12.71,11.87,12.39,12.06,11.66,12.14,12.15,12.83,12.79,12.47,11.64,12.38,12.31,12.01,12.7,10.88,10.59,10.73,11.19,11.12,11.09,11.28,12.44,11.22,10.99,12.01,12.37,10.17,11.3,10.01,11.08,11.59
"chr11",612553,615999,3447,"-","ENSG00000185507","ENST00000532788","IRF7",9.29,9.48,9.35,6.47,5.86,6.25,6.78,7.13,6.04,6.93,7.23,5.96,7.05,7.44,6.59,7.31,6.4,6.52,5.89,6.77,6.25,5.5,5.62,5.69,5.58,6.64,6.49,6.69,6.6,5.9,5.44,5.41,5.43,5.65,6.72,6.02,5.32,5.69,6.09,5.36,5.1,5.33,6.75,5.55,6.2,5.93,5.48,5.38,5.49,5.59,5.61,9.15,8.1,9.24,6.85,6.27,6.58,6.41,5.82,6.13,6.45,6.73,6.46,6.36,6.4,5.57,6.41,6.62,7.18,5.75,6.33,5.9,6.04,6.74,5.29,7.31,6.11,6.61,6.15,7.14,6.3,6.22,6.22,6.75,6.59,5.64,5.89,6.06,6.09,6.24,5.43,6.08,6.34,6.41,6.01,6.55,6.78,6.25,6.49,5.8,6.23,5.81,6.01,6.87,5.75,5.55,5.22,4.99,5.74,6.02,4.55,5.93,4.66,4.15,5.45,4.82,5.69,5.46,5.41,5.18,5.57
"chr11",494512,507300,12789,"-","ENSG00000023191","ENST00000533592","RNH1",14.63,14.15,13.75,9.73,8.87,8.62,8.47,8.95,9.17,9.31,10,7.94,9.92,9.48,9,9.43,8.8,9.07,8.66,9.06,8.87,8.09,7.94,8.32,8.09,9.14,8.86,8.89,9.64,9.27,8.66,7.89,8.56,8.47,7.83,8.22,9.44,8.92,8.62,7.64,8.34,9.36,9.6,9.61,9.49,9.66,8.05,8.78,8.78,9.02,8.7,14,13.4,8.39,9.28,9.1,8.99,8.96,8.8,8.88,9.41,9.57,9.38,8.33,8.5,8.01,9.58,9.32,9.52,8.39,8.71,9.26,9.54,9.62,8.34,9.71,9.06,9.76,8.79,9.28,9.26,9.35,9.06,9.38,9.43,8.19,7.76,9.4,9.02,8.98,7.66,7.35,9.13,9,8.72,9.45,9.37,8.82,8.83,8.43,9.04,9.38,9.45,9.82,8.34,8.05,8.06,8.02,8.75,8.56,8.68,9.79,9.02,8.59,9.09,8.95,8.35,8.05,8.47,8.72,8.7
"chr11",236966,252984,16019,"+","ENSG00000185627","ENST00000533717","PSMD13",11.09,10.99,10.52,8.05,7.97,7.8,7.86,8.25,8.26,8.23,8.26,7.39,8.17,8.26,7.94,8.04,8.07,7.97,7.74,7.85,8.03,7.2,6.99,7.32,6.86,8,8.11,8.17,8.5,7.7,6.99,6.28,6.77,6.39,6.82,6.89,6.99,6.74,6.94,6.63,6.68,7.03,7.52,7.56,7.52,7.23,6.07,6.56,7.02,7,7.18,10.64,11.04,5.11,8.06,8.53,7.83,8.35,8.38,8.32,7.92,8.04,8.28,8.43,8.48,7.57,8.3,8.78,8.41,7.48,8.07,8.34,8.32,8.32,8.32,8.19,8.11,8.28,7.92,8.23,8.38,7.93,7.97,8.21,8.4,7,7.47,8.47,8.44,8.7,7.01,6.84,8.65,8.29,7.87,8.57,8.25,8.11,8.45,8.05,8.25,7.79,8.2,8.6,7.11,6.66,6.84,6.74,7.03,7.13,6.98,7.36,6.87,7.42,7.11,7.53,6.75,6.28,7.79,7.21,7.09
"chr17",80466834,80477843,11010,"-","ENSG00000171246","ENST00000535681","NPTX1",4.15,5.14,3,4.25,4.45,4.07,4.45,2.72,5.01,1.38,3.05,4.16,2.49,3.96,4.25,1.89,1.77,3.84,4.19,3.47,4.96,4.46,4.93,5.37,4.46,3.67,2.54,1.96,-0.15,4.05,0.68,4.09,0.68,2.04,2.81,4.09,3.67,3.19,0.49,4.36,4.94,5.59,4.68,5.11,5.36,5.17,5.25,4.87,5.28,4.92,4.98,7.52,6.6,6.9,4.6,5.22,4.24,4.6,4.1,2.91,3.82,4.89,4.87,4.15,4.92,5.31,5.29,3.82,4.45,3.58,5.33,5.03,3.69,1.38,2.87,3.99,2.07,1.89,7.03,3.2,7.32,6.31,4.02,5.36,3.34,4.66,4.43,3.46,4.23,4.49,4.66,5.6,4.55,5.13,4.64,1.81,4.65,1.93,4.31,6.37,1.43,4.53,4.49,3.67,1.93,2.96,0.38,4.53,0.26,1.54,0.49,4.57,5.35,4.79,5.16,5.5,5.02,5.36,4.78,5.2,4.94
"chr17",81911939,81921323,9385,"-","ENSG00000187531","ENST00000536038","SIRT7",9.16,8.36,7.96,6.48,6.45,6.1,6.96,6.92,6.57,7.09,7.03,6.13,6.55,6.95,6.96,6.84,6.78,6.67,7.13,7.01,7.17,6,6.15,6.62,6.04,6.38,6.58,6.64,7.17,7.39,5.89,5.69,5.99,5.63,6.72,6.37,5.97,5.78,5.63,6.1,5.93,6.48,6.74,6.22,6.74,6.6,5.94,5.5,5.62,5.85,5.53,9.09,8.13,3.14,6.73,6.47,6.59,6.79,6.97,6.8,6.65,6.69,6.78,7.11,7.34,5.95,7.38,7.13,6.69,5.71,6.84,6.45,6.97,6.68,6.44,6.59,6.49,6.46,6.6,7.04,6.75,6.9,6.61,7.2,6.78,6.91,6.3,6.58,6.58,7.15,6.16,6.51,6.88,6.83,6.55,7.08,7,6.39,6.5,6.49,6.58,6.86,7.34,7.08,6.13,5.77,5.78,5.79,5.98,6.13,5.31,6.68,6.15,6.5,6.31,6.1,5.69,5.35,5.8,5.71,5.37
"chr12",64713445,64759431,45987,"-","ENSG00000135677","ENST00000537823","GNS",7.13,7.65,8.04,9.32,8.98,9.38,9.07,8.91,8.78,9.34,9.1,9.21,9.24,9.17,9.07,9.06,8.72,8.82,9.37,9.21,8.76,9,9.09,9.36,9.69,9.17,8.87,8.98,9.13,9.31,7.45,7.57,7.51,7.19,7.18,7.17,7.78,7.52,7.44,7.26,7.66,7.77,7.52,8.12,8.15,8.19,6.18,7.6,7.5,8.38,7.68,6.55,6.12,8.5,8.97,8.83,8.87,8.38,8.62,8.65,8.94,8.39,8.7,8.93,8.87,8.41,9.19,9.13,9.17,9.93,8.76,9.02,9.08,9.06,9.19,9.1,8.98,8.99,8.78,8.03,8.11,9.04,9.09,8.97,8.61,8.68,8.72,8.83,8.8,8.71,9.1,8.98,8.98,9.34,8.96,8.68,8.71,9.1,8.63,8.4,8.97,9.24,8.96,9.68,8.76,7.69,7.13,6.9,8.28,7.62,7.7,7.73,6.82,7.1,7.2,7.2,6.7,6.52,7.42,8.13,7.6
"chr17",82752065,82945914,193850,"+","ENSG00000141556","ENST00000539345","TBCD",11.3,7.48,10.72,5.79,6,5.75,6.22,6.78,6.71,6.66,6.46,5.74,6.47,6.9,6.62,6.62,6.08,6.32,6.27,6.39,6.44,4.95,5.33,4.34,4.97,5.88,5.91,6.17,6.55,6.19,6.51,5.55,6.22,5.63,6.44,6.23,6.55,5.97,6.05,6.03,5.51,6.02,6.54,6.46,6.2,6.58,6.93,6.75,6.58,6.39,6.66,11.24,9.9,8.58,6.08,6.52,6.23,6.44,6.85,6.29,6.43,6.35,6.34,6.6,6.95,4.45,7.09,6.41,6.25,5.98,6.41,6.14,6.36,6.37,5.79,6.43,6.48,6.16,6.17,6.74,6.56,6.14,6.2,6.56,6.75,5.4,4.59,6.43,6.37,6.54,4.95,4.78,6.31,6.35,6.23,6.57,6.08,6.2,6.44,6.25,5.94,6.73,6.85,7.16,6.1,5.73,6,5.09,6.08,6.31,5.69,6.71,6.46,5.45,6.29,6.65,6.81,7.22,7.29,6.54,6.8
"chr17",82057506,82065887,8382,"-","ENSG00000169718","ENST00000542088","DUS1L",9.46,9.28,9.12,7.58,7.67,7,7.94,8.07,7.84,7.83,8.11,7.26,7.9,8.13,7.74,7.86,7.89,7.7,7.3,7.68,7.92,7.19,6.82,6.99,7.29,7.9,7.98,8.1,7.94,7.6,7.07,6.63,6.72,6.41,7.63,6.98,6.67,6.15,6.59,6.58,6.22,6.37,7.3,7,6.78,6.64,6.84,7.57,7.96,7.56,8.01,9.66,7.94,9.75,7.77,7.72,7.8,7.66,7.93,8.05,7.87,7.93,7.7,7.86,7.97,7.4,8.12,7.79,7.9,6.97,7.49,7.87,7.56,7.77,7.75,8.07,7.65,7.66,7.2,8.37,7.79,7.45,7.35,7.87,8.03,7.42,7.24,7.71,7.62,8.18,7.03,7.42,7.66,7.49,7.96,7.5,7.76,7.96,7.84,7.55,7.68,7.87,7.69,8.11,6.53,6.55,6.4,6.4,6.49,6.86,6.9,7,7.18,6.82,7.05,7.12,7.53,7.21,7.93,7.46,7.94
